uwb,zone,indicator,mean,median,n_eff_pixels,mean_obs
01101,district,lst,34.921155,34.604414,270.533333,21.356435
01102,district,lst,36.326371,36.510862,69.682353,21.000000
01103,district,lst,37.157207,37.069458,75.709804,21.917694
01104,district,lst,37.296363,37.530891,78.768627,21.812755
01105,district,lst,34.982869,34.917069,205.607843,21.392314
01106,district,lst,36.275505,37.096631,422.113725,21.140414
01107,district,lst,36.002443,36.025253,98.537255,21.468818
01108,district,lst,35.755753,36.231365,138.964706,21.958630
01109,district,lst,35.396712,35.523172,60.203922,21.970883
01110,district,lst,35.932085,35.631806,92.427451,21.543341
01111,district,lst,36.772958,36.828488,56.000000,22.152521
01112,district,lst,37.584702,37.454203,359.509804,21.481833
01113,district,lst,35.535184,35.486915,57.239216,22.000000
01114,district,lst,37.943613,37.915861,116.737255,19.817119
01115,district,lst,35.278918,35.674054,228.541176,21.897886
01116,district,lst,35.775950,35.980636,92.207843,21.287160
01117,district,lst,37.365215,37.498420,97.435294,21.598044
01118,district,lst,36.145391,36.080264,65.117647,20.613369
01119,district,lst,37.166644,37.301884,170.800000,20.995684
01120,district,lst,36.949987,37.048950,90.627451,20.006101
01121,district,lst,36.466537,37.094655,727.878431,20.818662
01122,district,lst,37.459672,37.697531,133.274510,20.127321
01123,district,lst,37.466344,37.416387,84.607843,21.747393
01124,district,lst,37.721170,38.014541,184.054902,20.583479
01125,district,lst,35.641040,35.720727,174.960784,20.128410
01126,district,lst,37.162431,37.275394,83.509804,21.969758
01127,district,lst,37.868400,38.021668,247.501961,21.617749
01128,district,lst,37.867542,37.893201,95.474510,19.119691
01129,district,lst,38.208931,38.033340,115.874510,20.363713
01130,district,lst,36.876314,36.890755,330.658824,21.527017
01131,district,lst,37.908135,37.945359,78.933333,21.379819
01132,district,lst,36.731582,36.843887,1033.549020,21.875559
01133,district,lst,36.405929,36.599481,101.811765,20.113589
01201,district,lst,36.287843,36.199248,146.090196,22.070974
01202,district,lst,37.994095,38.163721,91.870588,19.704273
01203,district,lst,38.400985,38.393941,131.043137,20.595792
01204,district,lst,37.780357,37.584809,123.043137,19.325982
01205,district,lst,37.994457,38.005141,297.113725,20.078388
01206,district,lst,37.901449,37.867356,79.250980,20.627493
01207,district,lst,36.378397,36.694615,209.082353,20.357285
01208,district,lst,36.976447,37.042643,212.043137,20.178562
01209,district,lst,35.393336,35.295506,159.960784,22.478916
01210,district,lst,36.642885,36.519157,196.309804,20.114864
01211,district,lst,37.441418,37.389849,286.247059,20.987903
01212,district,lst,36.230444,36.207263,165.294118,21.361898
01213,district,lst,36.568760,36.514990,275.137255,21.459436
01214,district,lst,36.413145,36.330818,179.094118,21.228711
01215,district,lst,34.364094,34.243440,85.866667,21.931631
01216,district,lst,35.803226,35.563821,68.921569,20.057696
01217,district,lst,37.975563,38.095500,572.027451,20.389821
01218,district,lst,38.492480,38.610365,188.945098,20.993089
01219,district,lst,39.483242,39.648266,495.498039,20.468350
01220,district,lst,36.852112,37.047769,583.435294,21.026093
01221,district,lst,35.941929,36.279505,583.031373,22.131658
01222,district,lst,34.295767,34.389731,82.886275,20.378643
01223,district,lst,37.236540,37.256896,75.764706,21.312371
01224,district,lst,36.652045,36.720614,108.705882,21.943182
01225,district,lst,35.527605,35.862504,205.501961,22.128676
01226,district,lst,36.984378,36.886221,224.835294,20.954040
01227,district,lst,36.933167,36.862668,99.435294,22.191316
01228,district,lst,36.521817,36.606317,54.027451,20.657400
01229,district,lst,36.517633,36.354522,100.847059,22.994789
01230,district,lst,35.800289,35.809918,83.603922,23.000000
01231,district,lst,36.568270,36.519695,114.066667,22.161687
01232,district,lst,34.827676,34.823668,162.984314,23.020307
01233,district,lst,36.408160,36.271351,56.039216,22.930651
01234,district,lst,37.231198,37.125856,69.917647,22.672332
01301,district,lst,37.261919,37.197926,524.380392,21.361547
01302,district,lst,38.647273,38.604149,41.145098,23.813000
01303,district,lst,38.439209,38.554317,59.533333,23.366577
01304,district,lst,35.698246,35.765921,335.768627,22.099882
01305,district,lst,37.827174,37.898015,104.372549,23.871914
01306,district,lst,36.322566,36.519525,310.890196,23.697592
01307,district,lst,36.511310,36.609735,84.992157,23.054399
01308,district,lst,38.524524,38.691309,56.050980,23.221017
01309,district,lst,35.125380,34.931385,89.909804,21.826754
01310,district,lst,35.915657,36.440543,196.329412,23.314318
01311,district,lst,37.033757,37.211306,52.784314,24.014859
01312,district,lst,37.518879,37.860730,104.458824,22.759282
01313,district,lst,35.470004,35.461280,56.568627,23.440139
01314,district,lst,34.049002,34.480735,164.192157,23.315030
01315,district,lst,36.157554,36.491813,64.172549,20.713945
01316,district,lst,35.882729,36.399526,152.980392,22.862292
01317,district,lst,32.357706,32.594492,1178.498039,21.540545
01318,district,lst,34.817618,34.989176,157.188235,23.204027
01319,district,lst,35.115311,35.300018,149.156863,21.838806
01320,district,lst,31.590334,31.265233,378.541176,23.334121
01321,district,lst,37.245378,37.149212,62.356863,22.296459
01322,district,lst,34.400976,34.620447,84.407843,22.674271
01323,district,lst,34.392777,34.740071,122.847059,24.682404
01324,district,lst,32.878113,32.970285,328.917647,24.009896
01325,district,lst,31.713230,31.654289,2131.447059,24.955464
01326,district,lst,31.648919,31.784516,1269.090196,29.254674
01327,district,lst,36.390872,36.426297,286.164706,31.027271
01328,district,lst,35.977440,36.552515,151.396078,31.404859
01329,district,lst,36.604872,36.644769,220.866667,28.848689
01330,district,lst,35.287269,35.580067,149.717647,26.268191
01331,district,lst,37.951901,37.911719,152.501961,28.293021
01332,district,lst,36.859138,36.825456,125.019608,28.211449
01401,district,lst,37.941627,38.287982,90.200000,21.371114
01402,district,lst,39.238752,39.214266,66.996078,21.000000
01403,district,lst,37.760639,37.823014,75.878431,21.090599
01404,district,lst,36.644325,37.035705,579.325490,23.114873
01405,district,lst,37.795619,37.702991,289.223529,21.791206
01406,district,lst,39.384338,39.506568,48.494118,22.000000
01407,district,lst,37.865359,38.434048,1659.231373,22.216810
01408,district,lst,37.628944,38.539502,557.631373,22.747349
01409,district,lst,38.519370,38.645247,179.796078,22.712507
01410,district,lst,39.490852,39.412511,52.470588,24.000000
01411,district,lst,38.292872,38.098282,106.054902,23.979293
01412,district,lst,38.103660,37.818496,77.094118,24.996694
01413,district,lst,38.501632,38.637274,77.200000,23.322056
01414,district,lst,36.187949,36.588212,495.368627,23.390385
01415,district,lst,35.574450,35.508563,81.031373,24.481827
01416,district,lst,38.208974,37.982070,51.086275,24.007062
01417,district,lst,39.333864,39.361241,62.207843,23.595159
01418,district,lst,39.210491,39.255282,64.007843,24.104215
01419,district,lst,39.276393,39.151164,74.258824,22.579901
01420,district,lst,37.774229,37.795334,69.843137,23.831668
01421,district,lst,42.469602,42.478475,249.698039,20.927960
01422,district,lst,38.335522,38.368306,91.768627,23.800393
01423,district,lst,38.645804,38.756251,92.678431,23.764736
01424,district,lst,38.901153,38.897063,56.592157,22.212667
01425,district,lst,38.335985,38.458081,72.705882,23.152050
01426,district,lst,38.141001,37.819867,87.215686,24.593975
01427,district,lst,37.385293,37.204470,68.607843,24.137068
01428,district,lst,37.412164,37.453237,168.341176,24.044913
01429,district,lst,37.786975,37.853894,93.658824,24.081481
01430,district,lst,38.363744,38.120500,68.294118,24.857249
01501,district,lst,37.204717,37.325750,124.380392,19.257338
01502,district,lst,37.473728,36.656756,199.239216,21.093454
01503,district,lst,34.397490,34.593103,226.643137,22.208551
01504,district,lst,33.123324,32.907305,3454.329412,16.972482
01505,district,lst,34.232522,34.018306,311.803922,21.594768
01506,district,lst,36.240710,35.791119,108.839216,21.562658
01507,district,lst,36.559206,36.702021,76.788235,19.288954
01508,district,lst,38.329120,37.886365,106.458824,22.664051
01509,district,lst,36.797328,36.930399,106.556863,18.984617
01510,district,lst,35.365543,35.292655,371.141176,21.078592
01511,district,lst,39.095960,38.864467,200.823529,21.855809
01512,district,lst,35.203702,35.046072,270.325490,20.555481
01513,district,lst,36.404456,36.281605,50.866667,20.887518
01514,district,lst,35.784960,35.897077,302.964706,21.685772
01515,district,lst,37.677583,38.168392,71.180392,20.412594
01516,district,lst,36.202230,36.336293,209.917647,23.016458
01517,district,lst,37.564088,37.600027,57.513725,21.898882
01518,district,lst,40.293571,39.660897,145.964706,20.710217
01519,district,lst,38.396831,38.431384,74.792157,19.068268
01520,district,lst,38.992814,38.838340,104.627451,21.375450
01521,district,lst,36.483309,36.173937,67.090196,19.055413
01522,district,lst,35.165954,35.149604,61.360784,19.607529
01523,district,lst,35.713831,35.896967,241.584314,21.006168
01524,district,lst,38.189649,38.179209,98.952941,20.338089
01525,district,lst,39.585450,39.576454,67.023529,20.992043
01526,district,lst,38.418114,38.642261,82.423529,21.000000
01527,district,lst,36.166292,36.176501,108.141176,20.359733
01528,district,lst,39.674105,39.785075,42.521569,21.000000
01529,district,lst,33.741620,33.281952,457.823529,22.417183
01530,district,lst,39.252738,39.286044,44.215686,21.000000
01601,district,lst,37.527697,37.646534,421.419608,20.976857
01602,district,lst,34.624916,34.702480,82.796078,20.440961
01603,district,lst,36.130453,36.396292,88.435294,20.581039
01604,district,lst,33.765323,33.926228,125.007843,20.282147
01605,district,lst,33.062405,32.873839,214.439216,19.738835
01606,district,lst,34.968480,34.806729,104.505882,19.501670
01607,district,lst,37.884289,38.306782,48.125490,21.000000
01608,district,lst,38.778258,38.802964,69.611765,21.394682
01609,district,lst,37.285093,37.578743,129.717647,21.434397
01610,district,lst,36.083168,36.132351,136.592157,22.082340
01611,district,lst,37.653274,37.736818,117.470588,21.817626
01612,district,lst,35.153893,35.183299,63.231373,21.854441
01613,district,lst,37.006990,36.976317,77.133333,21.971071
01614,district,lst,37.833558,37.522346,83.964706,23.992294
01615,district,lst,37.195721,37.306156,105.019608,23.155975
01616,district,lst,38.753299,39.230070,172.458824,23.414103
01617,district,lst,38.195629,37.746226,111.921569,22.024036
01618,district,lst,37.172677,37.224978,54.254902,22.372244
01619,district,lst,38.967672,39.048492,87.160784,23.935886
01620,district,lst,37.056298,36.949699,218.098039,20.668561
01621,district,lst,38.876082,39.282889,178.796078,24.181080
01622,district,lst,40.698915,40.762629,70.317647,24.961185
01623,district,lst,38.036530,37.825506,95.266667,22.866217
01624,district,lst,36.968311,36.851560,74.419608,23.810560
01625,district,lst,38.207779,38.272214,69.086275,21.607538
01626,district,lst,39.149406,39.349766,297.956863,24.373195
01627,district,lst,38.408682,38.339253,70.960784,21.925725
01628,district,lst,37.818355,37.713768,89.890196,22.731786
01629,district,lst,37.773558,37.268843,136.164706,22.987587
01630,district,lst,37.534972,37.423496,80.933333,24.213102
01701,district,lst,37.981361,38.356343,77.345098,21.599250
01702,district,lst,38.573156,38.708399,34.298039,21.000000
01703,district,lst,36.270495,36.232043,155.066667,22.701634
01704,district,lst,37.190077,36.991661,128.298039,21.291264
01705,district,lst,38.387525,38.457921,170.423529,23.836164
01706,district,lst,34.586813,34.599939,680.486275,23.800264
01707,district,lst,36.096784,36.336293,123.247059,21.813828
01708,district,lst,37.568089,37.476203,75.254902,21.600208
01709,district,lst,35.554545,35.413980,63.137255,23.442795
01710,district,lst,37.589057,37.664357,151.384314,22.218429
01711,district,lst,36.529805,36.479164,133.337255,22.766242
01712,district,lst,37.526469,37.666586,192.905882,21.772824
01713,district,lst,36.277268,36.252552,78.588235,22.987126
01714,district,lst,36.898179,37.256728,217.168627,23.807342
01715,district,lst,37.361545,37.392461,75.631373,22.013222
01716,district,lst,37.781394,37.694956,88.423529,21.868769
01717,district,lst,35.389914,35.498878,108.862745,21.390742
01718,district,lst,37.744906,37.725718,75.752941,21.778589
01719,district,lst,37.433586,37.528983,466.152941,21.939833
01720,district,lst,38.599031,38.706690,58.733333,22.053816
01721,district,lst,35.866160,35.967147,78.466667,22.221051
01722,district,lst,37.973709,38.449911,79.654902,22.000000
01723,district,lst,36.466918,36.178789,73.564706,21.240578
01724,district,lst,38.589097,39.091217,50.364706,22.110722
01725,district,lst,35.913926,35.710795,140.278431,22.150150
01726,district,lst,37.444894,37.952338,63.062745,22.967415
01727,district,lst,35.668765,35.720195,57.152941,21.961781
01728,district,lst,37.613411,37.421964,152.772549,22.000000
01729,district,lst,37.826885,37.861951,85.619608,22.000000
01730,district,lst,35.855382,35.734620,95.988235,21.291090
01731,district,lst,38.052958,37.985488,152.886275,22.364002
02101,district,lst,35.793653,35.468791,806.145098,29.974008
02102,district,lst,35.634009,35.779156,187.301961,28.632511
02103,district,lst,35.368102,35.578478,360.529412,29.373808
02104,district,lst,35.934219,35.830127,127.243137,30.919284
02105,district,lst,36.128785,36.102868,71.180392,31.298000
02106,district,lst,35.749816,35.832135,67.854902,30.402300
02107,district,lst,36.066900,36.207945,206.600000,27.525464
02108,district,lst,37.243248,37.395760,147.458824,26.304425
02109,district,lst,35.868126,35.563821,140.054902,27.814331
02110,district,lst,37.884955,37.458398,312.023529,23.324573
02111,district,lst,34.248347,34.106035,54.274510,27.941474
02112,district,lst,35.570435,35.567239,141.737255,24.527101
02113,district,lst,34.938693,35.083119,129.486275,26.806748
02114,district,lst,36.669597,36.345131,262.274510,27.052123
02115,district,lst,35.881612,35.818743,69.564706,24.024522
02116,district,lst,37.673619,37.734263,206.580392,21.991837
02117,district,lst,36.033089,36.014999,112.415686,23.860846
02118,district,lst,37.380394,37.200176,174.843137,25.287092
02119,district,lst,36.622800,36.553170,134.737255,26.953286
02120,district,lst,36.606674,36.459342,47.725490,28.865982
02121,district,lst,35.474336,35.488624,74.160784,30.014753
02122,district,lst,36.073679,36.462760,119.552941,28.827659
02123,district,lst,36.970169,36.990375,89.164706,25.437745
02124,district,lst,35.755428,35.885114,86.643137,23.932470
02125,district,lst,34.890481,34.544313,165.168627,25.033145
02126,district,lst,37.445646,37.354863,130.784314,30.007796
02127,district,lst,36.612667,36.849069,99.235294,26.564948
02128,district,lst,36.800407,36.932738,51.360784,24.842178
02129,district,lst,36.392662,36.278915,218.729412,21.764361
02130,district,lst,36.676289,36.525109,66.141176,22.033974
02131,district,lst,38.258546,38.005996,97.992157,21.759725
02132,district,lst,37.657431,37.756480,71.780392,23.443455
02133,district,lst,36.146140,36.775124,224.415686,23.261210
02201,district,lst,36.620887,36.493522,54.196078,27.519754
02202,district,lst,37.124152,37.086548,58.529412,27.375611
02203,district,lst,34.351448,34.272379,271.517647,27.253896
02204,district,lst,36.950168,36.862349,99.360784,28.957730
02205,district,lst,37.278055,37.293662,81.388235,30.047943
02206,district,lst,37.003798,36.900640,82.905882,30.892011
02207,district,lst,38.016522,37.961562,186.023529,30.249852
02208,district,lst,35.537317,35.506802,303.650980,30.165412
02209,district,lst,37.467713,37.433477,108.117647,32.703482
02210,district,lst,36.285900,36.423017,123.333333,26.263307
02211,district,lst,38.276038,38.483885,81.431373,28.485480
02212,district,lst,37.926873,37.847058,80.741176,29.969110
02213,district,lst,38.043318,38.098282,51.588235,32.214063
02214,district,lst,37.827588,37.906873,53.482353,31.599281
02215,district,lst,37.877346,37.959853,69.121569,32.104335
02216,district,lst,37.926013,37.908582,56.768627,32.921387
02217,district,lst,37.625640,37.647128,66.823529,31.086502
02218,district,lst,35.437279,35.095552,127.850980,29.261334
02219,district,lst,33.520592,33.672769,263.035294,30.311701
02220,district,lst,36.104368,36.084641,67.701961,30.767088
02221,district,lst,37.279078,37.146364,56.443137,30.137081
02222,district,lst,36.963850,36.828488,114.486275,31.708262
02223,district,lst,36.382995,36.327178,122.133333,32.439571
02224,district,lst,34.406998,33.645179,521.639216,31.877941
02225,district,lst,37.520478,37.467658,61.756863,31.766193
02226,district,lst,35.290538,35.043427,369.066667,31.873799
02227,district,lst,34.946802,34.820401,80.898039,30.420961
02228,district,lst,35.794356,36.056015,90.211765,30.795123
02229,district,lst,36.522633,36.476432,111.266667,30.543827
02230,district,lst,36.472100,36.698120,52.137255,28.712975
02231,district,lst,37.386048,37.489375,67.615686,30.280420
02232,district,lst,35.448060,35.413428,59.309804,29.928987
02233,district,lst,36.785739,36.995971,146.937255,31.987857
02234,district,lst,38.184586,37.975234,77.752941,29.993242
02301,district,lst,35.768690,35.759787,66.309804,29.344609
02302,district,lst,35.296433,35.265454,120.011765,29.643662
02303,district,lst,36.410556,36.423453,71.690196,30.311307
02304,district,lst,37.105417,37.059142,86.886275,29.899847
02305,district,lst,37.586845,37.820865,66.486275,29.819925
02306,district,lst,36.300629,36.393260,87.101961,30.284769
02307,district,lst,36.830335,36.712534,113.388235,30.993913
02308,district,lst,35.447062,35.492042,84.333333,29.570844
02309,district,lst,36.546251,37.013916,126.482353,28.843797
02310,district,lst,36.823910,36.855832,84.529412,29.322385
02311,district,lst,36.758659,37.054064,72.576471,28.333441
02312,district,lst,35.484587,35.727886,290.972549,28.613413
02313,district,lst,36.374348,36.461952,71.211765,28.777301
02314,district,lst,36.065335,35.914168,94.776471,28.203409
02315,district,lst,34.004321,33.981237,167.733333,29.291219
02316,district,lst,37.653091,37.695650,57.470588,24.298533
02317,district,lst,37.190265,37.134401,83.694118,24.787977
02318,district,lst,36.818790,36.866086,67.858824,24.808946
02319,district,lst,36.770127,36.727656,80.078431,25.660333
02320,district,lst,35.776723,36.022733,231.992157,23.566466
02321,district,lst,33.343986,33.555246,525.631373,21.784521
02322,district,lst,38.876151,38.762311,279.937255,22.056904
02323,district,lst,39.530748,39.328169,147.129412,21.056373
02324,district,lst,38.528235,38.616112,56.262745,21.596013
02325,district,lst,37.461994,37.553108,92.039216,21.230337
02326,district,lst,36.613766,36.647333,45.368627,21.630219
02327,district,lst,37.361483,37.276249,63.988235,22.676289
02328,district,lst,38.596848,38.440939,47.662745,22.393615
02329,district,lst,36.700265,36.482016,236.509804,21.828635
02330,district,lst,38.300293,38.282437,458.941176,21.055362
02331,district,lst,38.665429,38.597883,77.874510,22.132591
02332,district,lst,38.344284,38.392232,47.294118,21.792786
02333,district,lst,34.572327,35.265192,111.615686,21.164324
02334,district,lst,32.185302,32.555963,88.290196,20.572000
02335,district,lst,31.400352,31.663860,92.411765,20.124549
02336,district,lst,27.619465,26.661242,943.678431,22.583137
02401,district,lst,35.461349,35.652643,95.494118,20.000000
02402,district,lst,35.018329,35.163607,91.392157,20.016220
02403,district,lst,34.838888,34.929778,49.066667,20.544917
02404,district,lst,36.285621,36.373891,80.850980,21.772421
02405,district,lst,35.044796,35.064790,67.364706,19.368320
02406,district,lst,35.500415,35.326268,127.752941,21.133560
02407,district,lst,33.537664,33.407947,839.443137,22.631161
02408,district,lst,35.953805,36.113096,111.580392,23.362739
02409,district,lst,35.126627,35.187838,87.329412,20.736899
02410,district,lst,36.424777,36.453360,96.388235,22.204728
02411,district,lst,32.841508,32.776425,291.439216,24.689573
02412,district,lst,37.353317,37.430914,48.925490,25.660308
02413,district,lst,37.387137,37.426641,72.023529,24.336818
02414,district,lst,37.988193,37.879529,44.427451,23.769265
02415,district,lst,37.594610,37.566780,73.529412,23.286453
02416,district,lst,37.582826,37.539383,62.968627,23.199664
02417,district,lst,35.591777,35.599710,132.411765,25.716659
02418,district,lst,37.189551,37.389043,49.431373,25.932170
02419,district,lst,37.629305,37.631680,77.698039,25.744309
02420,district,lst,37.484219,37.555672,116.517647,24.121298
02421,district,lst,36.192028,36.448518,102.643137,21.613204
02422,district,lst,34.822590,34.916106,94.835294,21.005831
02423,district,lst,34.000255,33.902663,84.458824,21.279194
02424,district,lst,35.450950,35.539894,111.831373,20.702423
02425,district,lst,36.050309,36.036027,116.556863,23.242278
02426,district,lst,36.990448,36.762456,100.415686,22.439897
02427,district,lst,35.894043,35.794537,112.152941,23.653904
02428,district,lst,36.996113,37.026733,122.000000,22.099421
02429,district,lst,37.789674,37.860730,81.011765,22.333624
02430,district,lst,38.155908,38.636602,70.058824,21.809236
02431,district,lst,34.945434,34.850309,101.058824,22.118743
02432,district,lst,35.309554,35.657926,386.913725,20.363672
02433,district,lst,35.127851,35.304906,85.435294,18.294822
02434,district,lst,36.080305,35.854919,220.282353,18.521826
02435,district,lst,36.675817,37.222480,938.156863,20.825624
02501,district,lst,38.644958,38.689600,53.007843,23.442924
02502,district,lst,38.508431,38.518699,57.031373,23.786633
02503,district,lst,36.901565,36.797726,65.921569,21.691553
02504,district,lst,37.663850,37.491584,83.792157,21.723639
02505,district,lst,37.152538,37.173708,104.792157,20.102911
02506,district,lst,37.699966,37.677866,83.549020,20.781976
02507,district,lst,37.620399,37.583935,56.352941,19.292763
02508,district,lst,38.701689,38.838284,37.749020,18.363287
02509,district,lst,38.774177,38.952787,47.321569,19.658987
02510,district,lst,39.544653,39.494544,64.952941,20.583047
02511,district,lst,37.816972,37.672739,53.376471,19.852325
02512,district,lst,38.659810,38.419576,35.447059,20.954198
02513,district,lst,36.984416,37.199343,64.898039,19.932020
02514,district,lst,37.840170,37.823132,49.435294,19.796684
02515,district,lst,38.014094,37.924973,77.831373,20.560337
02516,district,lst,36.904312,37.106839,199.925490,19.058767
02517,district,lst,37.378057,37.336918,95.431373,22.360222
02518,district,lst,38.364035,38.421285,65.921569,22.254491
02519,district,lst,38.617971,38.510154,70.980392,22.303315
02520,district,lst,38.113631,38.072647,54.850980,21.001001
02521,district,lst,37.586984,37.831677,66.776471,21.825758
02522,district,lst,38.314726,38.559715,40.407843,21.447011
02523,district,lst,38.109794,38.075602,74.639216,21.092313
02524,district,lst,37.179868,37.101075,65.560784,21.025781
02525,district,lst,37.426316,37.524625,63.549020,20.987226
02526,district,lst,37.493483,37.553108,42.427451,22.147056
02527,district,lst,37.293818,37.221560,68.105882,20.934934
02528,district,lst,37.413763,37.460822,45.329412,20.995761
02529,district,lst,37.191549,37.214938,72.882353,22.697767
02530,district,lst,38.013498,37.977715,74.956863,20.926494
02531,district,lst,36.906822,37.078003,81.235294,21.072991
02532,district,lst,38.258156,38.328526,85.929412,22.495391
02533,district,lst,38.843799,39.213744,95.592157,22.855103
02534,district,lst,36.875904,36.779249,86.137255,22.316913
03101,district,lst,29.220360,28.531409,12312.105882,21.388366
03102,district,lst,30.434638,30.962581,657.490196,21.025367
03103,district,lst,28.957463,28.468442,1389.031373,22.262496
03104,district,lst,31.763780,31.912790,879.603922,21.533145
03105,district,lst,32.094755,32.212092,1709.227451,22.911732
03106,district,lst,30.441450,30.591018,702.329412,23.073023
03107,district,lst,33.411963,33.902576,6350.666667,20.099387
03108,district,lst,32.478191,32.701029,72.815686,22.936611
03109,district,lst,33.064042,33.138735,136.313725,23.501899
03110,district,lst,33.947369,34.046708,502.094118,24.570434
03111,district,lst,33.325787,33.285289,305.384314,22.516752
03112,district,lst,33.430163,33.646311,44.007843,23.099358
03113,district,lst,30.598615,30.111567,310.662745,20.574559
03114,district,lst,33.066280,33.108200,291.764706,23.252769
03115,district,lst,33.601313,33.459460,328.031373,19.510186
03116,district,lst,32.814303,32.948481,868.800000,20.304635
03117,district,lst,35.120030,35.016937,69.921569,19.237185
03118,district,lst,34.858572,34.918764,534.403922,22.189729
03119,district,lst,36.596646,36.715562,142.015686,20.062931
03120,district,lst,34.530120,34.536674,161.882353,19.622892
03121,district,lst,34.960971,35.105185,764.678431,20.122020
03122,district,lst,34.102817,34.171235,493.145098,20.390022
03123,district,lst,34.364828,34.496544,522.501961,21.162626
03124,district,lst,35.542408,35.516267,309.588235,22.007550
03125,district,lst,33.625650,33.765088,830.031373,21.293100
03126,district,lst,36.688186,36.628473,71.094118,21.887914
03127,district,lst,35.743379,35.806500,257.725490,21.058917
03128,district,lst,34.599284,34.766262,886.886275,19.211275
03129,district,lst,36.394942,36.465122,244.223529,20.650224
03130,district,lst,36.578467,36.602899,74.364706,22.000000
03131,district,lst,35.282846,35.201429,308.435294,21.642471
03132,district,lst,34.640356,34.700484,745.756863,21.188050
03133,district,lst,33.699523,34.030839,1223.301961,21.406499
03134,district,lst,35.494634,35.280599,471.117647,20.672901
03135,district,lst,34.213937,34.150321,626.258824,20.675997
03136,district,lst,35.313004,35.249363,278.603922,21.336299
03137,district,lst,35.348568,35.548298,454.368627,21.811658
03138,district,lst,34.160965,34.019498,663.243137,21.431729
03139,district,lst,35.266852,35.205936,498.858824,21.615122
03140,district,lst,35.299936,35.416220,404.368627,20.006275
03201,district,lst,29.249539,28.405950,3503.627451,23.089225
03202,district,lst,32.444534,32.567172,11971.603922,20.790453
03203,district,lst,34.455786,34.298014,258.325490,20.984500
03204,district,lst,34.487982,34.796475,150.980392,21.440805
03205,district,lst,35.584048,35.662943,116.462745,21.101253
03206,district,lst,34.752756,34.615320,93.345098,20.847834
03207,district,lst,33.580910,33.588792,1217.349020,22.003376
03208,district,lst,34.703493,34.702479,148.592157,21.166002
03209,district,lst,34.384272,34.513248,424.047059,21.262189
03210,district,lst,33.126366,33.841036,1623.458824,20.518020
03211,district,lst,35.518934,35.673208,218.364706,23.501087
03212,district,lst,34.182165,34.085214,411.847059,20.297464
03213,district,lst,34.381310,34.473887,585.764706,22.489382
03214,district,lst,33.848131,33.920143,499.337255,22.614124
03215,district,lst,34.266514,33.855665,243.113725,20.880230
03216,district,lst,34.574863,34.482839,306.474510,22.301711
03217,district,lst,37.434294,37.026306,455.019608,19.721305
03218,district,lst,35.556517,35.767742,109.847059,21.271393
03219,district,lst,38.386734,37.587524,560.505882,22.592497
03220,district,lst,34.975122,35.018646,77.505882,19.089709
03221,district,lst,33.447213,33.602427,225.592157,21.796197
03222,district,lst,35.368753,35.367396,262.509804,22.589095
03223,district,lst,34.490392,34.369223,146.000000,19.772979
03224,district,lst,35.129082,35.018646,119.384314,20.586276
03225,district,lst,33.993136,34.024003,260.364706,21.259380
03226,district,lst,34.935146,34.884384,88.419608,23.068080
03227,district,lst,34.306417,34.416453,129.827451,23.018033
03228,district,lst,34.080473,34.069804,148.247059,23.493850
03229,district,lst,33.088144,33.228807,470.509804,21.174971
03230,district,lst,33.865774,34.022294,175.603922,22.311351
03231,district,lst,34.890973,35.352508,195.043137,23.662619
03232,district,lst,35.574055,35.386938,158.403922,22.963830
03233,district,lst,34.895341,34.240085,256.564706,21.003852
03234,district,lst,33.998635,33.952943,344.909804,21.954157
03235,district,lst,35.001972,34.975921,83.690196,21.081861
03236,district,lst,33.770430,33.970713,564.254902,23.074997
03237,district,lst,31.731147,31.791901,906.737255,21.809716
03238,district,lst,34.628879,34.550937,431.756863,19.826664
03301,district,lst,36.122817,36.295553,396.749020,19.827569
03302,district,lst,37.637987,37.036797,613.533333,19.128807
03303,district,lst,38.038548,38.053226,276.615686,19.158711
03304,district,lst,33.238480,33.522794,344.960784,19.205673
03305,district,lst,34.263546,34.917815,169.698039,20.545444
03306,district,lst,35.366489,35.332042,69.925490,19.061466
03307,district,lst,35.877567,35.854352,124.278431,19.000000
03308,district,lst,36.027421,35.945196,159.698039,19.604793
03309,district,lst,35.380954,35.318578,151.643137,21.565621
03310,district,lst,34.418701,34.516983,123.968627,19.182399
03311,district,lst,33.888013,34.046574,264.090196,19.397532
03312,district,lst,35.547405,35.523659,66.843137,19.959108
03313,district,lst,35.155820,35.574075,99.254902,22.245595
03314,district,lst,33.400605,33.269512,322.737255,23.084230
03315,district,lst,31.969898,31.353076,274.376471,22.760055
03316,district,lst,34.368093,34.144773,261.250980,21.648944
03317,district,lst,35.317959,35.298924,105.180392,21.516759
03318,district,lst,34.151716,34.485963,283.423529,21.955391
03319,district,lst,36.645223,36.702021,54.160784,22.000000
03320,district,lst,35.423685,35.541282,681.227451,22.056035
03321,district,lst,35.494483,35.513396,112.878431,22.247777
03322,district,lst,34.122917,34.104326,281.643137,21.351885
03323,district,lst,36.145921,36.220080,45.133333,22.000000
03324,district,lst,34.146055,34.112301,91.709804,22.986488
03325,district,lst,34.803115,34.729824,63.450980,24.806180
03326,district,lst,32.931721,32.787705,540.478431,21.051102
03327,district,lst,35.309572,35.018646,115.666667,24.168164
03328,district,lst,35.293813,35.085298,88.094118,22.572516
03329,district,lst,35.754931,35.672058,151.568627,22.139431
03330,district,lst,36.390621,36.456741,204.035294,23.030733
03331,district,lst,36.883185,36.942981,142.254902,22.459959
03332,district,lst,36.708907,36.768673,150.607843,21.679990
03333,district,lst,36.361200,36.366776,91.752941,22.000000
03334,district,lst,36.339421,36.414908,102.623529,22.000000
03335,district,lst,36.540914,36.676386,63.160784,21.981746
03336,district,lst,36.719179,36.934447,40.027451,21.502008
03337,district,lst,35.069389,34.912542,69.478431,21.533330
03338,district,lst,36.021302,35.845807,71.137255,21.948677
03339,district,lst,35.539613,35.634086,83.313725,21.821652
03340,district,lst,35.003196,35.018985,197.839216,20.768737
03401,district,lst,33.586530,33.893629,666.482353,21.265850
03402,district,lst,33.857043,34.014665,975.215686,21.500824
03403,district,lst,32.960498,32.905564,3433.517647,21.334374
03404,district,lst,34.241799,34.142975,725.619608,23.371204
03405,district,lst,34.304385,34.412242,688.396078,23.237472
03406,district,lst,34.328600,34.402236,452.035294,21.965030
03407,district,lst,32.641809,32.652100,4019.392157,21.906415
03408,district,lst,34.131902,34.029143,1283.090196,22.542737
03409,district,lst,32.313912,32.526751,1723.290196,22.101261
03410,district,lst,37.794336,37.711668,815.023529,21.922288
03411,district,lst,35.209492,35.319432,177.733333,22.000000
03412,district,lst,34.920976,35.068943,991.701961,22.858662
03413,district,lst,35.678318,35.602849,198.792157,22.000000
03414,district,lst,34.884253,34.854123,71.968627,22.000000
03415,district,lst,33.233569,32.916812,465.643137,22.002333
03416,district,lst,35.121392,35.170080,176.266667,21.637670
03417,district,lst,34.015716,34.478342,409.090196,20.888456
03418,district,lst,33.870052,33.877028,149.145098,22.108251
03419,district,lst,33.593415,33.581939,258.800000,22.000000
03420,district,lst,36.567109,36.301848,103.552941,22.000000
03421,district,lst,35.152055,35.056814,90.509804,21.000000
03422,district,lst,37.261053,36.731450,140.066667,21.339054
03423,district,lst,36.516015,36.182482,96.070588,20.572006
03424,district,lst,35.981291,36.109708,101.639216,21.596304
03425,district,lst,32.628146,33.468091,870.274510,21.172017
03426,district,lst,31.682125,32.230397,268.482353,21.657523
03427,district,lst,34.878348,35.102388,76.533333,22.145112
03428,district,lst,34.785898,34.815274,160.427451,21.845217
03429,district,lst,35.573405,35.615091,115.054902,22.875558
03430,district,lst,33.328274,33.725780,249.337255,20.506016
03431,district,lst,35.593201,35.755856,109.749020,20.395090
03432,district,lst,34.103173,34.148552,131.188235,23.134637
03433,district,lst,33.392031,33.866774,201.313725,22.773741
03501,district,lst,34.726109,34.653661,1230.286275,23.007044
03502,district,lst,34.696602,34.644309,166.623529,23.913178
03503,district,lst,36.200325,36.192736,134.631373,23.204626
03504,district,lst,36.158180,36.100698,355.243137,24.526190
03505,district,lst,35.179310,35.200442,388.576471,23.078648
03506,district,lst,36.563213,36.549872,89.231373,23.217280
03507,district,lst,35.346471,35.077751,93.933333,23.568071
03508,district,lst,35.887583,35.799450,164.925490,22.599605
03509,district,lst,35.631958,34.903537,1013.145098,22.028194
03510,district,lst,35.038314,34.938485,79.403922,21.694192
03511,district,lst,35.004208,35.004120,74.050980,22.041837
03512,district,lst,36.829596,36.610419,213.458824,22.325525
03513,district,lst,35.047412,35.099670,103.913725,20.843913
03514,district,lst,36.896433,36.490958,151.360784,21.084152
03515,district,lst,35.605904,35.756498,103.654902,20.553685
03516,district,lst,34.830857,35.136947,105.454902,22.820944
03517,district,lst,35.515722,35.512162,181.101961,21.474546
03518,district,lst,36.336501,36.387563,83.960784,20.671182
03519,district,lst,35.979916,35.887678,142.552941,19.066243
03520,district,lst,34.507908,34.724697,70.203922,22.309351
03521,district,lst,35.739392,35.785992,62.827451,20.576868
03522,district,lst,35.390099,35.240818,91.858824,20.940702
03523,district,lst,34.225754,34.005203,99.933333,21.850959
03524,district,lst,34.598430,34.366374,139.858824,21.916358
03525,district,lst,34.410061,34.234211,78.133333,20.949558
03526,district,lst,34.787621,34.552087,77.584314,21.000051
03527,district,lst,34.218640,33.919493,73.164706,19.695985
03528,district,lst,35.990580,35.960311,62.658824,18.929716
03529,district,lst,34.746931,34.622156,61.901961,18.955211
03530,district,lst,36.831854,36.691767,149.760784,19.816911
03531,district,lst,35.906561,35.652689,80.407843,18.109832
03532,district,lst,37.295325,37.394675,50.505882,18.280457
03533,district,lst,36.199502,36.261097,73.545098,18.029700
03534,district,lst,36.381874,36.577382,69.376471,18.469052
03601,district,lst,34.686672,34.329459,387.454902,21.940658
03602,district,lst,35.318562,35.320573,164.250980,21.177108
03603,district,lst,36.510491,36.536674,70.384314,21.334856
03604,district,lst,37.262241,37.447150,54.819608,21.966020
03605,district,lst,36.512963,36.817379,89.286275,22.233925
03606,district,lst,37.725509,37.857312,46.568627,20.344253
03607,district,lst,38.129459,38.260638,40.874510,20.090089
03608,district,lst,37.567214,37.495002,47.333333,22.849627
03609,district,lst,37.291791,37.527473,44.227451,20.817610
03610,district,lst,37.641238,37.672739,73.498039,22.148437
03611,district,lst,36.743049,36.802853,46.843137,22.771787
03612,district,lst,36.752124,36.780636,131.164706,22.625826
03613,district,lst,36.936207,37.052368,47.956863,21.993213
03614,district,lst,37.048920,37.161978,579.933333,21.874617
03615,district,lst,37.890333,37.819714,64.580392,21.580398
03616,district,lst,37.818018,37.771329,70.286275,22.138649
03617,district,lst,36.678435,36.555046,68.200000,20.998390
03618,district,lst,38.070851,38.151262,66.231373,22.076499
03619,district,lst,37.512570,37.631723,32.352941,23.000000
03620,district,lst,36.829374,36.777218,32.341176,22.926761
03621,district,lst,37.711629,37.784964,57.564706,20.000000
03622,district,lst,38.454357,38.460464,56.309804,21.421060
03623,district,lst,37.523466,37.389043,43.600000,22.004767
03624,district,lst,36.960091,36.788611,78.337255,20.271826
03625,district,lst,38.102761,37.901726,49.666667,21.447059
03626,district,lst,38.391771,38.318745,33.039216,21.083205
03627,district,lst,38.377528,38.403341,55.835294,21.246523
03628,district,lst,38.994140,39.072377,47.749020,20.602497
03629,district,lst,37.950775,38.004287,86.921569,21.904624
03630,district,lst,38.429519,38.387105,54.172549,21.706240
03631,district,lst,38.785560,38.981841,42.980392,20.149909
03632,district,lst,39.017006,39.128815,47.768627,21.532140
03633,district,lst,39.023654,39.139069,43.988235,21.360792
03634,district,lst,38.837035,38.963298,64.003922,20.562098
03635,district,lst,39.438093,39.579994,42.384314,20.820688
03701,district,lst,37.160397,37.218142,40.839216,20.715767
03702,district,lst,37.193035,37.433477,74.901961,21.000000
03703,district,lst,38.284856,38.277728,94.988235,21.000000
03704,district,lst,38.036135,38.045303,97.203922,20.494291
03705,district,lst,37.115849,37.305188,110.992157,21.063138
03706,district,lst,35.737351,35.939803,99.474510,21.579634
03707,district,lst,36.487691,36.503776,100.643137,18.358674
03708,district,lst,37.366414,37.472785,82.231373,22.614717
03709,district,lst,37.999006,37.980361,54.643137,20.784197
03710,district,lst,37.960746,37.941053,32.352941,19.376848
03711,district,lst,36.400562,36.295277,73.901961,18.630141
03712,district,lst,35.809051,35.656107,71.823529,19.748348
03713,district,lst,38.370878,38.448629,37.470588,20.361486
03714,district,lst,36.476426,36.500358,62.647059,19.558310
03715,district,lst,37.580174,37.818005,163.713725,20.045440
03716,district,lst,36.846355,37.010213,94.639216,22.117474
03717,district,lst,37.401644,36.851817,99.317647,20.985391
03718,district,lst,37.426206,37.515510,75.956863,20.944086
03719,district,lst,39.479927,39.400570,224.545098,21.830717
03720,district,lst,37.292982,37.235232,81.149020,23.530759
03721,district,lst,36.532410,36.022662,61.576471,20.000000
03722,district,lst,36.933619,36.963500,71.211765,20.000000
03723,district,lst,37.074674,37.024170,66.490196,20.000000
03724,district,lst,37.023055,36.825043,153.588235,22.735453
03725,district,lst,37.148197,37.014770,60.572549,22.118801
03726,district,lst,35.658622,35.595437,98.988235,22.776127
03727,district,lst,36.381482,36.201164,101.317647,20.019508
03728,district,lst,38.553533,38.554598,96.372549,20.000000
03729,district,lst,38.772163,38.704981,51.435294,20.000000
03730,district,lst,36.634771,36.597477,108.380392,22.725296
03731,district,lst,36.019745,36.038925,110.258824,20.052852
03732,district,lst,37.603806,37.708628,91.427451,20.434288
03733,district,lst,37.610319,37.981710,65.392157,21.666807
03734,district,lst,37.564431,37.650522,43.831373,23.916614
03801,district,lst,35.943678,35.801419,206.800000,20.652501
03802,district,lst,35.428262,35.386275,292.960784,21.132213
03803,district,lst,37.961806,37.794079,112.035294,22.678918
03804,district,lst,39.613956,39.653481,97.619608,22.741735
03805,district,lst,37.452030,37.430059,65.501961,21.237921
03806,district,lst,37.671620,37.724009,35.137255,21.287612
03807,district,lst,36.127403,36.549919,67.039216,22.183972
03808,district,lst,36.928696,37.066040,60.250980,20.688427
03809,district,lst,38.198565,38.103409,54.207843,21.251610
03810,district,lst,38.102797,38.034152,53.105882,20.165633
03811,district,lst,37.748484,37.765025,76.180392,21.278081
03812,district,lst,38.490632,38.527244,41.968627,21.147916
03813,district,lst,38.157965,38.303696,50.411765,21.371606
03814,district,lst,36.490611,36.611888,109.890196,20.590393
03815,district,lst,37.406365,37.491584,40.600000,21.925819
03816,district,lst,37.915983,37.904809,61.105882,21.895649
03817,district,lst,37.110073,37.303593,67.580392,21.026055
03818,district,lst,34.162330,33.865634,150.019608,21.311097
03819,district,lst,38.048559,38.065811,56.909804,22.128170
03820,district,lst,37.712662,37.714942,60.223529,22.011786
03821,district,lst,38.470172,38.591688,60.419608,21.529435
03822,district,lst,34.606576,34.387225,100.419608,20.018432
03823,district,lst,37.026642,37.020836,105.509804,20.159153
03824,district,lst,38.358204,38.542625,69.698039,22.000000
03825,district,lst,34.701922,34.728969,154.984314,20.000582
03826,district,lst,36.104402,36.116730,109.831373,19.968329
03827,district,lst,37.975418,37.925672,62.109804,21.374795
03828,district,lst,37.182292,37.288212,53.301961,20.000000
03829,district,lst,37.438938,37.672840,127.964706,21.123043
03830,district,lst,37.641055,37.667612,40.349020,21.532413
03831,district,lst,37.874317,37.901279,77.517647,21.236101
03832,district,lst,34.695647,34.823570,122.098039,20.000000
03901,district,lst,36.704117,36.964354,77.701961,21.564348
03902,district,lst,37.773355,37.726775,119.533333,22.719694
03903,district,lst,36.149729,36.110704,50.117647,21.837793
03904,district,lst,36.844389,36.614256,96.356863,22.000000
03905,district,lst,36.948300,37.040027,94.294118,22.000000
03906,district,lst,32.398181,31.464394,648.494118,21.859324
03907,district,lst,36.705460,36.614862,67.000000,23.227275
03908,district,lst,36.617267,36.529411,57.431373,22.044998
03909,district,lst,35.872089,35.794964,108.419608,23.136434
03910,district,lst,35.199608,35.291708,117.733333,22.658384
03911,district,lst,35.047901,35.010956,83.713725,24.000000
03912,district,lst,37.157365,36.667841,180.105882,22.682714
03913,district,lst,34.352720,34.289664,88.247059,24.000000
03914,district,lst,35.108499,34.990705,194.760784,23.450205
03915,district,lst,34.955927,34.946272,45.105882,23.921753
03916,district,lst,33.367771,33.836231,854.800000,21.051428
03917,district,lst,35.021281,34.900541,298.643137,22.435302
03918,district,lst,35.095221,35.035736,89.890196,23.250371
03919,district,lst,37.842707,37.156618,359.015686,21.297076
03920,district,lst,35.399451,35.233127,49.254902,21.862102
03921,district,lst,37.681478,37.340785,539.529412,22.703046
03922,district,lst,37.165894,37.399800,47.349020,23.622909
03923,district,lst,37.776687,37.874402,42.909804,23.172912
03924,district,lst,35.690852,35.424550,83.435294,22.784593
03925,district,lst,37.451269,37.406133,45.549020,22.964701
03926,district,lst,36.320295,36.290670,76.066667,23.675259
03927,district,lst,38.045411,37.836804,60.670588,22.670997
03928,district,lst,35.377727,35.293797,153.721569,22.478048
03929,district,lst,37.638099,37.751353,48.627451,23.751452
03930,district,lst,35.618508,35.550576,82.564706,22.601833
03931,district,lst,38.031502,38.043917,51.545098,22.973296
03932,district,lst,36.596638,36.878049,88.117647,21.435559
03933,district,lst,36.890923,37.009643,39.200000,22.664366
03934,district,lst,35.813259,35.770611,40.458824,22.061549
03935,district,lst,36.352619,36.353383,87.039216,22.235594
03936,district,lst,36.743458,36.952057,63.031373,23.425869
03937,district,lst,37.528579,37.462531,48.239216,22.022600
03938,district,lst,37.576074,37.542854,190.760784,19.978970
03939,district,lst,39.232242,38.533055,464.423529,18.697791
04101,district,lst,29.110473,28.473870,2035.090196,12.593454
04102,district,lst,34.016291,34.662033,148.592157,12.870998
04103,district,lst,35.116615,34.909435,191.137255,12.884817
04104,district,lst,33.970716,34.124834,162.364706,12.924933
04105,district,lst,35.724199,35.802512,145.231373,12.047740
04106,district,lst,33.698443,33.652293,589.749020,11.829712
04107,district,lst,35.765758,35.598054,2568.768627,16.020205
04108,district,lst,35.319488,35.160494,71.772549,14.588187
04109,district,lst,35.248270,35.368993,137.560784,14.100861
04110,district,lst,35.358740,35.400582,102.058824,14.622709
04111,district,lst,34.884981,34.888896,233.015686,14.149632
04112,district,lst,36.388786,36.338388,521.988235,14.515315
04113,district,lst,35.683929,35.892973,78.349020,14.893788
04114,district,lst,37.045733,37.211306,722.627451,16.049547
04115,district,lst,34.989550,35.423682,86.949020,16.786262
04116,district,lst,37.427694,37.569918,66.996078,15.590377
04117,district,lst,36.499035,36.780163,290.039216,19.292915
04118,district,lst,37.336122,37.766807,122.019608,18.786823
04119,district,lst,35.952465,36.830402,194.105882,16.304665
04201,district,lst,30.887261,30.314342,1978.792157,18.593390
04202,district,lst,33.209751,33.158089,2156.788235,18.091821
04203,district,lst,30.106412,30.155097,587.784314,16.328265
04204,district,lst,33.246565,33.209247,132.403922,16.980334
04205,district,lst,31.442159,31.204783,562.078431,18.938882
04206,district,lst,33.167390,33.407050,1505.647059,19.975465
04207,district,lst,33.566963,34.163660,906.666667,17.400787
04208,district,lst,32.091931,31.341629,1118.654902,15.128148
04209,district,lst,34.384615,34.480308,206.219608,21.263055
04210,district,lst,35.215332,35.288670,171.011765,21.801802
04211,district,lst,34.034692,33.956993,345.796078,21.399272
04212,district,lst,34.908672,34.577152,205.121569,20.067430
04213,district,lst,31.071962,31.166187,1181.125490,17.307659
04214,district,lst,35.426828,35.227926,215.725490,20.668969
04215,district,lst,36.435586,36.401235,100.615686,22.037690
04216,district,lst,35.721866,35.895368,154.541176,20.654867
04217,district,lst,33.811519,33.674225,292.827451,20.232219
04218,district,lst,36.111538,36.361928,140.000000,21.148768
04219,district,lst,35.063644,34.828377,245.698039,21.429525
04220,district,lst,33.714891,33.684471,1405.921569,20.439279
04221,district,lst,38.620980,38.175127,1443.823529,21.018505
04222,district,lst,35.576002,35.674906,693.101961,23.349896
04223,district,lst,35.696684,35.639017,160.419608,23.224118
04224,district,lst,33.517066,33.645628,520.517647,19.962631
04225,district,lst,35.418752,35.784235,348.450980,21.134500
04226,district,lst,34.891440,34.726406,209.615686,21.386328
04227,district,lst,37.593467,37.612197,179.768627,21.650509
04301,district,lst,36.435139,36.323475,111.384314,22.122311
04302,district,lst,37.167241,37.302452,84.250980,23.000000
04303,district,lst,36.573445,36.580211,126.074510,23.129895
04304,district,lst,37.946436,38.058975,60.858824,24.297957
04305,district,lst,36.417096,36.289295,95.972549,23.922323
04306,district,lst,36.727536,36.819088,62.835294,23.050615
04307,district,lst,37.102836,37.043823,70.403922,23.000000
04308,district,lst,35.449903,35.894126,158.588235,20.080885
04309,district,lst,39.345392,38.726105,109.568627,20.206228
04310,district,lst,37.815327,37.816296,113.666667,22.581439
04311,district,lst,34.465481,34.217121,216.403922,22.124912
04312,district,lst,37.066136,36.789669,57.921569,23.516926
04313,district,lst,36.507410,36.449068,74.615686,22.818258
04314,district,lst,37.768974,37.829968,76.596078,23.004966
04315,district,lst,37.304589,37.337773,94.450980,22.335354
04316,district,lst,36.153376,36.567009,82.282353,21.107664
04317,district,lst,33.888561,34.036187,222.435294,22.499498
04318,district,lst,36.345954,36.572163,59.537255,22.460018
04319,district,lst,37.164685,37.098512,131.172549,23.929923
04320,district,lst,38.323943,38.305073,84.568627,25.001484
04321,district,lst,37.148188,37.130983,85.631373,26.731498
04322,district,lst,37.140905,37.165163,89.874510,24.567109
04323,district,lst,37.521573,37.491808,86.945098,27.843444
04324,district,lst,37.644631,37.525764,142.701961,29.535519
04325,district,lst,36.923579,36.995971,89.043137,27.027834
04326,district,lst,37.106021,37.076294,64.388235,23.593702
04327,district,lst,37.606516,37.600960,60.094118,23.968677
04328,district,lst,37.849298,37.921913,113.109804,21.349340
04329,district,lst,37.088402,36.982299,85.678431,23.116761
04401,district,lst,38.557141,38.682764,108.741176,25.710303
04402,district,lst,37.712286,37.510744,179.521569,28.633077
04403,district,lst,37.288789,37.399409,351.078431,30.533114
04404,district,lst,37.859037,37.944471,72.576471,24.000000
04405,district,lst,38.595096,38.605858,96.443137,24.877282
04406,district,lst,38.661474,38.731424,124.235294,28.151010
04407,district,lst,37.947239,37.946180,103.576471,24.465281
04408,district,lst,37.901751,38.104718,103.611765,29.157223
04409,district,lst,37.812679,37.741099,144.760784,32.865092
04410,district,lst,38.392068,38.448629,93.207843,25.341257
04411,district,lst,38.157063,38.273741,108.784314,26.344701
04412,district,lst,37.738581,37.481194,118.352941,29.387972
04413,district,lst,38.141813,38.144426,83.964706,31.220728
04414,district,lst,38.217758,38.117081,83.811765,32.326596
04415,district,lst,38.295469,38.327290,353.086275,30.474483
04416,district,lst,37.460620,37.442023,123.823529,31.008266
04417,district,lst,37.923748,37.930799,82.074510,32.059917
04418,district,lst,37.592800,37.648191,86.572549,31.318083
04419,district,lst,38.198801,38.162122,150.396078,32.157154
04420,district,lst,38.095412,37.960086,153.262745,32.575559
04421,district,lst,37.848680,37.963208,218.403922,32.072271
04422,district,lst,37.181189,37.023315,185.325490,32.915104
04423,district,lst,36.822747,36.850705,195.858824,31.802879
04424,district,lst,36.989654,36.943846,104.278431,32.112933
04425,district,lst,36.060329,35.980396,79.921569,32.511089
04426,district,lst,37.314826,37.453986,53.576471,30.913409
04427,district,lst,37.195583,37.308720,126.580392,30.680990
04428,district,lst,37.898450,37.912000,109.137255,29.765074
04429,district,lst,37.273224,37.529513,976.109804,29.056471
04501,district,lst,27.500204,26.808784,21525.388235,19.645291
04502,district,lst,31.414122,31.669557,562.623529,20.929295
04503,district,lst,32.194928,32.593635,597.419608,21.312914
04504,district,lst,37.002760,37.389043,319.890196,21.511695
04505,district,lst,38.132335,38.079483,74.137255,22.721132
04506,district,lst,37.504774,37.507529,89.752941,21.375584
04507,district,lst,37.188049,37.171263,118.231373,22.383031
04508,district,lst,37.658767,37.732341,64.682353,21.671820
04509,district,lst,37.215421,37.462303,89.835294,23.033569
04510,district,lst,38.082040,37.796698,105.854902,24.959471
04511,district,lst,36.704090,36.790890,169.858824,27.585723
04512,district,lst,36.547062,36.454822,268.243137,30.231543
04513,district,lst,37.113486,37.195087,55.133333,30.069564
04514,district,lst,35.564415,35.577493,56.647059,34.497681
04515,district,lst,35.100216,35.112072,61.643137,32.159807
04516,district,lst,34.949491,34.888220,189.411765,32.436667
04517,district,lst,37.417532,37.269413,358.929412,29.521944
04518,district,lst,37.999090,37.891956,219.227451,26.527253
04519,district,lst,35.875960,35.900204,121.227451,26.109145
04520,district,lst,34.032373,33.929556,432.505882,21.443072
04521,district,lst,32.452347,32.616559,462.400000,20.367316
04522,district,lst,31.485902,31.297204,553.666667,21.171088
04523,district,lst,34.178921,34.053910,198.196078,20.906628
04524,district,lst,30.831315,30.955431,762.937255,20.556271
04525,district,lst,30.898442,30.614439,579.784314,20.938273
04526,district,lst,34.986790,34.704500,191.862745,21.279509
04527,district,lst,36.378302,36.264515,80.086275,33.143718
04528,district,lst,37.686326,37.753917,55.631373,23.961723
04601,district,lst,36.370535,36.445357,113.588235,31.868566
04602,district,lst,36.486075,36.580681,95.203922,31.996828
04603,district,lst,35.779116,35.521665,190.145098,32.845299
04604,district,lst,36.646414,36.599358,152.309804,31.830171
04605,district,lst,36.983685,36.869504,76.349020,31.469978
04606,district,lst,35.967422,35.992782,132.886275,31.515965
04607,district,lst,36.439156,36.490104,131.317647,30.820552
04608,district,lst,36.936309,36.916151,96.972549,30.226302
04609,district,lst,36.005522,36.010299,140.741176,30.641534
04610,district,lst,36.758415,36.807980,64.674510,29.423721
04611,district,lst,36.580706,36.449725,130.960784,28.822458
04612,district,lst,35.985269,36.028671,91.396078,31.495109
04613,district,lst,37.103222,37.369038,84.533333,31.238449
04614,district,lst,37.644054,37.778698,89.831373,30.585236
04615,district,lst,37.086190,37.224978,79.521569,30.551682
04616,district,lst,37.179024,37.149782,58.933333,30.457479
04617,district,lst,37.440107,37.091240,83.650980,31.583986
04618,district,lst,36.782669,36.830197,87.411765,32.080350
04619,district,lst,37.363014,37.238650,112.380392,32.015249
04620,district,lst,37.488671,37.513582,141.615686,30.771655
04621,district,lst,34.856794,35.396338,229.278431,30.664626
04622,district,lst,37.818348,37.930799,105.874510,30.253945
04623,district,lst,36.106724,36.240589,255.207843,30.520637
04624,district,lst,35.885128,36.028671,102.996078,31.248210
04625,district,lst,36.826791,36.859250,114.568627,30.310662
04626,district,lst,36.471187,36.340850,102.698039,30.637697
04627,district,lst,35.728707,35.733013,183.549020,30.263668
04701,district,lst,36.327415,36.454084,145.403922,31.518259
04702,district,lst,35.015644,35.594384,454.341176,29.752488
04703,district,lst,38.559381,38.364888,129.121569,30.376632
04704,district,lst,34.700427,35.167956,278.290196,29.899386
04705,district,lst,36.699607,36.665099,59.082353,30.834196
04706,district,lst,35.746451,35.673197,66.545098,31.186929
04707,district,lst,36.183606,35.980819,94.905882,30.990620
04708,district,lst,36.591191,36.272401,333.815686,29.464375
04709,district,lst,36.226804,36.090196,151.352941,26.194300
04710,district,lst,35.120028,34.903048,105.000000,29.350738
04711,district,lst,34.750778,34.725181,126.160784,24.146032
04712,district,lst,35.048479,34.882495,110.172549,25.890688
04713,district,lst,34.938686,34.768198,294.317647,26.036668
04714,district,lst,34.932336,34.852002,74.019608,25.362914
04715,district,lst,34.921017,34.932282,239.262745,24.076198
04716,district,lst,34.882554,34.962249,104.274510,26.875818
04717,district,lst,34.349945,34.353841,81.294118,25.851954
04718,district,lst,33.802271,33.694492,197.556863,23.701312
04719,district,lst,35.781182,35.285984,651.858824,27.784550
04720,district,lst,32.811226,33.246650,198.317647,21.807459
04721,district,lst,34.133443,34.066728,240.129412,23.936472
04722,district,lst,34.569460,34.456673,168.168627,24.236131
04723,district,lst,34.547339,34.199449,452.466667,27.921433
04724,district,lst,34.937607,34.855074,173.074510,25.886437
04725,district,lst,36.388268,36.604608,223.098039,29.553929
04726,district,lst,34.515811,34.358320,186.368627,27.216080
04727,district,lst,32.575847,33.225895,274.364706,23.420522
04801,district,lst,35.745359,36.302113,82.835294,21.929177
04802,district,lst,34.553858,34.170732,123.235294,22.369547
04803,district,lst,36.078260,36.401235,89.952941,25.244529
04804,district,lst,36.633452,36.270616,222.960784,23.281875
04805,district,lst,37.299033,37.305326,215.196078,27.357103
04806,district,lst,36.994715,37.242498,162.149020,29.288962
04807,district,lst,37.641313,38.148097,294.988235,25.155433
05101,district,lst,28.247538,27.407082,7237.686275,10.391109
05102,district,lst,29.860332,29.103326,1181.278431,10.554620
05103,district,lst,31.051639,31.726327,975.239216,10.346348
05104,district,lst,33.558945,33.569664,1416.113725,9.999294
05105,district,lst,29.149986,28.345267,8757.580392,10.572321
05106,district,lst,34.767611,34.147555,761.545098,10.664176
05107,district,lst,32.739126,32.785800,239.517647,10.065491
05108,district,lst,36.450096,36.401235,75.725490,10.617918
05109,district,lst,29.762711,28.899821,329.913725,9.315103
05110,district,lst,36.740499,36.606317,113.133333,9.888558
05111,district,lst,34.391681,34.608143,134.141176,10.007046
05112,district,lst,35.225980,35.110486,127.090196,9.921316
05113,district,lst,33.156119,33.026842,420.254902,9.579508
05114,district,lst,35.624623,35.333104,63.572549,10.000000
05115,district,lst,36.899117,36.965234,118.764706,10.065742
05116,district,lst,36.291148,36.211535,74.000000,10.707154
05117,district,lst,34.616570,34.599939,123.592157,10.947931
05118,district,lst,36.116522,36.777218,135.450980,10.491343
05119,district,lst,35.856094,35.889558,114.482353,10.481143
05120,district,lst,31.184332,30.958112,141.682353,9.900883
05121,district,lst,35.083919,37.339552,104.262745,10.192425
05122,district,lst,35.728630,35.575784,140.803922,10.765966
05123,district,lst,35.630197,35.736821,156.964706,11.000000
05124,district,lst,35.644408,35.548060,212.286275,11.000000
05125,district,lst,34.839110,34.705043,143.568627,10.996285
05126,district,lst,36.200894,36.273629,136.768627,11.000000
05127,district,lst,35.469767,35.270847,101.941176,11.000000
05128,district,lst,31.134713,31.033159,783.898039,10.735840
05129,district,lst,30.976221,30.406799,1044.274510,10.651316
05130,district,lst,33.161278,33.777335,428.003922,10.884791
05131,district,lst,29.707887,28.773069,471.027451,8.057247
05132,district,lst,37.997952,37.795609,507.756863,9.472551
05133,district,lst,37.130132,37.178474,97.309804,10.431128
05134,district,lst,35.559510,35.474749,132.215686,8.857749
05135,district,lst,33.631813,33.597141,137.078431,9.463339
05136,district,lst,37.965428,38.468689,158.082353,10.118975
05137,district,lst,36.928371,37.036417,117.525490,10.146685
05138,district,lst,34.201506,33.925928,65.050980,8.252653
05201,district,lst,36.674910,36.712275,147.168627,18.903112
05202,district,lst,35.114134,35.229130,127.803922,13.176036
05203,district,lst,36.238261,36.704549,131.258824,18.894595
05204,district,lst,37.889134,37.571960,318.850980,19.232502
05205,district,lst,37.406028,37.327519,107.792157,19.000000
05206,district,lst,38.053712,37.524739,382.788235,19.681091
05207,district,lst,35.424191,35.263035,104.588235,11.037083
05208,district,lst,36.495852,36.667841,146.960784,9.470367
05209,district,lst,36.732813,36.800289,200.498039,10.985037
05210,district,lst,37.818143,37.837953,84.027451,8.453307
05211,district,lst,37.463706,37.459769,64.439216,10.671434
05212,district,lst,35.669531,35.542095,88.823529,18.000000
05213,district,lst,35.069869,35.217909,602.313725,14.023999
05214,district,lst,34.590842,34.890471,109.521569,12.352263
05215,district,lst,35.902098,35.961165,115.835294,11.447661
05216,district,lst,36.597599,36.456225,218.066667,12.257342
05217,district,lst,37.210399,36.910132,466.878431,19.459724
05218,district,lst,36.790670,36.852516,312.690196,11.687657
05219,district,lst,34.337668,35.335240,226.643137,10.569367
05220,district,lst,34.983432,35.325749,289.215686,20.482386
05221,district,lst,35.497881,35.658893,356.172549,17.056153
05222,district,lst,34.572390,34.534395,209.172549,13.560153
05223,district,lst,35.580768,35.668070,177.945098,17.293018
05224,district,lst,33.867568,33.894612,280.278431,15.678569
05225,district,lst,37.584204,37.575006,79.427451,10.003950
05226,district,lst,38.574384,38.852890,253.172549,19.395142
05227,district,lst,29.421343,26.714525,303.917647,8.505736
05228,district,lst,35.758055,35.787701,172.372549,18.553657
05229,district,lst,34.483504,34.758877,104.764706,13.210593
05230,district,lst,37.464629,37.535500,66.721569,10.779770
05301,district,lst,35.012267,34.828052,162.262745,9.511347
05302,district,lst,34.557410,34.481448,110.129412,18.000000
05303,district,lst,30.705359,29.972569,1568.815686,18.491816
05304,district,lst,32.106126,32.470405,910.431373,9.390532
05305,district,lst,33.143766,33.059081,459.262745,8.012825
05306,district,lst,34.748064,35.412220,160.243137,17.731193
05307,district,lst,36.358860,36.927611,147.815686,10.571671
05308,district,lst,36.423081,36.602538,165.164706,9.076169
05309,district,lst,35.620106,35.926131,153.529412,9.000000
05310,district,lst,37.416506,37.641977,86.384314,18.628836
05311,district,lst,36.953752,37.021606,87.960784,18.913821
05312,district,lst,34.788569,34.792128,422.133333,17.600814
05313,district,lst,35.698457,35.593708,2655.811765,16.157993
05314,district,lst,35.718782,36.091888,72.701961,18.997627
05315,district,lst,29.781829,29.815850,513.266667,12.404766
05316,district,lst,35.265633,35.274998,91.341176,19.000000
05317,district,lst,35.983762,36.197752,1999.635294,9.546209
05318,district,lst,36.134058,36.220080,104.933333,19.000000
05319,district,lst,30.540389,30.698269,124.894118,11.947532
05320,district,lst,37.262682,37.476427,106.321569,9.806654
05321,district,lst,35.518422,35.560403,98.094118,19.094267
05322,district,lst,32.364354,32.846451,286.776471,18.663740
05323,district,lst,38.691963,38.607323,259.584314,9.171179
05324,district,lst,34.760384,34.593957,344.843137,11.126207
05325,district,lst,33.743282,34.137224,220.858824,12.333280
05326,district,lst,33.708133,33.953506,190.952941,18.239993
05327,district,lst,34.886716,35.300753,2750.062745,13.294835
05328,district,lst,35.960084,35.534179,166.243137,12.079850
05329,district,lst,37.437146,37.657711,285.945098,12.000000
05330,district,lst,32.034797,32.477348,102.466667,9.955337
05331,district,lst,36.828801,37.118450,120.968627,10.041625
05332,district,lst,31.775680,32.074022,202.694118,9.505311
05333,district,lst,37.922469,38.158818,894.698039,10.867314
05334,district,lst,38.285516,39.180334,480.674510,9.000000
05335,district,lst,35.463218,35.574277,519.913725,9.806446
05336,district,lst,34.896157,34.401067,217.686275,10.034030
05401,district,lst,33.068641,33.840797,387.282353,14.139656
05402,district,lst,38.959788,38.656600,1018.862745,19.332258
05403,district,lst,34.818572,35.468625,510.890196,18.261804
05404,district,lst,36.188822,35.969272,1658.200000,20.865013
05405,district,lst,36.133408,36.019133,684.023529,19.727420
05406,district,lst,36.887564,36.833686,151.584314,20.884669
05407,district,lst,35.217884,35.551288,495.760784,20.999581
05408,district,lst,35.340629,35.482087,105.435294,20.981031
05409,district,lst,35.917401,36.215901,583.705882,20.844818
05410,district,lst,32.335071,32.461763,694.600000,14.217696
05411,district,lst,37.907373,37.973525,120.309804,20.376088
05412,district,lst,37.234936,37.014884,151.419608,20.995261
05413,district,lst,37.913186,37.361893,602.454902,20.124784
05414,district,lst,34.330184,33.960769,150.392157,20.966754
05415,district,lst,35.214736,35.417629,210.592157,20.995251
05416,district,lst,35.237588,35.214499,372.294118,19.014694
05417,district,lst,31.319590,30.591013,1907.592157,20.602279
05418,district,lst,34.605090,34.536912,45.509804,10.712882
05419,district,lst,35.497764,35.541759,592.823529,19.381088
05420,district,lst,35.004199,35.108066,465.125490,19.893742
05421,district,lst,35.369732,35.793121,132.243137,20.628788
05422,district,lst,34.894360,35.533058,111.572549,20.435099
05423,district,lst,34.606975,34.663672,154.760784,11.344415
05424,district,lst,32.498619,33.348468,500.627451,12.765667
05425,district,lst,34.465349,34.257830,299.941176,20.402798
05426,district,lst,33.034348,32.678157,330.423529,20.192635
05427,district,lst,35.744776,35.695188,136.619608,21.000000
05428,district,lst,34.986851,35.087871,301.631373,19.482942
05429,district,lst,36.703900,36.425794,471.494118,19.931532
05430,district,lst,34.535487,34.524742,252.070588,21.000000
05431,district,lst,34.579874,34.826475,278.352941,16.208904
05432,district,lst,33.407534,33.379706,155.309804,14.070043
05501,district,lst,35.479756,35.697123,106.062745,18.807291
05502,district,lst,31.224951,31.099246,540.545098,18.225256
05503,district,lst,32.436333,33.019359,615.819608,19.311945
05504,district,lst,30.606584,32.034031,1151.909804,18.671682
05505,district,lst,28.046331,27.843891,1935.007843,17.368411
05506,district,lst,33.639063,33.854997,524.780392,19.756948
05507,district,lst,33.453271,33.907895,5978.749020,18.505440
05508,district,lst,29.151882,28.160587,3861.168627,18.927611
05509,district,lst,29.426762,28.904886,4373.137255,19.087258
05510,district,lst,32.507825,32.657978,708.909804,16.566775
05511,district,lst,30.564451,30.650509,875.749020,16.797995
05512,district,lst,33.205221,32.959354,1399.847059,19.007609
05513,district,lst,34.749990,35.857485,433.250980,18.386309
05514,district,lst,36.548480,36.664423,119.227451,20.416768
05515,district,lst,33.879887,33.969040,217.298039,18.855588
05516,district,lst,32.445701,32.542974,1222.482353,16.690347
05517,district,lst,34.239525,34.477745,118.231373,18.444725
05518,district,lst,29.719528,29.220403,1212.580392,16.935290
05519,district,lst,35.766777,35.712504,154.937255,20.842036
05520,district,lst,32.329044,31.903660,1024.858824,19.813774
05521,district,lst,36.784045,36.854693,209.909804,20.020999
05522,district,lst,29.312136,29.292039,1064.149020,19.309926
05523,district,lst,34.154557,33.836253,3206.019608,18.254677
05524,district,lst,29.877310,29.720715,824.215686,17.158920
05525,district,lst,27.846054,26.470748,1390.549020,17.709025
05526,district,lst,34.535194,34.512821,338.933333,20.159532
05527,district,lst,35.027256,34.977630,70.556863,19.213261
05528,district,lst,27.596050,25.414865,1156.635294,18.291539
05529,district,lst,31.578849,31.592027,519.447059,16.110419
05530,district,lst,36.042032,36.151232,793.658824,20.075229
05531,district,lst,34.410434,34.281379,539.533333,19.721001
05532,district,lst,36.118048,36.551031,275.443137,17.065833
05533,district,lst,33.397181,33.322931,48.533333,20.457175
06101,district,lst,34.168940,34.263948,426.250980,25.334103
06102,district,lst,36.453239,35.920269,157.819608,26.987327
06103,district,lst,35.678692,35.837123,61.996078,25.370612
06104,district,lst,36.281848,36.307240,58.662745,25.270673
06105,district,lst,37.245293,37.196780,92.329412,26.131966
06106,district,lst,36.637940,36.596063,100.835294,25.586979
06107,district,lst,36.619883,36.444815,103.768627,26.232229
06108,district,lst,36.342297,36.447379,83.627451,27.711934
06109,district,lst,35.602749,35.697301,88.384314,27.997782
06110,district,lst,35.135266,35.259617,72.976471,27.414584
06111,district,lst,35.796919,35.755230,80.266667,27.000000
06112,district,lst,36.926660,36.886544,122.282353,27.025111
06113,district,lst,37.518672,37.447150,156.168627,26.940763
06114,district,lst,37.725059,37.839110,132.537255,26.605764
06115,district,lst,37.472804,37.606087,161.478431,27.285329
06116,district,lst,36.857866,36.710028,93.235294,26.461788
06117,district,lst,33.996550,33.802119,147.368627,26.978898
06118,district,lst,32.762951,32.888081,316.764706,25.046363
06119,district,lst,34.565988,34.413913,167.207843,26.836695
06120,district,lst,35.672132,35.816754,93.921569,26.532067
06121,district,lst,36.749724,36.678095,65.149020,27.218744
06122,district,lst,37.516169,37.611215,195.647059,27.481820
06123,district,lst,33.359145,33.651700,1015.929412,23.941721
06124,district,lst,36.383113,36.131424,194.909804,25.785361
06125,district,lst,35.171101,34.913458,168.925490,22.500255
06126,district,lst,35.948292,35.996200,125.576471,25.113079
06127,district,lst,35.633285,35.618164,125.745098,23.394324
06128,district,lst,34.737205,34.779037,123.164706,22.492788
06129,district,lst,34.766675,34.662451,168.639216,22.729228
06130,district,lst,33.901169,34.016027,402.168627,23.561817
06201,district,lst,37.476000,37.135255,121.341176,27.505559
06202,district,lst,36.529704,36.741670,89.674510,27.407880
06203,district,lst,33.559601,32.282952,657.368627,27.318728
06204,district,lst,36.924285,36.968331,114.043137,26.751143
06205,district,lst,36.252855,36.180203,103.968627,25.952210
06206,district,lst,35.961651,35.993637,84.137255,26.119646
06207,district,lst,35.077917,35.296909,87.549020,26.627727
06208,district,lst,35.471945,35.453874,186.078431,26.155511
06209,district,lst,32.689044,32.823423,252.329412,26.566424
06210,district,lst,33.802308,33.606086,207.101961,25.507016
06211,district,lst,34.206584,34.140462,247.827451,25.319894
06212,district,lst,33.920508,34.110746,284.341176,26.015571
06213,district,lst,33.799246,33.797274,188.188235,25.568684
06214,district,lst,32.927460,32.818024,106.749020,25.959994
06215,district,lst,35.319137,35.457935,63.713725,25.331323
06216,district,lst,35.674646,35.809130,91.592157,25.999572
06217,district,lst,35.286891,35.299408,63.439216,26.304321
06218,district,lst,35.074680,35.119478,68.203922,25.481198
06219,district,lst,34.295563,34.463218,74.427451,25.192107
06220,district,lst,33.524886,33.459490,362.650980,25.225940
06221,district,lst,36.843035,36.926756,113.764706,26.136436
06222,district,lst,36.155206,36.332682,103.643137,26.193235
06223,district,lst,35.874528,35.850195,73.839216,25.892719
06224,district,lst,34.666338,34.677984,169.635294,25.960977
06225,district,lst,33.967402,34.207714,202.627451,25.878130
06226,district,lst,35.899493,35.852643,145.854902,25.837846
06227,district,lst,34.446912,34.108487,137.294118,25.724936
06228,district,lst,34.046214,34.152916,452.580392,23.833902
06229,district,lst,34.117400,34.463218,142.047059,23.999172
06230,district,lst,34.304623,34.452066,107.003922,24.026057
06301,district,lst,36.712898,36.331697,394.388235,22.814913
06302,district,lst,35.178342,34.989494,208.788235,22.525591
06303,district,lst,35.098653,34.763080,416.964706,21.992598
06304,district,lst,36.617908,36.650056,177.874510,23.435800
06305,district,lst,35.585981,35.618509,200.164706,23.080777
06306,district,lst,34.369363,34.348987,275.509804,23.875269
06307,district,lst,34.468560,34.191486,261.647059,23.999206
06308,district,lst,33.892923,33.706428,255.764706,22.514689
06309,district,lst,33.785374,33.788759,367.337255,21.761410
06310,district,lst,33.763944,33.710826,337.945098,22.518335
06311,district,lst,35.483770,35.424123,376.800000,23.673806
06312,district,lst,36.031479,36.753292,198.337255,23.156458
06313,district,lst,33.677272,33.491113,269.866667,22.022451
06314,district,lst,34.178915,34.199081,760.356863,22.587872
06315,district,lst,34.889497,34.863895,451.298039,20.656946
06316,district,lst,34.782506,34.531591,569.784314,19.003675
06317,district,lst,33.657645,33.880708,509.741176,18.642979
06318,district,lst,33.260719,33.856898,516.172549,20.991612
06319,district,lst,33.832408,33.856520,330.756863,20.490141
06320,district,lst,32.199695,32.150344,607.439216,23.769311
06321,district,lst,35.266906,35.304295,378.105882,22.600060
06322,district,lst,35.205137,35.087109,291.541176,24.116043
06323,district,lst,37.456525,37.492723,219.027451,25.868939
06324,district,lst,36.250923,36.067896,1371.145098,25.842665
06325,district,lst,35.128532,34.651995,439.815686,24.190766
06326,district,lst,34.793206,34.726240,320.101961,20.656837
06327,district,lst,34.561667,34.677984,154.650980,21.405467
06328,district,lst,34.513938,34.521324,117.145098,21.989957
06329,district,lst,33.406170,33.410041,727.290196,22.808626
06401,district,lst,34.932728,35.228855,306.086275,23.142098
06402,district,lst,34.545384,34.730014,260.290196,23.226655
06403,district,lst,34.202810,34.291844,409.294118,23.041113
06404,district,lst,34.528026,34.487144,235.945098,25.139713
06405,district,lst,35.380416,35.128877,271.019608,25.804833
06406,district,lst,36.004722,35.858889,170.105882,26.932130
06407,district,lst,34.279883,34.335854,171.247059,26.285174
06408,district,lst,34.719329,34.552629,265.674510,24.034880
06409,district,lst,33.940307,33.919380,333.031373,22.966534
06410,district,lst,34.891501,34.648646,477.764706,25.500706
06411,district,lst,33.935196,34.088753,419.145098,23.336511
06412,district,lst,33.875596,33.779858,270.231373,24.778084
06413,district,lst,35.985936,35.521950,235.094118,25.206092
06414,district,lst,34.000285,34.338692,545.443137,24.419353
06415,district,lst,35.591982,35.280339,638.525490,26.097805
06416,district,lst,33.007699,33.097719,359.305882,26.466739
06417,district,lst,34.124030,34.292317,344.070588,25.423169
06418,district,lst,34.945236,34.671113,334.549020,26.369757
06419,district,lst,34.457055,34.511624,147.905882,25.452142
06420,district,lst,33.847180,33.863925,124.368627,24.279687
06421,district,lst,34.263684,34.140467,187.870588,23.207757
06422,district,lst,34.127168,34.276368,231.388235,24.297132
06423,district,lst,34.668995,34.729979,293.823529,22.546867
06424,district,lst,33.809809,33.870153,287.407843,24.101502
06425,district,lst,33.641614,33.460011,315.482353,24.581108
06426,district,lst,33.946117,33.957491,420.007843,24.961271
06427,district,lst,34.422749,34.423962,325.400000,23.522976
06428,district,lst,33.993457,34.047091,435.752941,22.619167
06429,district,lst,31.462111,31.159817,1656.662745,24.720345
06430,district,lst,34.257397,34.452144,370.113725,26.090327
06501,district,lst,33.335364,33.357506,314.776471,24.415508
06502,district,lst,34.942131,34.531436,522.094118,23.851631
06503,district,lst,33.327916,33.240350,339.431373,25.615643
06504,district,lst,34.184574,33.928429,177.847059,26.914048
06505,district,lst,33.287039,33.166832,276.800000,26.161411
06506,district,lst,33.381157,33.315618,295.670588,26.071144
06507,district,lst,34.766231,34.420152,364.564706,24.834086
06508,district,lst,33.756091,33.422806,413.525490,26.234322
06509,district,lst,33.263525,33.305754,520.647059,25.363078
06510,district,lst,34.981817,34.584558,284.356863,27.308064
06511,district,lst,36.347711,36.547130,105.298039,28.000000
06512,district,lst,34.517358,34.417075,260.580392,27.400433
06513,district,lst,35.756092,35.738453,139.266667,27.073382
06514,district,lst,34.715467,34.762707,160.678431,26.214971
06515,district,lst,34.449419,34.461509,166.192157,25.981264
06516,district,lst,34.491000,34.328636,116.980392,26.724003
06517,district,lst,33.720367,33.771924,105.313725,25.776094
06518,district,lst,33.258174,33.049867,292.831373,26.530199
06519,district,lst,34.922534,34.742356,203.356863,27.796706
06520,district,lst,37.057082,36.799688,478.192157,26.534407
06521,district,lst,34.744474,34.823819,204.917647,26.854499
06522,district,lst,35.605833,35.568523,108.694118,27.204351
06523,district,lst,34.342957,34.164394,350.862745,25.636347
06524,district,lst,35.161829,35.045013,665.619608,25.362540
06525,district,lst,33.890765,33.704518,125.760784,26.431944
06526,district,lst,34.820753,34.808438,108.368627,26.658609
06527,district,lst,34.400514,34.140220,148.713725,26.510152
06528,district,lst,34.214363,34.135331,377.721569,26.038476
06529,district,lst,34.138973,34.104743,336.392157,25.632199
06601,district,lst,27.279122,26.905282,3846.200000,18.961289
06602,district,lst,28.364503,27.409203,1499.439216,18.506273
06603,district,lst,27.891596,26.658536,1367.498039,19.387219
06604,district,lst,31.066572,31.030995,762.258824,19.736480
06605,district,lst,32.999180,33.012940,777.223529,20.955669
06606,district,lst,31.277593,31.094247,959.607843,23.450907
06607,district,lst,34.750043,34.655725,1272.596078,22.709102
06608,district,lst,34.246556,34.205890,375.941176,23.577698
06609,district,lst,34.814085,34.717419,747.082353,19.503134
06610,district,lst,35.650047,35.485890,315.254902,19.104615
06611,district,lst,34.368042,34.392067,210.639216,19.709028
06612,district,lst,30.729035,30.778535,370.537255,18.338121
06613,district,lst,34.807300,34.784085,159.800000,19.514982
06614,district,lst,33.192642,32.902900,732.705882,19.022656
06615,district,lst,33.438952,33.545446,311.705882,20.277751
06616,district,lst,32.600800,32.364836,312.694118,20.508484
06617,district,lst,33.250354,33.081989,487.396078,20.057585
06618,district,lst,34.581211,34.355568,733.498039,19.193946
06619,district,lst,35.011058,34.703635,331.800000,18.780709
06620,district,lst,35.455078,35.674889,176.000000,17.883289
06621,district,lst,32.798778,32.702315,328.870588,20.406644
06622,district,lst,32.464517,32.652237,533.866667,18.906432
06623,district,lst,35.173598,35.556415,353.662745,18.252717
06624,district,lst,34.658555,34.992944,175.749020,18.586643
06625,district,lst,35.031052,34.692225,139.878431,20.588354
06626,district,lst,35.934675,35.892372,244.780392,20.013794
06627,district,lst,36.089648,36.285345,199.737255,20.935916
06628,district,lst,35.880244,35.834402,125.815686,19.868248
06629,district,lst,34.481817,34.557214,263.466667,18.828039
06630,district,lst,34.777637,34.517906,277.666667,17.907507
06701,district,lst,27.816478,27.683105,12075.501961,17.768179
06702,district,lst,31.970370,31.963246,506.831373,19.201390
06703,district,lst,29.979845,28.970808,1411.796078,18.445618
06704,district,lst,27.805924,27.028047,3436.435294,17.733938
06705,district,lst,31.659319,31.402381,405.356863,17.297738
06706,district,lst,26.579806,26.098994,6138.470588,17.610173
06707,district,lst,27.886322,26.786070,3993.545098,16.273823
06708,district,lst,27.088019,26.907022,14316.737255,19.631883
06709,district,lst,29.375658,29.160238,1137.749020,20.894456
06710,district,lst,27.932008,27.219989,1837.819608,19.214865
06711,district,lst,30.972615,30.785593,583.035294,19.116053
06712,district,lst,33.228019,33.142832,516.352941,18.913321
06713,district,lst,31.179294,30.982250,478.870588,20.782986
06714,district,lst,31.728193,31.891829,365.960784,20.242252
06715,district,lst,32.143823,32.077476,290.235294,20.545413
06716,district,lst,31.247323,31.239545,328.992157,21.038931
06717,district,lst,31.442353,31.574617,530.156863,19.759901
06718,district,lst,31.464339,31.146708,590.031373,19.330717
06719,district,lst,31.450601,31.705061,654.380392,16.264678
06720,district,lst,31.355189,31.218186,589.501961,16.513787
06721,district,lst,29.442326,29.283948,1227.066667,18.760653
06722,district,lst,33.593360,33.703824,380.819608,20.341379
06723,district,lst,33.558925,33.679466,192.458824,20.129674
06724,district,lst,32.869200,32.966919,1232.541176,20.062164
06725,district,lst,34.801234,34.768704,529.886275,18.569105
06726,district,lst,34.301278,33.988455,312.039216,18.580721
06727,district,lst,34.408075,34.294881,254.576471,21.076652
06728,district,lst,35.104924,35.205977,449.011765,19.291359
07101,district,lst,36.954454,36.756710,164.525490,31.276064
07102,district,lst,36.278012,36.367055,189.027451,30.307518
07103,district,lst,37.007272,37.147503,124.709804,31.338386
07104,district,lst,37.600416,37.518928,96.050980,31.616707
07105,district,lst,36.906823,36.622267,113.125490,30.917704
07106,district,lst,36.517151,36.343129,104.494118,31.653682
07107,district,lst,38.021973,38.101700,55.949020,31.660265
07108,district,lst,36.516545,36.618280,81.368627,31.864331
07109,district,lst,38.229872,38.489142,88.152941,31.798034
07110,district,lst,36.971914,37.214724,90.533333,30.267998
07111,district,lst,37.827652,37.946180,57.949020,30.870204
07112,district,lst,36.768782,36.620300,75.478431,31.953084
07113,district,lst,36.867519,36.746455,119.988235,31.362225
07114,district,lst,37.168589,37.187380,150.149020,29.549624
07115,district,lst,35.535805,35.741558,137.811765,29.276535
07116,district,lst,36.925206,37.045532,126.717647,28.334974
07117,district,lst,37.125284,37.113301,105.196078,30.553364
07118,district,lst,36.265653,36.427536,97.309804,30.394253
07119,district,lst,36.576102,36.772819,57.105882,30.783478
07120,district,lst,35.947514,35.962020,80.584314,30.691177
07121,district,lst,35.708928,35.709896,86.925490,30.734278
07122,district,lst,36.236258,36.303480,101.952941,31.170821
07123,district,lst,37.361185,37.371953,78.188235,31.506871
07124,district,lst,36.720497,36.753292,83.290196,31.197137
07125,district,lst,37.354112,37.410818,100.160784,30.788458
07126,district,lst,36.899668,36.838742,83.901961,30.160879
07127,district,lst,36.771085,36.709459,74.964706,29.503766
07128,district,lst,36.715462,36.583370,88.635294,29.713609
07129,district,lst,37.181544,37.160036,74.396078,29.006589
07130,district,lst,36.453287,36.522563,137.203922,29.029440
07131,district,lst,35.733629,35.682312,154.360784,30.711854
07132,district,lst,37.324609,37.443215,92.619608,28.102803
07133,district,lst,37.132863,37.009643,89.627451,27.641041
07134,district,lst,35.386032,35.509132,197.905882,27.186482
07201,district,lst,37.412462,37.378789,63.505882,30.761455
07202,district,lst,36.442461,36.255970,92.529412,30.882602
07203,district,lst,37.433757,37.445441,98.050980,30.829061
07204,district,lst,36.965939,36.893430,84.094118,30.448144
07205,district,lst,37.471665,37.558235,102.815686,29.679114
07206,district,lst,38.836228,38.472790,78.984314,29.605233
07207,district,lst,37.944017,37.847058,43.549020,29.000000
07208,district,lst,38.707707,38.855374,61.823529,28.971202
07209,district,lst,36.654543,36.792029,170.317647,28.639083
07210,district,lst,36.113154,36.296416,112.662745,30.844791
07211,district,lst,35.709289,36.165143,254.392157,30.775382
07212,district,lst,37.848475,37.815792,69.109804,31.716223
07213,district,lst,38.785246,38.810940,114.839216,30.567409
07214,district,lst,38.743962,38.773341,49.678431,30.920824
07215,district,lst,37.497667,37.518928,113.647059,29.388130
07216,district,lst,36.736303,36.662536,75.047059,28.912160
07217,district,lst,37.717543,37.775279,86.074510,28.983325
07218,district,lst,36.441671,36.671259,103.309804,29.782531
07219,district,lst,37.203995,37.582161,59.356863,28.050806
07220,district,lst,34.843687,34.808438,147.686275,25.856399
07221,district,lst,37.593410,37.450909,223.796078,26.465182
07222,district,lst,36.614213,36.565300,41.792157,27.951675
07223,district,lst,37.577715,37.763316,50.329412,30.645785
07224,district,lst,37.303736,37.378789,41.643137,31.188907
07225,district,lst,35.833496,35.711251,179.270588,29.711073
07226,district,lst,37.103683,37.026733,53.584314,30.333211
07227,district,lst,36.703113,36.513889,267.745098,29.859846
07228,district,lst,35.360258,35.480934,57.250980,27.731557
07229,district,lst,34.706632,34.669154,154.203922,27.875668
07230,district,lst,36.148919,35.665791,321.407843,31.059774
07231,district,lst,37.860771,37.889356,346.756863,30.070604
07232,district,lst,38.307200,38.204583,442.552941,29.570629
07233,district,lst,37.183036,37.104493,396.478431,30.995035
07234,district,lst,36.878078,36.698459,251.129412,30.934757
07301,district,lst,35.720308,35.891950,121.682353,29.966032
07302,district,lst,36.520787,36.543119,109.482353,30.047174
07303,district,lst,35.930428,35.867368,141.078431,32.182849
07304,district,lst,36.077562,36.148302,80.200000,32.252457
07305,district,lst,36.308028,36.518021,98.258824,30.690493
07306,district,lst,36.358473,36.429149,78.188235,29.102066
07307,district,lst,36.824861,36.854120,81.392157,29.345893
07308,district,lst,35.619609,35.709584,62.831373,28.581138
07309,district,lst,36.315108,36.221308,84.631373,26.219313
07310,district,lst,36.370822,36.267933,80.254902,26.457024
07311,district,lst,36.830288,36.855406,82.635294,27.813734
07312,district,lst,37.334372,37.339368,95.949020,27.948420
07313,district,lst,36.633146,36.751582,104.011765,25.766278
07314,district,lst,36.218981,36.248858,84.937255,25.472459
07315,district,lst,35.651130,35.598001,72.811765,24.699790
07316,district,lst,36.316395,36.293568,49.980392,24.691173
07317,district,lst,36.861719,36.863684,95.823529,26.668713
07318,district,lst,37.925520,37.881238,84.301961,27.498953
07319,district,lst,37.903097,37.944499,101.972549,26.880129
07320,district,lst,37.844785,37.914564,94.501961,28.483194
07321,district,lst,36.671324,36.743381,95.882353,31.305808
07322,district,lst,35.568318,35.543312,84.905882,30.871184
07323,district,lst,36.987162,37.104752,148.192157,28.490857
07324,district,lst,37.710528,37.649216,85.211765,27.135533
07325,district,lst,37.282332,37.409551,55.964706,27.356808
07326,district,lst,36.815810,36.805844,63.819608,27.831510
07327,district,lst,36.784902,36.560348,63.760784,27.552494
07328,district,lst,34.831699,34.742356,136.262745,28.123003
07329,district,lst,34.304317,34.144488,118.611765,28.011208
07330,district,lst,33.827144,33.528881,1295.623529,28.852469
07331,district,lst,37.180356,37.053918,1250.964706,27.881488
07332,district,lst,32.854416,32.862767,298.760784,26.179001
07333,district,lst,33.584352,33.473759,909.027451,25.593455
07334,district,lst,34.335501,34.166739,281.917647,24.806229
07401,district,lst,36.032068,35.668070,124.623529,27.246295
07402,district,lst,36.970192,36.426700,4051.803922,31.061275
07403,district,lst,35.424266,35.028900,118.133333,29.124087
07404,district,lst,34.539956,34.355550,145.200000,29.533031
07405,district,lst,34.506193,34.440686,293.996078,28.729688
07406,district,lst,34.933899,34.853393,245.619608,31.111746
07407,district,lst,37.090838,36.473014,227.615686,32.919352
07408,district,lst,36.404984,36.324906,386.988235,32.457024
07409,district,lst,37.851493,37.844779,304.839216,32.699694
07410,district,lst,38.255566,38.264056,211.894118,32.785687
07411,district,lst,38.442337,38.294635,250.301961,33.826891
07412,district,lst,37.567436,36.808834,90.815686,33.360437
07413,district,lst,36.839040,36.613063,98.160784,33.923255
07414,district,lst,36.990355,36.716152,860.784314,32.163134
07415,district,lst,35.672474,35.849225,313.415686,30.256829
07416,district,lst,34.378474,34.394858,157.094118,30.992885
07417,district,lst,34.699937,34.697682,141.615686,30.997979
07418,district,lst,36.124306,35.635599,183.984314,29.775258
07419,district,lst,34.681742,35.084347,123.933333,27.000823
07420,district,lst,34.898271,34.852018,97.129412,28.209181
07421,district,lst,35.187217,35.235691,116.105882,28.048434
07422,district,lst,37.805953,37.494147,92.274510,28.110497
07423,district,lst,37.183248,36.797441,340.341176,27.382419
07424,district,lst,37.235673,37.465949,225.396078,25.783631
07425,district,lst,38.134350,38.011977,85.396078,26.838630
07426,district,lst,36.512686,36.561882,81.662745,27.429552
07427,district,lst,35.934531,35.930847,93.850980,26.746365
07428,district,lst,35.111580,35.043896,84.349020,25.854387
07429,district,lst,36.118292,36.209826,107.478431,26.911081
07430,district,lst,35.744571,35.799094,140.768627,26.125864
07431,district,lst,34.714292,34.699849,116.945098,26.315482
07432,district,lst,35.050353,35.051118,91.709804,25.475926
07501,district,lst,35.574055,35.727886,352.062745,29.539209
07502,district,lst,36.985539,36.832746,622.780392,27.482964
07503,district,lst,34.146968,34.347451,855.325490,26.172772
07504,district,lst,36.023852,35.218286,1106.215686,26.573714
07505,district,lst,35.178276,34.653944,635.156863,25.337628
07506,district,lst,35.722440,35.683451,138.513725,25.672971
07507,district,lst,36.113523,36.032089,96.192157,26.377390
07508,district,lst,35.673325,35.842389,167.466667,25.609357
07509,district,lst,34.223794,34.231362,225.792157,25.697483
07510,district,lst,35.397177,35.320755,97.000000,24.732969
07511,district,lst,35.936857,35.849225,113.388235,25.042505
07512,district,lst,36.372532,36.210370,100.482353,24.934941
07513,district,lst,36.914217,36.995971,154.490196,24.730118
07514,district,lst,36.475114,36.326894,109.811765,24.151275
07515,district,lst,35.567535,35.505714,85.874510,24.325327
07516,district,lst,35.909778,36.083360,110.866667,24.230024
07517,district,lst,35.910002,36.048040,105.349020,24.299881
07518,district,lst,35.737443,35.396338,152.384314,24.517268
07519,district,lst,35.582897,35.692034,169.917647,23.867525
07520,district,lst,34.426926,34.588336,231.521569,23.980707
07521,district,lst,35.051863,34.927279,186.219608,23.408373
07522,district,lst,34.137857,34.072336,422.917647,23.833964
07523,district,lst,36.235327,36.107950,148.925490,24.129266
07524,district,lst,38.760449,38.274194,555.035294,24.196250
07525,district,lst,36.675713,36.972481,625.023529,24.709947
07526,district,lst,40.056083,40.150944,810.486275,23.648011
07527,district,lst,36.017043,35.926191,115.349020,22.620589
07528,district,lst,35.649698,35.540226,152.772549,23.250712
07529,district,lst,35.154700,35.167396,165.203922,23.627721
07530,district,lst,33.106396,33.720581,584.749020,24.925002
07531,district,lst,33.202070,33.201627,462.156863,24.097090
07532,district,lst,34.294120,34.515669,347.152941,24.125164
07533,district,lst,34.688182,34.762295,82.184314,24.116047
07534,district,lst,33.050428,33.294683,219.364706,24.181862
07601,district,lst,39.028104,38.344415,1009.823529,23.894670
07602,district,lst,34.962260,34.859314,452.188235,24.087817
07603,district,lst,34.171312,34.103222,283.611765,24.016938
07604,district,lst,34.639362,34.738829,289.580392,24.444145
07605,district,lst,35.180498,35.101202,312.623529,24.139277
07606,district,lst,35.603942,35.615091,242.360784,23.949306
07607,district,lst,37.453767,37.030741,626.333333,23.703610
07608,district,lst,38.631605,37.403846,706.952941,23.746928
07609,district,lst,35.389378,34.921377,232.803922,25.633302
07610,district,lst,35.159044,34.483113,325.062745,25.578531
07611,district,lst,35.605984,35.552576,200.062745,25.221676
07612,district,lst,35.550531,35.541603,253.686275,25.636930
07613,district,lst,36.861750,36.084364,521.941176,24.805823
07614,district,lst,35.006345,35.274930,516.407843,25.515962
07615,district,lst,36.625238,36.582391,199.258824,24.717758
07616,district,lst,36.478217,35.950958,268.207843,24.997237
07617,district,lst,36.024533,36.067085,163.725490,25.168886
07618,district,lst,35.491373,35.446438,96.317647,24.571679
07619,district,lst,35.342561,35.392920,112.996078,24.796557
07620,district,lst,34.904472,34.929778,75.043137,25.149561
07621,district,lst,35.799316,35.930153,141.050980,23.939307
07622,district,lst,36.136562,36.170662,150.658824,23.939221
07623,district,lst,31.326326,31.329329,146.137255,25.035529
07624,district,lst,33.957818,34.082109,61.572549,24.852175
07625,district,lst,33.394399,33.454071,116.525490,24.225214
07626,district,lst,33.507973,33.359198,97.921569,25.380937
07627,district,lst,34.965171,35.103008,373.192157,24.488809
07628,district,lst,33.662691,33.378886,1690.525490,24.448205
07629,district,lst,33.809831,33.567653,1501.525490,23.424170
07630,district,lst,38.346303,38.687405,1377.317647,24.187289
07631,district,lst,35.622447,34.781415,812.709804,24.722135
07632,district,lst,33.973861,34.073847,337.917647,25.801483
07701,district,lst,34.655450,34.682714,359.937255,23.331637
07702,district,lst,35.033292,35.036730,307.749020,23.298550
07703,district,lst,34.418857,34.772055,282.274510,22.706293
07704,district,lst,35.398045,35.338847,318.490196,23.009764
07705,district,lst,34.584573,34.916675,271.988235,23.387502
07706,district,lst,34.535396,34.434165,317.619608,24.142284
07707,district,lst,34.897892,34.038367,530.125490,25.556938
07708,district,lst,35.128168,35.064790,277.674510,24.225218
07709,district,lst,35.052014,34.984466,186.247059,22.656665
07710,district,lst,35.385241,35.475364,272.717647,22.203385
07711,district,lst,34.770800,34.887216,337.478431,24.496148
07712,district,lst,34.871790,34.900725,284.364706,23.929557
07713,district,lst,33.819722,33.952766,344.650980,25.994698
07714,district,lst,33.035593,33.110537,132.054902,26.096573
07715,district,lst,33.773829,33.849684,62.964706,26.000000
07716,district,lst,34.777323,34.737762,239.721569,26.366962
07717,district,lst,34.373012,34.367812,87.568627,27.232602
07718,district,lst,34.634855,34.891755,259.670588,27.432146
07719,district,lst,35.165182,35.149304,189.862745,26.538676
07720,district,lst,34.783573,34.842618,127.125490,26.745843
07721,district,lst,34.700737,34.789961,126.607843,26.000000
07722,district,lst,34.616329,34.760586,325.184314,25.402897
07723,district,lst,34.801836,34.816983,239.650980,26.043053
07724,district,lst,34.138097,34.101926,363.294118,23.847334
07725,district,lst,33.728434,33.455757,268.870588,24.503573
07726,district,lst,33.479217,33.356468,278.843137,25.562436
07727,district,lst,31.003503,31.603475,489.521569,26.764844
07728,district,lst,33.284093,33.324040,339.160784,27.799690
07729,district,lst,34.100149,33.602145,416.450980,27.730609
07730,district,lst,34.108428,34.175479,326.478431,27.767753
07731,district,lst,33.701487,33.734957,379.270588,27.654176
07732,district,lst,33.717065,33.921462,325.415686,27.299334
07733,district,lst,30.804090,30.994213,513.168627,27.498517
08101,district,lst,36.107252,36.332875,71.231373,29.295915
08102,district,lst,36.593942,37.050659,51.243137,29.612382
08103,district,lst,37.499337,37.404424,68.223529,28.588147
08104,district,lst,38.137696,38.133602,46.968627,29.324539
08105,district,lst,38.277273,38.325581,92.964706,31.212436
08106,district,lst,36.514577,36.941795,60.486275,28.840832
08107,district,lst,37.743650,37.761607,74.894118,29.310661
08108,district,lst,38.596827,38.711817,68.035294,28.867255
08109,district,lst,38.516675,38.604149,53.050980,29.147102
08110,district,lst,37.492280,37.665903,68.870588,29.181301
08111,district,lst,36.610908,36.708857,83.145098,28.806622
08112,district,lst,36.156527,36.507194,71.596078,28.944241
08113,district,lst,36.133408,35.549531,176.082353,29.284827
08114,district,lst,37.961514,37.753062,120.400000,28.989545
08115,district,lst,37.070211,37.114869,56.984314,29.542564
08116,district,lst,36.030994,36.298799,79.713725,29.323511
08117,district,lst,35.838276,35.926131,72.560784,28.156191
08118,district,lst,36.947644,36.603023,60.635294,30.291553
08119,district,lst,38.181820,38.305073,66.607843,29.537180
08120,district,lst,37.892406,38.016358,98.615686,28.814093
08121,district,lst,36.142957,36.368764,61.870588,29.820815
08122,district,lst,37.094813,37.146364,51.529412,29.244597
08123,district,lst,36.369325,36.558464,55.239216,27.765583
08124,district,lst,36.708744,36.807125,81.270588,28.893167
08125,district,lst,34.934782,34.728363,165.423529,27.665647
08126,district,lst,37.199153,37.325287,108.882353,26.432451
08127,district,lst,36.354017,35.837277,266.047059,27.226939
08128,district,lst,37.175481,37.353154,73.623529,27.749920
08129,district,lst,37.277327,37.271132,50.262745,27.465788
08130,district,lst,36.145781,35.892114,130.329412,27.027953
08131,district,lst,37.647702,37.274339,203.933333,26.799031
08201,district,lst,36.695773,36.748164,96.254902,33.149481
08202,district,lst,36.856353,37.236941,93.615686,31.217954
08203,district,lst,38.220231,38.229876,78.145098,28.485773
08204,district,lst,31.850769,31.341950,1179.423529,32.428335
08205,district,lst,36.984237,37.343634,147.368627,32.823226
08206,district,lst,38.069582,38.148698,75.074510,30.884193
08207,district,lst,39.063768,38.954496,63.913725,30.411584
08208,district,lst,37.400256,37.310429,49.819608,30.433249
08209,district,lst,39.159378,39.079681,140.737255,27.857780
08210,district,lst,38.179385,37.894910,56.568627,29.051577
08211,district,lst,37.987517,37.889297,131.968627,27.552894
08212,district,lst,38.037994,37.898328,177.678431,29.324711
08213,district,lst,35.891328,35.714213,91.905882,29.674262
08214,district,lst,36.111339,35.955825,63.239216,30.000000
08215,district,lst,36.671920,36.243056,57.176471,29.838889
08216,district,lst,34.894641,35.017124,65.325490,29.943391
08217,district,lst,34.748643,35.088608,516.239216,29.758920
08218,district,lst,34.104600,33.290837,69.494118,28.604029
08219,district,lst,37.986544,38.366597,55.949020,30.042966
08220,district,lst,34.037226,33.750561,203.886275,30.608144
08221,district,lst,35.365785,35.192116,154.784314,29.649202
08222,district,lst,37.443574,37.136110,112.929412,27.322429
08223,district,lst,37.692487,37.802624,97.972549,28.180683
08224,district,lst,35.667243,35.418555,161.631373,28.848481
08225,district,lst,36.485447,36.883176,49.101961,29.558741
08226,district,lst,35.660733,35.662943,48.976471,30.000000
08227,district,lst,36.149930,36.199572,68.905882,29.471459
08228,district,lst,34.177890,33.861647,314.129412,28.629652
08229,district,lst,37.087691,37.305370,57.380392,28.381219
08230,district,lst,37.301914,37.307011,40.717647,30.630068
08231,district,lst,38.612907,38.667383,60.356863,28.998506
08301,district,lst,36.484258,36.396744,78.650980,27.577782
08302,district,lst,37.793756,37.853894,62.776471,27.809845
08303,district,lst,38.475398,38.575096,68.313725,27.617623
08304,district,lst,37.859888,37.765733,105.435294,26.458789
08305,district,lst,36.868750,36.756710,83.545098,27.736857
08306,district,lst,38.225756,38.178093,52.678431,28.351448
08307,district,lst,37.576496,37.868705,70.313725,28.823424
08308,district,lst,37.925130,38.171770,80.294118,28.562002
08309,district,lst,37.014017,36.900038,1120.709804,28.133200
08310,district,lst,34.032238,33.841138,190.784314,29.349353
08311,district,lst,39.931121,40.029301,1803.996078,28.263748
08312,district,lst,34.891136,35.080171,320.352941,29.000000
08313,district,lst,34.314512,34.264973,196.203922,29.000000
08314,district,lst,35.723691,35.025847,172.643137,29.429584
08315,district,lst,38.782247,40.231127,432.592157,29.589288
08316,district,lst,34.891370,34.759716,198.749020,29.009234
08317,district,lst,36.233946,35.831609,144.415686,28.620024
08318,district,lst,35.638598,35.303197,131.537255,28.812921
08319,district,lst,33.015954,33.095326,234.180392,28.723123
08320,district,lst,34.471110,34.848885,288.403922,28.629564
08321,district,lst,36.202115,36.357656,136.439216,28.635663
08322,district,lst,38.933165,38.928223,187.023529,29.372230
08323,district,lst,38.254922,38.245178,108.847059,29.220205
08324,district,lst,37.663478,37.634171,139.588235,29.691502
08325,district,lst,37.874095,37.867566,77.458824,29.515290
08326,district,lst,35.003718,35.016083,233.756863,28.908217
08327,district,lst,36.471301,36.144480,244.725490,29.167070
08328,district,lst,34.507043,34.263264,198.682353,27.490269
08329,district,lst,36.698561,36.843735,562.250980,29.828623
08330,district,lst,35.504071,35.154157,326.058824,29.177160
08331,district,lst,37.887065,37.147300,178.364706,25.720071
08332,district,lst,38.041465,37.975812,159.184314,28.902419
08401,district,lst,34.893087,34.658359,1502.690196,25.903493
08402,district,lst,35.798633,35.948063,71.615686,27.669204
08403,district,lst,36.220182,35.728740,178.101961,27.498261
08404,district,lst,35.290119,35.330140,238.694118,25.761973
08405,district,lst,35.521908,35.634737,274.454902,25.972352
08406,district,lst,34.546876,34.981247,460.780392,26.263738
08407,district,lst,35.310730,35.412833,359.266667,26.092170
08408,district,lst,35.954093,35.890974,175.827451,27.761732
08409,district,lst,34.870891,34.796475,286.976471,25.466609
08410,district,lst,36.770204,36.956158,181.039216,26.590837
08411,district,lst,36.491113,36.519220,437.984314,26.267025
08412,district,lst,35.287885,35.386084,119.701961,24.921865
08413,district,lst,34.697619,34.225178,232.690196,25.483096
08414,district,lst,36.413256,36.329457,153.262745,25.173609
08415,district,lst,34.294749,34.008621,65.101961,23.099271
08416,district,lst,36.291503,36.367566,270.952941,26.542573
08417,district,lst,35.755821,35.765484,111.149020,26.760929
08418,district,lst,36.383952,36.325184,150.501961,25.220725
08419,district,lst,35.449697,35.576006,146.584314,24.976939
08420,district,lst,36.416939,36.323170,209.882353,26.428606
08421,district,lst,35.016344,35.128023,70.082353,25.039617
08422,district,lst,34.861192,34.739678,213.607843,24.838223
08423,district,lst,31.392056,31.144408,119.337255,24.580526
08424,district,lst,34.527767,34.213703,43.600000,24.721083
08425,district,lst,34.197287,34.227402,150.882353,25.206550
08426,district,lst,35.833736,35.765790,504.027451,25.399068
08427,district,lst,32.266458,32.176563,115.619608,25.000000
08428,district,lst,34.693454,34.683241,76.988235,24.668195
08429,district,lst,34.414017,34.445558,89.058824,25.273140
08430,district,lst,33.345666,33.295856,74.211765,25.000000
08431,district,lst,35.963143,35.664263,271.490196,25.772671
08501,district,lst,35.775854,35.318107,1837.898039,25.070953
08502,district,lst,33.825357,34.405537,628.211765,24.379896
08503,district,lst,35.291801,34.953918,417.372549,25.040787
08504,district,lst,33.634345,33.975296,1668.227451,24.936349
08505,district,lst,34.300030,34.232502,157.380392,27.238413
08506,district,lst,34.120980,34.024857,185.549020,26.838043
08507,district,lst,34.914268,34.945586,146.145098,26.873159
08508,district,lst,33.443708,33.589785,450.764706,25.418739
08509,district,lst,35.902491,36.107286,276.356863,25.904344
08510,district,lst,33.738380,33.649516,211.650980,24.643346
08511,district,lst,34.999602,35.031387,298.345098,24.693341
08512,district,lst,35.027009,34.775241,933.290196,24.678586
08513,district,lst,35.833375,35.890184,426.600000,24.426510
08514,district,lst,31.526340,31.530014,1760.827451,24.947367
08515,district,lst,35.314834,35.332030,143.611765,24.963245
08516,district,lst,35.327587,35.471534,117.058824,24.071189
08517,district,lst,35.979607,35.979110,208.768627,24.256518
08518,district,lst,35.802079,35.857016,341.223529,24.782478
08519,district,lst,35.368560,35.192464,330.207843,23.645939
08520,district,lst,34.612447,34.673768,226.925490,25.162738
08521,district,lst,35.161759,35.207331,218.752941,25.024345
08522,district,lst,35.485862,35.485980,148.121569,24.988669
08523,district,lst,34.842925,34.866203,337.294118,25.030136
08524,district,lst,35.552148,34.907291,419.423529,24.751554
08525,district,lst,35.268601,35.392408,140.972549,24.871092
08526,district,lst,35.396799,35.524839,138.960784,24.989953
08527,district,lst,36.217451,36.054551,289.823529,25.073567
08528,district,lst,36.249224,36.105640,225.447059,24.423055
08529,district,lst,34.944623,35.077184,265.078431,24.707316
08530,district,lst,35.171594,35.163699,160.160784,25.407850
08531,district,lst,36.243425,36.260777,318.392157,25.779985
08532,district,lst,34.422619,34.365805,134.721569,25.966292
08533,district,lst,36.174765,36.174950,204.643137,25.260827
08534,district,lst,34.904181,35.201300,290.470588,26.534427
08535,district,lst,35.226684,35.137738,332.619608,26.797555
08601,district,lst,34.764195,35.066499,79.419608,25.158552
08602,district,lst,35.395175,35.543312,62.776471,25.242441
08603,district,lst,34.409238,35.095991,175.690196,25.021852
08604,district,lst,35.780929,35.711371,96.870588,24.657841
08605,district,lst,34.447200,34.610193,83.525490,24.601437
08606,district,lst,34.909582,34.918961,444.823529,24.917085
08607,district,lst,35.396554,35.318065,343.843137,25.516857
08608,district,lst,35.318410,35.259617,214.878431,23.945304
08609,district,lst,35.647533,35.300230,373.254902,24.258689
08610,district,lst,35.573355,35.539894,177.278431,23.577379
08611,district,lst,35.388215,35.430270,356.325490,26.406293
08612,district,lst,34.211179,34.204691,83.905882,23.100439
08613,district,lst,36.002892,35.992560,287.015686,23.648800
08614,district,lst,35.206368,35.578213,264.709804,26.032103
08615,district,lst,34.732476,34.826505,387.874510,26.325535
08616,district,lst,35.483931,35.485126,403.109804,26.421527
08617,district,lst,34.423784,34.797303,487.984314,26.331086
08618,district,lst,34.907101,35.114921,245.560784,26.851528
08619,district,lst,34.156478,34.483071,431.223529,26.995562
08620,district,lst,35.822779,35.772980,756.749020,23.790326
08621,district,lst,37.093692,36.600077,684.749020,24.306344
08622,district,lst,34.893037,34.976515,348.474510,24.048795
08623,district,lst,33.420121,33.578709,221.007843,23.888514
08624,district,lst,33.922563,34.712547,691.035294,24.216509
08625,district,lst,34.927992,34.773294,357.015686,23.942387
08626,district,lst,33.177171,33.166696,649.035294,24.119707
08627,district,lst,34.413374,34.507498,299.811765,25.400526
08628,district,lst,35.219628,35.334719,323.015686,24.733577
08629,district,lst,34.235432,34.164374,245.109804,23.830424
08630,district,lst,35.742109,35.711148,505.043137,24.194299
08631,district,lst,33.270106,33.494209,192.066667,24.554954
08632,district,lst,34.932911,35.098115,201.007843,24.551534
08633,district,lst,34.430294,34.294869,179.525490,24.432010
08634,district,lst,32.973965,32.954922,704.239216,26.389106
08635,district,lst,33.880274,33.904897,1006.749020,26.146556
09101,district,lst,33.916091,34.299153,78.372549,30.079009
09102,district,lst,34.620066,34.806729,88.231373,29.923463
09103,district,lst,35.415208,35.831452,71.494118,30.000000
09104,district,lst,35.814935,35.691305,632.972549,27.020402
09105,district,lst,36.642668,36.734492,101.054902,29.832163
09106,district,lst,35.629900,35.758648,48.031373,29.311806
09107,district,lst,36.494527,36.789181,54.600000,29.268189
09108,district,lst,38.163893,38.166643,183.474510,29.398795
09109,district,lst,32.486272,31.572764,720.803922,27.134262
09110,district,lst,35.197963,35.258457,95.917647,28.126743
09111,district,lst,31.767145,31.970142,1273.690196,28.244342
09112,district,lst,34.403285,34.419923,143.474510,28.068797
09113,district,lst,29.692330,28.464387,1563.478431,26.920607
09114,district,lst,35.480778,35.392920,109.478431,28.131103
09115,district,lst,35.379436,35.434865,119.219608,27.928785
09116,district,lst,35.578023,36.087629,128.450980,26.856510
09117,district,lst,35.147125,35.454444,112.121569,27.852436
09118,district,lst,34.954625,34.861496,392.215686,28.392931
09119,district,lst,36.308963,36.257988,154.870588,27.963866
09120,district,lst,33.710612,33.901265,298.254902,27.209388
09121,district,lst,36.620536,37.207722,83.968627,27.275126
09122,district,lst,36.090777,35.956714,252.568627,26.666408
09123,district,lst,35.753896,36.016725,175.525490,27.795728
09124,district,lst,36.348493,36.400427,147.164706,25.826685
09125,district,lst,36.390099,36.496940,115.807843,25.932613
09126,district,lst,34.858085,35.014422,147.505882,27.383979
09127,district,lst,36.734288,36.810259,82.223529,27.528116
09128,district,lst,35.123445,35.514687,218.988235,28.784607
09129,district,lst,35.727628,35.650980,73.105882,28.227336
09130,district,lst,34.092164,34.230793,180.498039,30.089925
09201,district,lst,33.808089,35.218828,1455.427451,27.745267
09202,district,lst,33.397822,33.641103,731.976471,30.289375
09203,district,lst,36.805699,36.705439,70.239216,32.722182
09204,district,lst,36.527344,36.310658,62.490196,32.031817
09205,district,lst,36.470318,36.480704,81.882353,31.948420
09206,district,lst,30.218795,29.839229,4202.576471,29.321014
09207,district,lst,35.119140,34.862101,127.964706,31.952039
09208,district,lst,36.186250,36.298695,58.901961,32.826298
09209,district,lst,37.596370,38.459039,252.090196,31.209013
09210,district,lst,38.670139,38.622948,47.639216,34.000000
09211,district,lst,37.409952,37.451345,65.270588,33.572218
09212,district,lst,36.738682,36.798445,121.035294,33.302229
09213,district,lst,35.690267,35.870458,98.298039,32.957991
09214,district,lst,35.198696,36.332439,714.156863,32.767712
09215,district,lst,39.620919,39.454958,118.882353,32.051394
09216,district,lst,36.630683,36.654169,173.325490,30.667994
09217,district,lst,32.114989,31.591376,642.070588,28.217532
09218,district,lst,30.909981,30.960089,426.529412,28.631426
09219,district,lst,34.403423,34.672999,180.698039,29.065042
09220,district,lst,34.866378,34.884843,163.956863,29.303882
09221,district,lst,31.078764,30.715352,807.407843,27.837995
09222,district,lst,35.318554,35.455693,447.772549,29.204165
09223,district,lst,35.098576,35.201359,175.984314,30.926152
09224,district,lst,37.692740,37.635710,92.141176,29.781324
09225,district,lst,33.773315,33.048571,605.572549,30.045266
09226,district,lst,34.413718,34.940886,258.188235,29.763586
09227,district,lst,32.622046,33.107589,354.874510,29.151680
09228,district,lst,32.255772,31.969431,603.811765,29.195204
09229,district,lst,33.480967,33.659958,192.913725,29.666111
09230,district,lst,30.645761,30.484643,447.360784,29.517852
09301,district,lst,34.638071,34.718841,1993.992157,29.640473
09302,district,lst,34.463067,34.546763,1196.231373,30.500572
09303,district,lst,30.286480,29.467440,2161.454902,30.821538
09304,district,lst,32.914617,33.147919,829.356863,27.055441
09305,district,lst,35.285505,35.474952,254.721569,28.377667
09306,district,lst,35.976352,36.072251,151.482353,30.794786
09307,district,lst,36.072528,36.177355,92.984314,28.220784
09308,district,lst,35.537137,35.427100,90.192157,26.028914
09309,district,lst,36.799933,36.881965,109.615686,26.480288
09310,district,lst,35.301527,35.101372,341.101961,25.430646
09311,district,lst,35.806033,35.827198,428.105882,25.477745
09312,district,lst,37.000543,36.926693,1186.439216,27.114110
09313,district,lst,35.894711,35.852643,176.243137,26.092274
09314,district,lst,36.591568,36.389531,103.858824,28.540477
09315,district,lst,36.505835,36.446925,91.364706,30.984505
09316,district,lst,35.570977,35.717631,213.141176,32.523486
09317,district,lst,35.031494,35.048839,227.568627,32.562002
09318,district,lst,37.401262,37.348027,78.768627,32.012496
09319,district,lst,38.214740,38.035393,1456.541176,30.121618
09320,district,lst,37.666012,37.723270,885.600000,29.285425
09321,district,lst,37.185053,37.238403,120.807843,31.092547
09322,district,lst,34.636226,35.356461,149.415686,31.568174
09323,district,lst,35.484880,35.454259,169.180392,32.177465
09324,district,lst,35.478519,36.093614,108.047059,32.052991
09325,district,lst,34.294484,34.584558,370.925490,29.882023
09326,district,lst,34.142794,33.963255,622.156863,27.965767
09327,district,lst,34.286842,34.632992,255.929412,31.632573
09328,district,lst,33.905855,34.228229,216.694118,30.364479
09329,district,lst,37.539963,37.652864,2327.666667,24.964524
09330,district,lst,38.112667,38.142697,526.290196,28.798270
09401,district,lst,33.900544,34.217682,887.286275,24.007845
09402,district,lst,35.515845,35.602751,831.494118,24.066537
09403,district,lst,35.525606,35.390527,326.572549,23.564965
09404,district,lst,35.515974,35.355122,328.282353,24.369147
09405,district,lst,35.203320,35.045151,373.949020,24.459106
09406,district,lst,35.251403,35.196984,400.360784,22.155233
09407,district,lst,34.985063,34.924485,399.760784,23.194920
09408,district,lst,34.270772,34.511278,419.321569,24.395775
09409,district,lst,35.645729,35.476027,182.321569,24.952895
09410,district,lst,34.963210,34.927916,240.533333,24.983028
09411,district,lst,35.571974,35.651608,214.164706,23.796363
09412,district,lst,36.498118,36.613838,303.603922,24.419664
09413,district,lst,35.858795,35.896991,255.713725,23.259343
09414,district,lst,35.320654,35.307469,144.819608,23.189905
09415,district,lst,36.251386,36.052256,164.843137,23.147686
09416,district,lst,32.631607,32.829969,992.294118,24.535614
09417,district,lst,33.802671,34.115653,570.125490,24.552235
09418,district,lst,34.487230,34.481846,451.086275,24.771567
09419,district,lst,35.277855,35.148531,68.572549,25.530882
09420,district,lst,34.186425,34.413657,346.803922,24.561938
09421,district,lst,35.000464,34.761492,357.572549,25.136717
09422,district,lst,35.211332,35.298803,315.184314,24.953952
09423,district,lst,36.108378,36.171049,167.164706,23.015295
09424,district,lst,35.992769,35.435380,2407.360784,24.651603
09425,district,lst,35.155401,34.838044,412.968627,22.952178
09426,district,lst,34.626515,34.649633,435.050980,22.952099
09427,district,lst,34.883297,34.946506,411.325490,22.997445
09428,district,lst,33.764388,33.592345,507.788235,23.126909
09429,district,lst,34.512303,34.400760,799.521569,22.660410
09430,district,lst,34.694630,34.893879,539.960784,22.504118
09431,district,lst,34.193787,34.263072,646.541176,24.161784
09432,district,lst,34.398630,34.611484,492.023529,24.841965
09433,district,lst,33.929002,34.453975,603.952941,25.113656
09501,district,lst,33.837296,34.029754,578.266667,27.544087
09502,district,lst,34.930028,35.048554,103.529412,31.451856
09503,district,lst,33.595641,35.080690,175.682353,30.617938
09504,district,lst,32.807423,34.411948,146.529412,29.977680
09505,district,lst,33.279903,33.865492,234.925490,30.195089
09506,district,lst,35.873846,35.656107,64.690196,29.127182
09507,district,lst,34.360823,34.142829,213.129412,32.694763
09508,district,lst,35.921704,36.035590,844.419608,27.528916
09509,district,lst,30.514050,29.726011,459.027451,28.078657
09510,district,lst,36.860099,35.674653,677.454902,32.244276
09511,district,lst,35.778668,35.786114,238.698039,32.456315
09512,district,lst,35.105850,35.032318,133.654902,30.242709
09513,district,lst,30.198031,29.397855,1020.341176,30.485858
09514,district,lst,35.582978,35.471534,84.635294,34.880919
09515,district,lst,35.115873,34.860734,469.454902,31.481142
09516,district,lst,38.237851,38.044947,100.411765,28.838977
09517,district,lst,37.088088,37.241499,191.027451,29.333244
09518,district,lst,35.304942,35.201510,134.105882,32.548469
09519,district,lst,36.551841,36.445670,105.647059,33.785301
09520,district,lst,38.446059,38.579250,225.070588,28.203405
09521,district,lst,36.106064,36.650919,827.380392,25.935321
09522,district,lst,32.066088,32.279880,1303.505882,23.136257
09523,district,lst,36.293594,36.407644,124.552941,23.968137
09524,district,lst,31.716095,32.798642,212.784314,23.718448
09525,district,lst,33.084243,32.973357,324.831373,23.586694
09526,district,lst,32.141222,33.797844,302.603922,24.004808
09527,district,lst,28.274112,27.780249,5574.156863,25.449511
09528,district,lst,31.841213,32.405114,622.611765,25.442129
09529,district,lst,29.370775,28.847326,3831.560784,25.892568
09530,district,lst,28.521258,28.283940,3868.615686,25.607649
09531,district,lst,27.389233,27.343622,8691.686275,24.768496
09532,district,lst,27.638280,27.467792,3140.305882,23.886786
09601,district,lst,33.826720,34.403403,393.313725,30.508161
09602,district,lst,34.791652,34.834073,73.854902,30.246057
09603,district,lst,36.496316,36.568718,132.074510,30.594050
09604,district,lst,33.272813,33.003724,146.792157,31.435964
09605,district,lst,34.771347,34.762177,83.878431,31.731872
09606,district,lst,31.533690,31.712810,517.847059,30.523389
09607,district,lst,29.666079,28.040874,620.996078,31.539948
09608,district,lst,33.722109,33.771310,59.192157,32.334106
09609,district,lst,27.631201,27.343564,2028.188235,29.703961
09610,district,lst,32.877905,33.012269,189.133333,33.174065
09611,district,lst,34.412806,35.819318,217.831373,28.295443
09612,district,lst,38.239950,38.352925,86.196078,29.579436
09613,district,lst,37.675650,37.697804,104.494118,30.635330
09614,district,lst,35.588487,35.939803,135.529412,31.100810
09615,district,lst,34.366403,35.550880,497.290196,29.368192
09616,district,lst,33.393850,35.349318,550.282353,32.425471
09617,district,lst,36.126436,36.146868,194.262745,27.250237
09618,district,lst,34.546210,34.926029,282.200000,28.197843
09619,district,lst,31.078917,30.097837,978.396078,31.035757
09620,district,lst,33.765044,34.974782,440.125490,26.084013
09621,district,lst,31.671323,32.021054,571.219608,24.008465
09622,district,lst,35.266448,35.215183,101.501961,23.595024
09623,district,lst,27.317946,26.842783,3476.094118,25.361580
09624,district,lst,29.205052,29.530730,563.274510,23.526668
09625,district,lst,27.660962,27.344192,6321.945098,25.136655
09626,district,lst,31.372780,31.537203,1215.325490,25.927165
09627,district,lst,33.700873,33.907975,740.447059,28.418396
09628,district,lst,28.100061,28.156109,8075.839216,24.539613
09629,district,lst,25.737633,24.533064,13195.443137,30.834213
09630,district,lst,28.168682,27.906216,11425.388235,27.671009
09701,district,lst,32.057212,31.971233,1560.584314,27.245868
09702,district,lst,35.088326,35.107515,136.992157,28.026107
09703,district,lst,34.880139,34.792962,204.050980,27.465147
09704,district,lst,35.085749,35.453077,188.537255,26.616719
09705,district,lst,34.820324,34.974561,307.937255,27.404984
09706,district,lst,28.603658,27.529395,1806.529412,22.220839
09707,district,lst,34.257450,34.423213,318.533333,27.570913
09708,district,lst,35.332256,35.197553,134.184314,28.737061
09709,district,lst,34.964567,34.666590,269.913725,28.006756
09710,district,lst,33.403642,33.739168,268.733333,28.381937
09711,district,lst,28.833434,27.338384,1572.882353,26.393839
09712,district,lst,27.186871,26.217124,9646.607843,25.762488
09713,district,lst,34.240474,34.511365,275.972549,29.099655
09714,district,lst,33.578454,33.677626,173.772549,30.420112
09715,district,lst,33.238495,33.775694,362.580392,29.339819
09716,district,lst,30.301445,29.903751,630.639216,28.558618
09717,district,lst,35.300179,35.114351,89.219608,29.629423
09718,district,lst,35.537261,35.793161,222.290196,30.953655
09719,district,lst,34.686743,34.600793,132.254902,30.009370
09720,district,lst,33.943145,35.162667,262.588235,26.819280
09721,district,lst,33.587666,33.593508,261.505882,30.034791
09722,district,lst,34.902374,34.996429,128.352941,30.767614
09723,district,lst,34.207358,34.478244,112.509804,28.917079
09724,district,lst,30.739536,30.548706,1775.149020,32.105547
09725,district,lst,27.206890,26.403596,7226.615686,26.281076
09726,district,lst,33.031662,33.264038,700.054902,32.427272
09727,district,lst,27.422361,26.781433,8234.823529,27.086154
09728,district,lst,31.069076,31.344818,1658.549020,32.001513
09729,district,lst,33.297749,33.762524,693.203922,29.943343
09730,district,lst,32.025302,32.138192,1206.698039,31.663798
09731,district,lst,31.503934,31.410084,767.843137,29.908672
09732,district,lst,28.781226,28.405527,1779.760784,29.073191
10101,district,lst,33.890362,33.668860,328.301961,23.936357
10102,district,lst,36.039561,36.009802,81.517647,22.562467
10103,district,lst,35.536273,35.668609,190.439216,22.238685
10104,district,lst,35.461039,35.520186,277.929412,22.374365
10105,district,lst,36.326877,36.338224,115.145098,21.881105
10106,district,lst,35.304525,35.272279,175.164706,22.052432
10107,district,lst,35.249489,35.353612,158.635294,20.210200
10108,district,lst,33.893428,34.163310,145.407843,19.219342
10109,district,lst,31.781282,31.784949,390.858824,18.445294
10110,district,lst,34.858444,34.698181,83.690196,22.712338
10111,district,lst,35.334590,35.272434,97.192157,20.906391
10112,district,lst,34.833117,34.768704,72.980392,21.377969
10113,district,lst,33.575556,33.461655,398.474510,20.426233
10114,district,lst,35.722637,35.700541,121.709804,19.585868
10115,district,lst,35.916006,35.820172,65.349020,18.449952
10116,district,lst,33.262788,33.179847,64.329412,18.000000
10117,district,lst,32.328372,32.349200,180.415686,18.366061
10118,district,lst,35.167529,35.382665,99.521569,22.956695
10119,district,lst,35.409501,35.301274,68.125490,22.022795
10120,district,lst,35.550978,35.729595,96.090196,21.508550
10121,district,lst,35.426228,35.553889,107.180392,20.370019
10122,district,lst,34.435958,34.485435,42.815686,18.656714
10123,district,lst,32.730270,32.832823,138.694118,18.880114
10124,district,lst,33.598528,33.667247,106.258824,18.101122
10125,district,lst,34.814890,34.592888,163.694118,17.300321
10126,district,lst,34.642079,34.576013,191.474510,17.000000
10127,district,lst,33.557667,33.416165,127.545098,17.387345
10128,district,lst,33.919387,34.067584,89.450980,17.687549
10129,district,lst,34.162723,34.111162,92.337255,18.000000
10130,district,lst,33.673634,33.794411,110.356863,17.593405
10131,district,lst,30.294808,29.410957,725.537255,17.338529
10132,district,lst,35.138988,34.887622,97.470588,17.878334
10201,district,lst,36.017491,35.861758,173.019608,22.277108
10202,district,lst,35.651988,35.558479,93.662745,22.495059
10203,district,lst,34.557656,34.675990,133.380392,22.147801
10204,district,lst,34.055953,34.401694,83.984314,21.913663
10205,district,lst,34.444116,34.764004,93.972549,21.015274
10206,district,lst,34.997051,35.129530,120.270588,19.706479
10207,district,lst,33.686801,33.576242,91.298039,17.683433
10208,district,lst,33.224990,33.302220,226.243137,20.159138
10209,district,lst,35.383750,35.338231,85.062745,20.842746
10210,district,lst,35.298913,35.200317,410.737255,19.367326
10211,district,lst,33.681090,33.616083,78.431373,20.271800
10212,district,lst,34.788388,34.899502,96.717647,20.970969
10213,district,lst,34.979189,34.681402,141.082353,22.056843
10214,district,lst,34.422997,34.137652,69.729412,22.388223
10215,district,lst,34.883386,35.164398,86.282353,22.406918
10216,district,lst,34.929202,35.060856,4115.505882,22.859896
10217,district,lst,33.506035,33.490898,62.474510,22.594501
10218,district,lst,33.179077,32.979797,64.874510,22.879889
10219,district,lst,34.853135,34.854581,100.815686,22.106115
10220,district,lst,36.099205,36.267078,238.458824,20.735195
10221,district,lst,36.367650,36.581251,346.600000,17.681534
10222,district,lst,35.352091,35.384632,360.113725,19.464722
10223,district,lst,35.119149,35.044864,369.854902,22.001983
10224,district,lst,35.121607,34.934050,229.007843,20.864222
10225,district,lst,34.942204,35.008392,158.090196,19.915437
10226,district,lst,35.599766,35.565530,151.690196,18.970657
10227,district,lst,35.463987,35.399011,77.215686,20.394464
10228,district,lst,34.796115,34.699061,76.811765,21.997754
10229,district,lst,35.541294,35.105806,150.039216,21.454705
10230,district,lst,35.127019,35.210085,129.184314,20.032117
10231,district,lst,34.977378,34.754081,144.784314,21.167389
10232,district,lst,34.702642,34.648570,94.082353,21.368096
10233,district,lst,35.809152,35.836575,91.431373,20.939738
10234,district,lst,36.099323,35.888852,198.650980,19.057821
10301,district,lst,30.711560,29.904462,1117.788235,20.641596
10302,district,lst,35.978312,36.110704,85.556863,19.265389
10303,district,lst,34.438693,33.967361,478.007843,18.160659
10304,district,lst,33.316922,33.521525,332.623529,18.180526
10305,district,lst,36.034408,35.919295,52.835294,18.083575
10306,district,lst,36.638881,36.547029,189.866667,18.739797
10307,district,lst,35.278572,35.319488,120.380392,21.233834
10308,district,lst,33.117817,33.483955,236.439216,21.461968
10309,district,lst,32.640612,32.709090,305.635294,20.773997
10310,district,lst,35.005475,34.911830,114.843137,20.158648
10311,district,lst,35.552285,35.764491,85.482353,20.753188
10312,district,lst,33.311672,32.726717,647.360784,19.889433
10313,district,lst,35.153922,34.928069,104.603922,19.953625
10314,district,lst,34.580090,34.705220,66.603922,20.103509
10315,district,lst,35.113530,35.194674,86.309804,20.308692
10316,district,lst,36.019539,36.171308,89.643137,19.913032
10317,district,lst,36.062841,35.765397,162.415686,20.231118
10318,district,lst,35.466319,35.400302,97.388235,20.824555
10319,district,lst,36.286891,36.452506,89.870588,22.000000
10320,district,lst,36.329255,36.697661,79.180392,22.011837
10321,district,lst,33.840826,34.928069,177.290196,21.477383
10322,district,lst,34.749590,35.526372,90.678431,22.141158
10323,district,lst,33.399404,34.446983,314.156863,21.746374
10324,district,lst,35.767856,35.615091,88.615686,21.511041
10325,district,lst,35.670635,35.549305,299.098039,22.224217
10326,district,lst,35.809415,35.665625,101.784314,22.061992
10327,district,lst,35.899667,35.916938,80.443137,22.506167
10328,district,lst,36.998562,37.018188,167.450980,22.298571
10329,district,lst,36.484690,36.327008,100.400000,21.286462
10330,district,lst,33.703677,33.543771,255.564706,21.835950
10331,district,lst,33.976673,34.213703,76.658824,21.941273
10332,district,lst,35.299278,35.110078,85.898039,21.358428
10333,district,lst,36.102774,36.212817,126.219608,20.706581
10334,district,lst,35.455427,35.558437,153.317647,20.986111
10335,district,lst,35.618776,35.620719,155.023529,20.112671
10336,district,lst,34.978010,34.979339,71.231373,19.009634
10337,district,lst,36.182465,36.168810,136.372549,20.122991
10401,district,lst,37.714431,37.531402,2979.231373,18.964852
10402,district,lst,34.701864,34.658483,1402.545098,18.349038
10403,district,lst,35.222152,34.950286,152.811765,18.753869
10404,district,lst,32.878602,32.770955,79.478431,18.612622
10405,district,lst,34.752236,34.900036,111.270588,18.004934
10406,district,lst,33.692219,33.418916,75.478431,17.912402
10407,district,lst,34.943978,34.957122,58.627451,17.362609
10408,district,lst,36.192468,36.539088,139.156863,18.231084
10409,district,lst,33.710676,33.863530,169.552941,19.026968
10410,district,lst,35.436326,35.325208,127.862745,18.264346
10411,district,lst,34.074487,33.958546,90.921569,18.279491
10412,district,lst,35.921581,36.015342,90.482353,19.289516
10413,district,lst,35.396059,35.705926,196.631373,18.047267
10414,district,lst,35.666629,35.580843,526.556863,20.038281
10415,district,lst,34.084996,34.023319,395.623529,20.091828
10416,district,lst,34.302921,34.420075,354.513725,18.187830
10417,district,lst,35.921152,35.402721,712.243137,19.152647
10418,district,lst,35.697284,35.543740,99.886275,19.426760
10419,district,lst,34.761188,35.044522,119.572549,19.917287
10420,district,lst,35.245006,35.348469,451.756863,20.895016
10421,district,lst,31.834936,31.901341,411.411765,19.644772
10422,district,lst,32.479619,32.531542,1184.235294,19.730591
10423,district,lst,33.561238,33.485664,558.768627,21.505446
10424,district,lst,34.637104,34.575206,400.752941,20.185073
10425,district,lst,32.667330,33.281529,1439.152941,22.561717
10426,district,lst,31.792175,31.646436,1278.568627,19.544524
10427,district,lst,37.339838,37.487026,119.925490,22.960400
10428,district,lst,36.397554,35.962698,734.713725,21.830714
10429,district,lst,36.431542,36.596523,307.384314,22.970887
10430,district,lst,36.173406,36.478426,412.243137,23.055260
10431,district,lst,36.180936,36.234760,461.345098,22.691941
10432,district,lst,33.993606,34.453337,502.392157,20.812684
10433,district,lst,33.374540,33.953933,1251.662745,22.708933
10434,district,lst,33.261462,33.516126,513.223529,22.114096
10435,district,lst,33.636214,34.280896,890.137255,21.701082
10436,district,lst,31.609825,32.600242,692.898039,25.196719
10501,district,lst,34.960082,35.008561,404.517647,22.235836
10502,district,lst,34.858606,34.950203,472.305882,22.447176
10503,district,lst,35.366579,35.236938,546.427451,20.276534
10504,district,lst,35.009767,34.974952,571.250980,20.246964
10505,district,lst,34.395173,34.385398,891.286275,19.750055
10506,district,lst,35.359474,35.267441,564.627451,22.112488
10507,district,lst,35.312763,35.357532,477.976471,23.018288
10508,district,lst,34.832322,34.789639,383.972549,22.701082
10509,district,lst,34.780995,34.731727,600.549020,22.607620
10510,district,lst,34.535512,34.974368,584.819608,21.659449
10511,district,lst,34.752976,34.740647,252.003922,22.774576
10512,district,lst,35.301736,35.294217,512.850980,22.934652
10513,district,lst,35.888433,35.718200,674.980392,21.986335
10514,district,lst,35.671563,35.779156,620.439216,22.657257
10515,district,lst,34.222834,34.345264,817.298039,22.059104
10516,district,lst,34.943045,34.960899,450.835294,22.301219
10517,district,lst,35.061309,35.015493,462.729412,20.751051
10518,district,lst,31.694886,32.721584,736.333333,21.461401
10519,district,lst,33.601946,33.789868,428.545098,21.041225
10520,district,lst,34.246371,34.332069,438.835294,21.568716
10521,district,lst,34.398006,34.290706,500.980392,20.105941
10522,district,lst,33.214749,33.353645,457.521569,21.366193
10523,district,lst,34.635614,34.670008,393.039216,21.456164
10524,district,lst,33.843023,34.050777,433.525490,21.649242
10525,district,lst,35.126081,35.070261,483.866667,20.418467
10526,district,lst,34.593403,34.667344,533.121569,19.493291
10527,district,lst,31.701037,31.593576,1707.694118,20.725641
10528,district,lst,33.182039,33.169627,454.125490,21.083824
10529,district,lst,35.460450,35.640482,477.223529,21.318591
10530,district,lst,35.268104,35.282495,576.964706,21.269415
10531,district,lst,33.742235,33.545465,412.431373,23.147609
10532,district,lst,36.554793,35.969441,716.498039,21.924579
10533,district,lst,33.881017,34.445297,1312.835294,21.709281
10534,district,lst,35.675342,35.226934,437.533333,22.847613
10535,district,lst,35.181899,35.078869,452.345098,22.991409
10536,district,lst,37.134195,36.454784,625.721569,22.326011
10537,district,lst,34.348746,34.459474,501.129412,22.889011
10601,district,lst,32.453536,32.790097,238.439216,20.308954
10602,district,lst,34.917704,34.473924,166.231373,20.365708
10603,district,lst,34.740254,34.670694,202.847059,21.982601
10604,district,lst,35.454687,35.343358,51.015686,22.179952
10605,district,lst,34.755978,34.536706,122.019608,21.825325
10606,district,lst,35.304173,35.163912,108.050980,23.013937
10607,district,lst,34.214926,34.102656,156.862745,23.074475
10608,district,lst,35.375881,35.095552,66.184314,22.912721
10609,district,lst,35.107549,35.028331,260.615686,22.327821
10610,district,lst,34.597065,34.585475,260.243137,20.443929
10611,district,lst,34.442280,34.521324,106.223529,20.259128
10612,district,lst,34.701319,34.702479,85.133333,20.419411
10613,district,lst,32.735952,33.334132,243.976471,20.070145
10614,district,lst,35.457490,35.350194,66.098039,20.687452
10615,district,lst,34.600710,34.821085,152.392157,20.599588
10616,district,lst,35.024779,34.990163,130.862745,20.411597
10617,district,lst,34.192783,34.387290,352.803922,21.304352
10618,district,lst,34.639447,34.773683,412.650980,22.482989
10619,district,lst,34.111918,34.450230,368.788235,22.089642
10620,district,lst,34.900459,34.915924,379.070588,22.475528
10621,district,lst,34.094932,33.971593,89.800000,21.535962
10622,district,lst,34.581304,34.652935,120.129412,22.632945
10623,district,lst,35.823625,35.643036,159.403922,22.299744
10624,district,lst,35.010214,34.813756,88.325490,21.414554
10625,district,lst,35.846282,35.950484,112.011765,21.168820
10626,district,lst,33.252334,33.044740,67.058824,20.994737
10627,district,lst,32.594437,32.668035,230.247059,20.779061
10628,district,lst,33.611103,34.090708,125.556863,21.101946
10629,district,lst,32.597984,33.086922,212.160784,19.488974
10630,district,lst,36.098221,35.888532,106.105882,21.775881
10631,district,lst,35.183537,34.866654,100.121569,20.856684
10632,district,lst,35.796199,35.485684,401.172549,21.451578
10633,district,lst,34.292191,34.529202,524.207843,22.610318
11101,district,lst,32.342406,32.155847,1980.694118,21.391920
11102,district,lst,33.406334,33.658855,5064.674510,22.034447
11103,district,lst,33.212067,33.091865,2790.972549,21.089447
11104,district,lst,34.588090,34.590995,555.815686,20.804844
11105,district,lst,34.152063,34.617029,149.188235,22.012670
11106,district,lst,34.282488,34.541694,143.666667,22.424021
11107,district,lst,34.568288,34.442710,66.819608,21.999530
11108,district,lst,34.385478,34.338460,110.125490,21.691974
11109,district,lst,33.647521,34.267812,587.674510,21.712292
11110,district,lst,35.356906,35.014303,218.007843,20.577439
11111,district,lst,35.742126,35.462795,78.874510,20.225924
11112,district,lst,35.017086,35.047700,46.223529,20.231781
11113,district,lst,35.787808,35.743610,90.427451,20.829828
11114,district,lst,32.413843,31.917648,368.294118,21.467455
11115,district,lst,34.279397,34.175277,105.635294,20.106693
11116,district,lst,34.894335,34.888192,108.823529,20.746234
11117,district,lst,34.965489,34.811856,36.200000,20.825913
11118,district,lst,34.014067,33.801241,83.823529,20.676351
11119,district,lst,34.367911,34.370932,59.752941,21.717923
11120,district,lst,35.304803,34.424918,503.074510,22.508208
11121,district,lst,34.226543,34.463218,143.572549,19.947994
11122,district,lst,35.191091,34.950880,92.494118,19.853854
11123,district,lst,35.403084,35.321310,102.047059,21.667589
11124,district,lst,32.826550,32.900549,588.560784,20.906765
11125,district,lst,34.851448,35.068420,53.525490,21.457543
11126,district,lst,31.620422,31.489541,69.741176,21.469298
11127,district,lst,32.420531,32.705428,145.427451,21.938895
11128,district,lst,33.150641,33.448279,47.752941,22.150858
11129,district,lst,34.009006,34.005203,22.266667,22.257309
11130,district,lst,33.688852,33.894133,156.968627,22.233193
11131,district,lst,34.148138,34.170977,34.090196,22.459450
11132,district,lst,34.791632,34.839200,41.278431,22.881056
11133,district,lst,35.443691,35.300633,139.662745,22.088785
11134,district,lst,34.937851,35.079031,199.215686,21.588996
11135,district,lst,34.561538,34.480650,94.145098,21.089432
11136,district,lst,35.208637,35.116914,77.623529,21.222795
11137,district,lst,34.812102,34.915251,125.368627,20.749413
11138,district,lst,34.698970,34.377768,38.956863,21.975539
11201,district,lst,31.229282,31.210245,2062.207843,21.736091
11202,district,lst,35.729215,35.477516,75.541176,23.456419
11203,district,lst,33.486875,33.403632,55.784314,23.150018
11204,district,lst,33.874096,33.967605,73.635294,21.999414
11205,district,lst,33.112131,33.417090,77.160784,22.286542
11206,district,lst,34.225033,34.207042,629.039216,21.111437
11207,district,lst,33.909821,34.209510,77.000000,21.888566
11208,district,lst,35.282705,35.232273,77.827451,20.805754
11209,district,lst,35.927085,35.596776,362.815686,19.321419
11210,district,lst,34.157147,34.266340,494.631373,19.749277
11211,district,lst,36.404436,36.630243,74.266667,21.223360
11212,district,lst,34.569178,33.968756,300.380392,21.164223
11213,district,lst,34.823440,34.844202,515.301961,22.423411
11214,district,lst,33.964363,33.853028,179.396078,20.361190
11215,district,lst,34.630564,34.549905,557.949020,20.913078
11216,district,lst,36.518046,36.551628,129.650980,19.982699
11217,district,lst,32.874271,33.041322,260.200000,18.563006
11218,district,lst,35.122667,35.290379,98.090196,19.257546
11219,district,lst,34.919304,34.982907,147.631373,18.711178
11220,district,lst,37.491924,37.065497,2376.745098,22.035960
11221,district,lst,32.235274,32.489214,426.529412,18.951004
11222,district,lst,35.885004,35.859479,104.000000,19.391478
11223,district,lst,36.383320,36.473014,50.713725,19.000000
11224,district,lst,37.312851,37.132692,57.050980,19.874553
11225,district,lst,37.882048,37.923150,235.843137,18.974975
11226,district,lst,35.705746,35.935372,1398.172549,19.993403
11227,district,lst,36.344253,36.082505,65.784314,19.839821
11228,district,lst,38.222334,38.397359,204.439216,19.217333
11229,district,lst,38.316768,38.048294,417.376471,20.203230
11230,district,lst,35.484247,35.505714,92.898039,18.159568
11231,district,lst,35.251911,35.412744,128.121569,19.073796
11232,district,lst,36.187689,36.117540,73.552941,18.932875
11233,district,lst,35.704565,35.761211,65.568627,16.284689
11234,district,lst,36.162424,36.289010,99.494118,19.832368
11235,district,lst,37.123200,37.052368,77.023529,19.928415
11236,district,lst,35.695476,35.839541,79.000000,20.508563
11237,district,lst,36.853059,36.617504,207.913725,20.843845
11301,district,lst,35.597291,35.516538,237.729412,20.512215
11302,district,lst,34.396696,34.213703,64.458824,21.048732
11303,district,lst,34.408790,34.172379,74.600000,19.945855
11304,district,lst,35.040001,35.495460,97.058824,19.969939
11305,district,lst,34.004650,33.894118,69.909804,20.163348
11306,district,lst,35.246992,35.104645,85.243137,19.934490
11307,district,lst,34.795267,34.797723,109.509804,20.657905
11308,district,lst,33.698601,33.840944,261.580392,19.937949
11309,district,lst,36.338881,36.074473,217.819608,21.495499
11310,district,lst,36.151088,36.077048,132.643137,21.075922
11311,district,lst,36.134110,36.101589,75.490196,19.642494
11312,district,lst,35.403963,35.399756,58.721569,21.127087
11313,district,lst,35.116917,34.982757,62.780392,22.199200
11314,district,lst,34.288882,34.295735,44.098039,21.106092
11315,district,lst,37.646901,37.664351,129.717647,20.229397
11316,district,lst,35.765928,35.876569,107.011765,19.168682
11317,district,lst,35.636316,35.515968,62.843137,19.522434
11318,district,lst,35.507033,35.608255,58.400000,20.440371
11319,district,lst,35.838711,35.863300,80.654902,21.505762
11320,district,lst,35.406768,35.478370,41.176471,20.568476
11321,district,lst,38.362857,38.216208,1017.584314,22.615753
11322,district,lst,36.659108,36.632806,61.345098,21.513393
11323,district,lst,36.605103,36.367055,58.239216,22.711400
11324,district,lst,36.892834,36.699435,1343.862745,20.763809
11325,district,lst,38.093612,38.688460,479.360784,20.205347
11326,district,lst,32.718566,33.216522,1189.003922,18.409989
11327,district,lst,35.849438,35.736431,138.356863,22.267679
11328,district,lst,36.054263,36.286732,113.211765,19.906128
11329,district,lst,35.373457,35.276707,58.505882,23.402641
11330,district,lst,37.530269,37.236866,175.490196,21.266391
11331,district,lst,35.985628,35.741728,163.709804,17.847674
11332,district,lst,36.644865,36.587518,63.411765,17.879654
11333,district,lst,35.020610,34.926903,112.325490,18.223266
11334,district,lst,36.202282,35.857770,60.086275,18.738676
11335,district,lst,34.834453,35.043142,203.501961,18.273813
11336,district,lst,34.693875,34.951314,92.874510,17.674450
11337,district,lst,35.609243,35.481788,93.984314,17.297171
11338,district,lst,35.517740,35.464698,83.717647,16.929314
11339,district,lst,33.475135,33.198551,91.529412,16.079306
11401,district,lst,35.634366,35.525083,152.725490,18.877237
11402,district,lst,34.929787,34.852872,85.788235,18.500366
11403,district,lst,35.963111,36.001327,154.380392,18.918891
11404,district,lst,34.655930,34.634119,46.850980,19.033816
11405,district,lst,35.303170,35.362157,47.137255,18.866057
11406,district,lst,33.676826,33.701000,61.917647,19.000000
11407,district,lst,33.105432,33.099428,56.223529,19.672805
11408,district,lst,36.126073,35.806500,122.011765,19.241892
11409,district,lst,34.609457,34.697352,60.556863,20.152830
11410,district,lst,35.234722,35.214258,70.568627,20.765157
11411,district,lst,38.914815,39.582273,295.439216,23.475079
11412,district,lst,36.973071,36.729365,194.431373,19.874022
11413,district,lst,38.566033,39.439428,415.352941,22.917254
11414,district,lst,34.313000,34.593103,188.827451,19.739071
11415,district,lst,35.144455,34.793371,88.101961,24.404968
11416,district,lst,35.979357,35.822083,62.133333,23.817660
11417,district,lst,35.673324,35.663132,84.913725,24.860435
11418,district,lst,37.069746,37.175709,315.337255,23.923667
11419,district,lst,36.159886,36.038925,116.964706,24.027023
11420,district,lst,35.632448,35.636813,102.443137,23.316541
11421,district,lst,35.825329,35.588601,129.752941,24.373137
11422,district,lst,35.630179,35.420264,51.458824,23.991389
11423,district,lst,35.731677,35.468116,60.776471,23.643373
11424,district,lst,36.645818,36.404653,119.168627,21.694649
11425,district,lst,35.918287,35.820179,84.439216,24.168679
11426,district,lst,38.944318,38.984689,185.701961,24.286417
11427,district,lst,37.042928,36.924988,96.713725,24.000000
11428,district,lst,36.899430,36.931883,92.639216,23.185582
11429,district,lst,37.371552,37.428105,75.894118,22.715445
11430,district,lst,37.135736,36.856122,62.776471,24.241129
11431,district,lst,36.658118,36.833045,127.721569,22.948540
11432,district,lst,36.720089,35.913641,100.333333,23.492593
11433,district,lst,38.827200,38.831466,353.054902,24.195615
11434,district,lst,36.822835,36.503776,146.839216,22.913471
11435,district,lst,37.717137,37.657795,355.513725,22.458061
11436,district,lst,37.504538,37.147497,121.094118,23.053693
11437,district,lst,37.813575,37.855603,201.007843,22.628851
11438,district,lst,36.910159,36.598789,96.474510,23.319093
11501,district,lst,37.009528,36.992553,104.388235,22.028363
11502,district,lst,36.727050,36.664423,96.737255,21.486947
11503,district,lst,36.986581,37.016479,69.388235,17.447496
11504,district,lst,36.445026,36.442252,49.247059,18.117057
11505,district,lst,36.213171,36.052597,90.615686,18.490111
11506,district,lst,35.368606,35.474952,59.211765,18.425260
11507,district,lst,36.051603,35.656663,250.309804,17.150339
11508,district,lst,37.106014,37.112184,63.141176,22.588908
11509,district,lst,35.757666,35.680888,103.741176,20.843653
11510,district,lst,35.246772,35.268162,81.035294,19.018728
11511,district,lst,35.806174,35.876569,95.501961,18.848479
11512,district,lst,35.923088,36.078233,97.176471,18.974939
11513,district,lst,35.619819,35.269871,111.043137,18.841574
11514,district,lst,37.015814,37.212332,76.372549,23.718306
11515,district,lst,36.540819,36.358510,58.203922,22.616089
11516,district,lst,35.767819,35.743983,79.443137,22.000000
11517,district,lst,35.871080,35.860599,174.454902,21.790136
11518,district,lst,35.993057,36.241382,102.282353,19.964152
11519,district,lst,35.683535,35.843529,204.886275,19.324561
11520,district,lst,36.876004,36.825868,183.878431,17.985519
11521,district,lst,31.320518,31.225247,1389.568627,17.715869
11522,district,lst,35.352117,35.198092,71.717647,23.104276
11523,district,lst,35.751778,35.737134,88.101961,22.672349
11524,district,lst,35.753751,35.845807,65.415686,21.875847
11525,district,lst,35.775208,35.481788,54.796078,20.880985
11526,district,lst,35.740997,35.813336,46.815686,18.279611
11527,district,lst,35.337473,35.165621,66.592157,20.454685
11528,district,lst,34.778222,34.507583,83.729412,21.258864
11529,district,lst,36.551066,36.393193,326.560784,19.546840
11530,district,lst,36.773411,36.708891,178.227451,18.170811
11531,district,lst,33.814094,34.013748,168.223529,21.465161
11532,district,lst,34.678905,34.888283,119.698039,20.923992
11533,district,lst,35.275116,35.420769,111.047059,20.535615
11534,district,lst,34.292674,34.162432,121.196078,18.957806
11535,district,lst,34.836600,35.173289,97.796078,19.474176
11536,district,lst,34.351743,34.299153,64.125490,17.637965
11537,district,lst,34.978462,35.146822,49.545098,18.247269
11538,district,lst,33.130552,32.651453,439.870588,17.429592
11601,district,lst,35.913615,36.168383,224.698039,21.033544
11602,district,lst,36.134978,36.420774,142.196078,19.099917
11603,district,lst,35.504708,36.684183,2146.545098,20.731057
11604,district,lst,34.474972,34.173172,246.235294,20.034130
11605,district,lst,34.446020,34.492747,122.278431,20.818255
11606,district,lst,33.444080,33.158104,93.611765,20.549202
11607,district,lst,32.894408,33.237858,166.984314,19.056387
11608,district,lst,34.958344,35.020355,61.196078,19.161166
11609,district,lst,35.186645,34.981519,144.054902,19.542631
11610,district,lst,33.526563,33.460884,55.933333,18.957583
11611,district,lst,33.753625,33.543771,54.470588,18.134341
11612,district,lst,35.568344,35.542318,132.862745,17.130342
11613,district,lst,35.695165,35.671324,227.172549,18.768423
11614,district,lst,34.950557,34.946519,219.270588,17.653253
11615,district,lst,35.820725,35.723327,214.431373,17.407279
11616,district,lst,33.536532,33.795719,369.725490,18.349915
11617,district,lst,33.880258,33.794710,336.572549,18.910435
11618,district,lst,35.010584,35.068208,89.439216,17.515543
11619,district,lst,35.738130,35.512206,82.741176,17.362576
11620,district,lst,34.333684,34.144351,184.490196,18.636199
11621,district,lst,34.475596,34.334500,329.117647,19.512994
11622,district,lst,34.554811,34.772479,368.815686,19.074302
11623,district,lst,34.387372,34.958831,462.752941,21.866231
11624,district,lst,35.014519,35.149107,113.647059,19.206556
11625,district,lst,35.363819,35.244438,81.815686,19.875377
11626,district,lst,36.312465,36.132921,134.807843,20.146905
11627,district,lst,35.616233,35.982091,126.874510,20.989305
11628,district,lst,35.504238,35.210507,109.454902,25.292609
11629,district,lst,34.546184,34.591885,1356.501961,25.261272
11630,district,lst,37.508940,37.272500,385.768627,22.549796
11631,district,lst,33.880286,33.914626,172.407843,24.344054
11632,district,lst,35.900785,35.481969,192.870588,23.473344
11633,district,lst,34.480814,34.353921,498.945098,26.880870
11634,district,lst,31.990129,31.854699,399.219608,27.991965
11635,district,lst,35.705962,35.848251,667.227451,29.352445
11636,district,lst,35.506140,35.833644,390.945098,31.267075
12101,district,lst,38.608856,37.911650,2064.850980,20.798478
12102,district,lst,35.412500,35.016937,247.725490,20.920342
12103,district,lst,36.217693,36.108425,101.490196,21.056260
12104,district,lst,37.082754,36.802853,167.670588,20.990036
12105,district,lst,35.164316,35.112642,147.819608,20.261898
12106,district,lst,37.103481,37.039505,146.521569,22.181516
12107,district,lst,36.871734,36.633972,146.043137,22.697914
12108,district,lst,34.982819,34.868253,115.074510,22.726929
12109,district,lst,34.489347,34.632874,121.713725,22.745433
12110,district,lst,35.304821,35.196383,144.980392,23.245875
12111,district,lst,37.084961,37.293339,403.388235,21.061081
12112,district,lst,35.236468,35.210425,94.282353,21.147201
12113,district,lst,35.662078,35.492042,171.168627,21.703996
12114,district,lst,35.027301,35.331808,142.545098,21.451209
12115,district,lst,37.796416,37.957574,185.003922,21.691517
12116,district,lst,36.426210,36.319203,116.325490,21.931497
12117,district,lst,34.486898,34.610725,313.007843,22.313755
12118,district,lst,35.424476,35.539467,220.545098,21.880883
12119,district,lst,36.250078,36.151702,78.062745,22.024365
12120,district,lst,36.505775,36.356610,112.058824,21.789676
12121,district,lst,36.615752,36.231611,166.894118,21.796466
12122,district,lst,34.117604,35.057954,269.431373,21.920282
12123,district,lst,35.895584,35.994491,121.396078,20.991472
12124,district,lst,37.155588,37.167659,95.219608,20.455500
12125,district,lst,38.289508,38.239114,108.909804,20.528194
12126,district,lst,37.945471,38.138955,223.952941,22.745465
12127,district,lst,36.980490,37.085976,191.858824,20.648639
12128,district,lst,36.464528,36.274755,80.392157,21.696341
12129,district,lst,36.812681,36.927062,144.172549,21.708628
12201,district,lst,35.834928,35.634341,187.796078,16.682217
12202,district,lst,36.796394,36.708857,208.568627,18.986218
12203,district,lst,32.791501,33.403632,445.411765,11.998292
12204,district,lst,33.953659,34.142639,344.737255,12.234325
12205,district,lst,35.155472,34.707108,371.960784,12.990828
12206,district,lst,32.947285,32.802849,2264.403922,12.462027
12207,district,lst,35.808454,35.762898,237.674510,12.055373
12208,district,lst,34.984941,34.923232,283.490196,12.397870
12209,district,lst,36.756289,36.836544,221.690196,12.898233
12210,district,lst,36.915641,36.462552,321.768627,14.483151
12211,district,lst,34.752692,34.768097,535.023529,20.155368
12212,district,lst,34.516346,34.448393,115.619608,13.921005
12213,district,lst,39.162279,39.173933,192.729412,15.684166
12214,district,lst,34.727664,35.148531,360.325490,20.823308
12215,district,lst,35.461952,35.690287,85.972549,13.335584
12216,district,lst,36.688556,36.743892,108.913725,12.705829
12217,district,lst,37.502778,36.823768,215.552941,13.726813
12218,district,lst,34.375239,33.759106,616.168627,18.277992
12219,district,lst,34.857295,35.141104,231.007843,22.229820
12220,district,lst,36.018968,35.823590,103.952941,12.818885
12221,district,lst,35.959664,36.052597,116.556863,13.000000
12222,district,lst,37.582588,37.420038,416.701961,13.833021
12223,district,lst,35.584924,36.938303,8147.243137,11.970395
12224,district,lst,37.538487,37.278545,288.235294,13.000000
12225,district,lst,36.255477,35.917586,250.921569,19.370352
12226,district,lst,35.229618,35.195376,140.517647,13.137894
12227,district,lst,36.433241,36.110704,328.403922,13.018975
12228,district,lst,34.628494,34.774210,162.133333,14.606327
12229,district,lst,38.567883,38.757974,353.207843,15.417307
12301,district,lst,32.218451,32.904934,680.807843,8.560125
12302,district,lst,32.504124,33.201130,535.980392,10.286570
12303,district,lst,28.851798,27.092448,2628.541176,10.355633
12304,district,lst,26.858547,26.593549,16040.247059,10.622698
12305,district,lst,30.020773,31.481637,822.286275,9.389435
12306,district,lst,33.132918,33.114782,430.411765,9.828044
12307,district,lst,33.260554,33.024523,801.894118,9.660964
12308,district,lst,33.469695,33.761982,341.082353,10.788930
12309,district,lst,32.367718,32.547418,454.498039,10.475094
12310,district,lst,27.911562,27.397174,1849.901961,10.506130
12311,district,lst,33.088091,33.389071,463.874510,10.462786
12312,district,lst,32.777075,33.080103,437.145098,10.329643
12313,district,lst,30.237654,30.894805,568.780392,10.538690
12314,district,lst,33.537696,33.522468,132.772549,11.327761
12315,district,lst,31.198236,31.409946,526.521569,10.709302
12316,district,lst,36.793197,36.671259,82.611765,11.000000
12317,district,lst,37.944865,37.935401,720.588235,11.302781
12318,district,lst,29.586338,29.958837,848.498039,10.667098
12319,district,lst,28.399490,26.188192,848.647059,11.462531
12320,district,lst,35.506398,35.299235,88.501961,12.269142
12321,district,lst,35.124551,34.958831,94.964706,12.017055
12322,district,lst,35.102515,34.910979,164.701961,12.932094
12323,district,lst,31.906051,32.726163,433.023529,9.739597
12324,district,lst,27.475638,27.155207,3131.231373,9.415152
12325,district,lst,27.753490,25.973722,531.898039,11.463977
12326,district,lst,32.956682,33.137344,379.870588,9.800025
12327,district,lst,33.508913,33.515287,506.364706,8.615630
12328,district,lst,31.830743,32.474215,1747.125490,10.773865
12329,district,lst,34.668692,34.572595,158.729412,12.398211
12330,district,lst,35.078581,35.356005,89.890196,10.994416
12401,district,lst,35.408783,35.532489,251.913725,13.009480
12402,district,lst,34.213696,33.845636,409.984314,13.004190
12403,district,lst,33.838541,33.344592,368.266667,13.959056
12404,district,lst,34.450614,34.464282,90.454902,13.957860
12405,district,lst,33.912784,33.589749,92.145098,13.562838
12406,district,lst,34.607014,34.607459,236.172549,11.001943
12407,district,lst,32.489939,32.979114,407.050980,12.652151
12408,district,lst,31.938509,31.935293,833.015686,12.857061
12409,district,lst,35.023776,34.146197,282.035294,13.910497
12410,district,lst,34.422081,34.460771,320.325490,13.738869
12411,district,lst,35.848925,36.036077,995.635294,14.087787
12412,district,lst,33.039147,33.029279,471.960784,11.670312
12413,district,lst,32.281430,32.280324,796.862745,12.840605
12414,district,lst,35.306276,34.094625,457.839216,12.634729
12415,district,lst,37.014323,37.078003,159.650980,11.073469
12416,district,lst,34.122219,34.111162,174.709804,11.625598
12417,district,lst,33.612207,33.673223,408.301961,13.128317
12418,district,lst,34.869808,34.728580,228.541176,13.919592
12419,district,lst,36.047257,35.592483,506.517647,16.193811
12420,district,lst,34.209471,34.265794,208.541176,11.270319
12421,district,lst,35.230447,35.344480,578.117647,12.098528
12422,district,lst,39.949396,40.222094,940.184314,12.556850
12423,district,lst,39.011294,39.228536,565.988235,11.960035
12424,district,lst,33.530831,33.659313,620.517647,14.110098
12425,district,lst,35.250876,35.070134,230.286275,11.113005
12426,district,lst,33.855193,33.520175,169.003922,13.275524
12427,district,lst,34.994400,34.775999,239.525490,14.435158
12428,district,lst,31.184284,31.521480,312.392157,13.677994
12429,district,lst,36.110036,36.045761,111.760784,12.008281
12430,district,lst,34.433132,34.326497,144.490196,11.537196
12501,district,lst,30.843382,31.341425,1262.247059,14.742488
12502,district,lst,33.075458,33.530005,2707.341176,19.593676
12503,district,lst,33.127463,33.459196,558.564706,14.467290
12504,district,lst,32.988346,33.085756,83.607843,18.389962
12505,district,lst,34.485409,34.292317,60.678431,20.285465
12506,district,lst,34.447617,34.359346,501.905882,19.250316
12507,district,lst,34.369611,33.861647,101.741176,19.274553
12508,district,lst,33.667298,33.581369,48.309804,19.176313
12509,district,lst,39.070719,39.321985,384.415686,19.807755
12510,district,lst,33.968188,33.722495,349.713725,21.546688
12511,district,lst,34.150129,34.141733,233.121569,19.264559
12512,district,lst,32.955709,33.299952,109.184314,18.647475
12513,district,lst,34.852904,34.917815,228.494118,17.599749
12514,district,lst,35.989330,35.610557,201.498039,19.089000
12515,district,lst,33.287180,33.365179,72.607843,19.644234
12516,district,lst,32.439180,32.388480,58.372549,20.146322
12517,district,lst,35.058222,35.016937,121.800000,14.767797
12518,district,lst,35.385667,35.518331,146.156863,14.641105
12519,district,lst,35.460841,35.446693,125.274510,22.171482
12520,district,lst,32.669018,32.509820,67.603922,20.443587
12521,district,lst,34.807471,34.834073,230.447059,17.274318
12522,district,lst,35.051232,35.148531,102.043137,18.750317
12523,district,lst,34.195394,33.865392,112.454902,21.340424
12524,district,lst,33.008540,32.993470,104.145098,22.916632
12525,district,lst,35.893995,35.821278,302.894118,20.129690
12526,district,lst,34.226628,34.108599,73.015686,21.907299
12527,district,lst,33.131431,33.235902,589.219608,14.026436
12528,district,lst,34.799343,34.234211,125.631373,19.181702
12601,district,lst,27.157994,26.656394,2226.603922,10.830335
12602,district,lst,30.777260,30.811064,507.043137,11.121721
12603,district,lst,30.332778,30.388938,406.635294,11.957258
12604,district,lst,31.235740,31.389115,512.568627,10.393428
12605,district,lst,31.505580,31.486123,484.141176,11.039010
12606,district,lst,29.583124,29.461810,449.768627,12.308777
12607,district,lst,31.013951,31.139682,353.694118,9.988569
12608,district,lst,32.275723,32.288703,423.113725,10.685960
12609,district,lst,32.294103,32.294581,472.243137,11.020694
12610,district,lst,29.273656,29.144138,608.913725,12.604503
12611,district,lst,30.950546,31.007173,378.756863,10.348260
12612,district,lst,29.926849,29.543915,634.184314,12.519247
12613,district,lst,29.756321,29.476309,549.854902,12.979167
12614,district,lst,30.993930,31.904469,630.866667,13.000000
12615,district,lst,32.479738,32.605898,348.105882,13.000000
12616,district,lst,30.954822,31.294365,517.388235,12.984189
12617,district,lst,32.706254,32.496148,240.317647,13.000000
12618,district,lst,32.505286,32.360709,358.082353,13.000000
12619,district,lst,29.547169,28.978403,1110.576471,13.010374
12620,district,lst,29.785527,30.160615,727.643137,12.692884
12621,district,lst,32.427236,32.402152,323.058824,13.000000
12622,district,lst,29.987106,30.326987,742.737255,12.516647
12623,district,lst,30.589092,31.138950,500.090196,12.998000
12624,district,lst,32.291612,32.778430,606.176471,11.780831
12625,district,lst,31.944206,32.913789,392.862745,12.335646
12626,district,lst,31.712758,31.858159,426.725490,12.995313
12627,district,lst,32.269798,32.291829,339.466667,13.000000
12628,district,lst,29.306125,29.221354,808.643137,11.203168
12629,district,lst,29.549809,29.724346,461.705882,12.951824
12630,district,lst,31.289780,31.534703,330.388235,13.000000
12631,district,lst,32.789456,32.799248,359.823529,13.000000
01101,residential,lst,35.544824,35.526222,49.082353,22.196069
01102,residential,lst,36.339322,36.455924,41.047059,21.000000
01103,residential,lst,37.211255,37.106202,47.600000,21.927088
01104,residential,lst,37.394349,37.679575,55.176471,21.848827
01105,residential,lst,35.343183,35.104887,93.815686,21.013000
01106,residential,lst,36.534523,36.902458,181.349020,21.106025
01107,residential,lst,36.223021,36.173937,52.666667,21.546761
01108,residential,lst,36.347739,36.504319,61.560784,21.947573
01109,residential,lst,35.643811,35.635599,31.466667,21.987537
01110,residential,lst,35.773008,35.474952,68.705882,21.555879
01111,residential,lst,36.721173,36.784054,43.788235,22.163084
01112,residential,lst,37.954370,38.144546,142.843137,22.254880
01113,residential,lst,35.550794,35.486915,39.517647,22.000000
01114,residential,lst,37.941507,37.852185,101.988235,19.784481
01115,residential,lst,36.099047,36.177787,105.403922,21.889798
01116,residential,lst,36.141184,36.213244,48.415686,21.550057
01117,residential,lst,37.399013,37.597542,81.772549,21.589104
01118,residential,lst,36.202481,36.332122,38.968627,20.420851
01119,residential,lst,37.377158,37.494605,72.054902,21.010831
01120,residential,lst,36.908309,36.941283,64.788235,20.001150
01121,residential,lst,37.543051,37.551114,299.313725,21.095879
01122,residential,lst,37.916394,38.087174,88.054902,20.138817
01123,residential,lst,37.507378,37.474422,52.827451,21.758073
01124,residential,lst,38.109013,38.237511,125.345098,20.508619
01125,residential,lst,35.663747,35.914477,116.764706,19.632107
01126,residential,lst,37.215738,37.291630,53.564706,21.974010
01127,residential,lst,37.831728,38.040520,137.082353,21.745566
01128,residential,lst,37.882449,37.915418,79.180392,19.102521
01129,residential,lst,38.172466,38.116607,65.043137,20.348426
01130,residential,lst,37.136275,37.348027,148.270588,21.892592
01131,residential,lst,37.950915,37.988906,57.627451,21.335829
01132,residential,lst,37.680262,37.644908,317.882353,22.160363
01133,residential,lst,36.191715,36.599481,58.964706,20.003990
01201,residential,lst,36.499440,36.370473,81.058824,22.187905
01202,residential,lst,38.118429,38.211814,57.352941,19.765744
01203,residential,lst,38.382058,38.379402,65.184314,20.577849
01204,residential,lst,37.817594,37.668751,91.250980,19.332030
01205,residential,lst,37.936721,37.845349,145.866667,20.050086
01206,residential,lst,37.860234,37.869716,54.874510,20.638891
01207,residential,lst,37.049908,37.085829,97.125490,20.099487
01208,residential,lst,36.687577,36.862803,55.498039,20.403901
01209,residential,lst,35.104171,35.030609,100.317647,22.489504
01210,residential,lst,36.321751,36.203941,115.427451,20.148196
01211,residential,lst,37.798503,37.894109,76.431373,20.832940
01212,residential,lst,36.031367,36.004745,90.964706,21.268322
01213,residential,lst,36.723261,36.442252,108.462745,21.416552
01214,residential,lst,36.435858,36.350728,112.952941,21.291497
01215,residential,lst,34.283320,34.149615,59.941176,22.054956
01216,residential,lst,35.637629,35.553566,29.643137,19.980024
01217,residential,lst,38.422211,38.599791,209.768627,20.433213
01218,residential,lst,38.370128,38.503318,66.917647,21.001406
01219,residential,lst,39.319496,39.298735,257.207843,20.427441
01220,residential,lst,37.406861,37.510859,324.650980,21.418609
01221,residential,lst,36.505971,36.597427,165.913725,22.433251
01222,residential,lst,34.282960,34.309407,45.443137,20.294184
01223,residential,lst,37.088639,37.064331,34.647059,21.348613
01224,residential,lst,36.755680,36.849675,84.607843,22.022665
01225,residential,lst,35.487327,35.918777,129.396078,22.531277
01226,residential,lst,37.045913,36.861245,99.294118,20.824961
01227,residential,lst,36.894141,36.811398,75.235294,22.183425
01228,residential,lst,36.793812,36.859250,21.368627,21.000000
01229,residential,lst,36.471138,36.354522,87.435294,22.998834
01230,residential,lst,35.716092,35.553566,50.447059,23.000000
01231,residential,lst,36.515647,36.434361,97.188235,22.126902
01232,residential,lst,35.261046,35.256199,62.631373,22.999186
01233,residential,lst,36.517861,36.462760,43.384314,22.914761
01234,residential,lst,37.242984,37.163454,55.282353,22.670710
01301,residential,lst,38.333776,38.551109,144.541176,21.526480
01302,residential,lst,38.584847,38.547752,30.529412,23.920745
01303,residential,lst,38.434910,38.527244,41.341176,23.297097
01304,residential,lst,35.139020,35.143807,92.694118,23.027330
01305,residential,lst,38.827912,39.480871,43.603922,23.651767
01306,residential,lst,36.806754,36.635129,147.956863,23.844496
01307,residential,lst,36.412556,36.490104,44.160784,23.050795
01308,residential,lst,38.593221,38.691309,41.588235,23.137954
01309,residential,lst,36.781683,37.013061,29.329412,22.985961
01310,residential,lst,36.634278,36.796254,78.984314,23.117521
01311,residential,lst,37.186463,37.276249,36.443137,24.017540
01312,residential,lst,37.589245,37.994033,69.313725,22.770806
01313,residential,lst,35.405234,35.304051,39.345098,23.446526
01314,residential,lst,35.000195,34.978621,59.705882,23.626141
01315,residential,lst,36.181978,36.491813,48.498039,20.636048
01316,residential,lst,36.606945,36.665198,48.380392,23.402124
01317,residential,lst,35.799451,36.138048,54.517647,22.602503
01318,residential,lst,35.831642,35.697123,40.388235,22.656472
01319,residential,lst,35.158749,35.353612,69.705882,22.397356
01320,residential,lst,33.874272,34.116620,93.419608,22.762111
01321,residential,lst,37.304577,37.289921,42.756863,22.386499
01322,residential,lst,35.172304,35.374120,40.780392,22.656602
01323,residential,lst,34.286899,34.588254,70.207843,24.831648
01324,residential,lst,34.642773,34.481997,135.333333,22.659142
01325,residential,lst,34.581720,34.663302,353.509804,27.273737
01326,residential,lst,32.934084,32.643507,444.454902,29.640247
01327,residential,lst,36.284501,36.359305,164.105882,31.031759
01328,residential,lst,35.968795,36.514512,121.215686,31.428696
01329,residential,lst,36.659235,36.795290,153.219608,28.625861
01330,residential,lst,35.580534,35.615282,63.098039,26.619080
01331,residential,lst,38.038636,38.023651,97.768627,28.240183
01332,residential,lst,37.001751,37.057495,93.462745,28.064826
01401,residential,lst,38.649737,38.942725,46.882353,21.192137
01402,residential,lst,39.373369,39.271506,43.996078,21.000000
01403,residential,lst,37.705612,37.710921,54.976471,21.087096
01404,residential,lst,37.114885,37.203035,434.835294,23.153234
01405,residential,lst,38.030060,37.917127,110.105882,21.671617
01406,residential,lst,39.518007,39.653481,33.917647,22.000000
01407,residential,lst,39.583861,39.463034,229.627451,22.587926
01408,residential,lst,38.768675,39.356067,174.329412,22.843209
01409,residential,lst,38.972925,38.775050,58.984314,22.733661
01410,residential,lst,39.523109,39.392003,38.282353,24.000000
01411,residential,lst,38.146942,38.043594,55.717647,24.000000
01412,residential,lst,38.364638,38.034029,46.756863,25.000000
01413,residential,lst,38.512071,38.609276,57.709804,23.344183
01414,residential,lst,36.900773,36.782708,115.392157,23.264911
01415,residential,lst,35.601100,35.580911,46.619608,24.430266
01416,residential,lst,38.110425,37.882947,39.427451,24.024368
01417,residential,lst,39.389760,39.467199,37.313725,23.555229
01418,residential,lst,39.241789,39.325352,45.882353,24.107778
01419,residential,lst,39.280039,39.152742,57.596078,22.586097
01420,residential,lst,37.786841,37.905164,48.329412,23.828546
01421,residential,lst,41.475799,42.081985,58.521569,20.140387
01422,residential,lst,38.310136,38.369310,67.050980,23.824482
01423,residential,lst,38.572385,38.552879,41.078431,23.705107
01424,residential,lst,38.887347,38.891263,43.792157,22.051939
01425,residential,lst,38.330945,38.429830,56.443137,22.934135
01426,residential,lst,38.174446,37.848319,64.250980,24.572266
01427,residential,lst,37.359349,37.187380,47.807843,24.124518
01428,residential,lst,37.311551,37.355111,143.650980,24.053670
01429,residential,lst,37.869160,37.865066,57.666667,24.228902
01430,residential,lst,38.353972,38.087532,50.572549,24.913384
01501,residential,lst,37.135700,37.325518,105.007843,19.241551
01502,residential,lst,35.920726,35.821555,49.050980,21.859450
01503,residential,lst,34.885325,34.933196,93.925490,22.229009
01504,residential,lst,35.437005,35.474952,1158.509804,14.340444
01505,residential,lst,36.107771,36.110704,80.905882,21.395424
01506,residential,lst,36.225188,35.731130,88.988235,21.612286
01507,residential,lst,36.477368,36.640497,50.949020,19.232682
01508,residential,lst,38.491148,38.212786,95.109804,22.699872
01509,residential,lst,36.811848,36.930084,77.658824,18.995455
01510,residential,lst,36.440635,36.326138,104.098039,21.209719
01511,residential,lst,39.346545,39.046213,164.694118,21.755697
01512,residential,lst,35.299001,35.070186,115.050980,20.423546
01513,residential,lst,36.211083,35.857770,33.192157,21.089083
01514,residential,lst,35.885528,36.145559,94.407843,21.464152
01515,residential,lst,37.669370,38.168965,51.356863,20.453115
01516,residential,lst,36.130190,36.336293,137.458824,22.990671
01517,residential,lst,37.565700,37.599286,44.603922,21.898804
01518,residential,lst,38.846573,38.674219,44.027451,20.314866
01519,residential,lst,38.391559,38.262430,49.909804,19.037244
01520,residential,lst,39.253170,39.043365,78.047059,21.394131
01521,residential,lst,36.361559,36.069715,46.298039,19.019990
01522,residential,lst,35.168123,35.147980,43.690196,19.599856
01523,residential,lst,37.774568,37.950635,68.196078,21.029442
01524,residential,lst,37.380391,37.701222,49.768627,20.964542
01525,residential,lst,39.651310,39.703043,45.658824,20.997080
01526,residential,lst,38.505867,38.642069,59.917647,21.000000
01527,residential,lst,36.117098,36.176495,84.498039,20.406414
01528,residential,lst,39.821679,39.856854,28.760784,21.000000
01529,residential,lst,35.990625,35.798465,108.811765,21.706851
01530,residential,lst,39.435727,39.515052,30.270588,21.000000
01601,residential,lst,38.518142,38.411681,156.474510,21.000000
01602,residential,lst,34.915691,34.852239,56.149020,20.331541
01603,residential,lst,36.144290,36.397122,62.078431,20.552369
01604,residential,lst,34.795567,34.623865,49.388235,19.721534
01605,residential,lst,34.974555,35.164741,73.690196,20.089405
01606,residential,lst,35.373983,35.412435,64.078431,19.473439
01607,residential,lst,37.921308,38.301655,36.737255,21.000000
01608,residential,lst,38.765390,38.803423,52.243137,21.356478
01609,residential,lst,37.978267,38.556297,77.094118,21.457399
01610,residential,lst,36.293946,36.320819,47.121569,22.151798
01611,residential,lst,37.629081,37.702587,83.941176,21.791124
01612,residential,lst,35.064319,35.098970,51.239216,21.830935
01613,residential,lst,36.973071,36.944701,55.384314,21.986547
01614,residential,lst,37.812112,37.554817,62.666667,24.000000
01615,residential,lst,37.270673,37.306554,62.607843,23.177325
01616,residential,lst,38.873730,39.256421,124.584314,23.438226
01617,residential,lst,38.272853,37.796363,76.662745,22.011203
01618,residential,lst,37.196508,37.276249,34.341176,22.406075
01619,residential,lst,38.905010,38.980132,62.788235,23.969146
01620,residential,lst,36.975440,36.200644,38.258824,21.009430
01621,residential,lst,40.383634,40.266444,74.388235,24.216089
01622,residential,lst,40.728467,40.740159,47.172549,24.985618
01623,residential,lst,38.053855,37.825409,74.031373,22.858195
01624,residential,lst,36.902806,36.834127,46.862745,23.781172
01625,residential,lst,38.182115,38.272487,49.909804,21.537362
01626,residential,lst,39.746280,40.086154,192.635294,24.407720
01627,residential,lst,38.339159,38.270892,51.949020,21.963237
01628,residential,lst,37.821159,37.713755,68.152941,22.688705
01629,residential,lst,38.008098,37.323433,83.541176,22.900155
01630,residential,lst,37.463155,37.371279,63.929412,24.226291
01701,residential,lst,38.628340,38.658838,31.733333,21.599852
01702,residential,lst,38.681854,38.776759,26.184314,21.000000
01703,residential,lst,36.345540,36.500358,55.360784,22.687115
01704,residential,lst,37.229799,37.105793,62.784314,21.426359
01705,residential,lst,36.957912,36.872922,45.529412,23.821361
01706,residential,lst,37.824231,37.927097,213.462745,22.722650
01707,residential,lst,36.838860,37.078003,40.019608,21.909750
01708,residential,lst,37.589391,37.565071,52.815686,21.601945
01709,residential,lst,35.406767,35.396338,38.596078,23.439443
01710,residential,lst,37.606910,37.513801,92.062745,22.301372
01711,residential,lst,36.506698,36.442252,96.701961,22.786731
01712,residential,lst,37.764711,37.770152,103.749020,21.664953
01713,residential,lst,36.220905,36.270774,57.835294,22.962503
01714,residential,lst,37.265776,37.836042,65.345098,23.373882
01715,residential,lst,37.356414,37.364219,55.160784,22.018129
01716,residential,lst,37.956123,37.992324,51.505882,21.984544
01717,residential,lst,35.547576,35.545035,56.862745,21.380552
01718,residential,lst,37.756996,37.725718,58.827451,21.792014
01719,residential,lst,38.167287,38.076065,132.501961,21.149017
01720,residential,lst,38.674116,38.752833,41.572549,22.052920
01721,residential,lst,36.131877,36.327748,47.101961,22.246524
01722,residential,lst,38.494526,38.759992,40.200000,22.000000
01723,residential,lst,37.030593,37.084839,34.858824,21.348633
01724,residential,lst,38.913360,39.186922,34.000000,22.110611
01725,residential,lst,35.931533,35.833844,65.156863,22.052784
01726,residential,lst,38.137205,38.428121,26.819608,22.728030
01727,residential,lst,35.736835,35.770611,37.517647,21.982858
01728,residential,lst,36.939691,36.939004,67.905882,22.000000
01729,residential,lst,37.807349,37.829968,64.325490,22.000000
01730,residential,lst,35.793913,35.613382,57.082353,21.359989
01731,residential,lst,38.130137,38.024476,100.000000,22.473216
02101,residential,lst,38.332449,37.785534,142.450980,29.365120
02102,residential,lst,35.886570,35.895322,117.352941,28.526683
02103,residential,lst,35.387482,35.600137,166.125490,28.823214
02104,residential,lst,36.252297,36.119235,84.239216,31.012336
02105,residential,lst,36.168144,36.077830,50.400000,31.177638
02106,residential,lst,35.619205,35.651022,39.015686,30.305458
02107,residential,lst,36.662301,36.772314,79.396078,27.780994
02108,residential,lst,37.296010,37.460226,121.972549,26.325853
02109,residential,lst,36.366507,36.190329,69.058824,27.779443
02110,residential,lst,38.204730,37.761168,195.411765,23.363957
02111,residential,lst,34.141669,33.989822,43.388235,28.037690
02112,residential,lst,35.765513,35.850934,79.239216,24.033059
02113,residential,lst,35.223733,35.209273,94.137255,26.445657
02114,residential,lst,36.258352,36.211236,136.345098,26.726127
02115,residential,lst,35.775356,35.707377,56.713725,24.093279
02116,residential,lst,37.751800,37.763316,144.105882,21.950853
02117,residential,lst,36.041006,36.099595,92.321569,23.818282
02118,residential,lst,37.439188,37.229335,135.792157,25.374246
02119,residential,lst,35.936130,35.840680,66.678431,27.742046
02120,residential,lst,36.576219,36.459342,37.803922,28.854046
02121,residential,lst,35.537650,35.568040,54.988235,30.034802
02122,residential,lst,36.531799,36.730586,58.000000,28.745166
02123,residential,lst,37.162857,37.150703,52.988235,25.752886
02124,residential,lst,35.691798,35.789201,71.921569,23.864940
02125,residential,lst,35.299488,35.492042,77.094118,25.491683
02126,residential,lst,37.569357,37.455695,94.490196,30.073708
02127,residential,lst,36.979463,37.086338,58.207843,26.308361
02128,residential,lst,36.833761,36.937865,38.882353,24.899445
02129,residential,lst,36.332274,36.278915,190.054902,21.712013
02130,residential,lst,36.616012,36.525676,47.792157,21.963650
02131,residential,lst,38.412674,38.245257,78.650980,21.771889
02132,residential,lst,37.716557,37.800915,48.650980,23.356118
02133,residential,lst,35.528493,36.053266,104.588235,23.042782
02201,residential,lst,36.693996,36.555046,36.682353,27.583708
02202,residential,lst,37.278312,37.305302,38.670588,27.357874
02203,residential,lst,35.650685,35.727886,60.811765,26.051267
02204,residential,lst,37.455424,37.495002,48.996078,28.691772
02205,residential,lst,37.229838,37.203020,60.105882,29.985320
02206,residential,lst,37.053076,36.931029,51.098039,30.898772
02207,residential,lst,38.577138,38.456214,133.490196,30.419183
02208,residential,lst,36.502016,36.483739,87.082353,30.643475
02209,residential,lst,37.486958,37.495002,75.015686,32.882221
02210,residential,lst,36.259302,36.422199,76.937255,26.067129
02211,residential,lst,38.480282,38.616112,56.949020,28.686751
02212,residential,lst,38.116312,38.086319,57.749020,30.031169
02213,residential,lst,38.027764,38.098282,35.411765,32.158029
02214,residential,lst,37.992785,38.077774,34.043137,31.582306
02215,residential,lst,37.794519,37.799206,41.109804,32.155108
02216,residential,lst,37.973362,37.929090,36.921569,32.916410
02217,residential,lst,37.686652,37.664214,43.796078,30.776236
02218,residential,lst,35.926330,36.088487,69.282353,29.404030
02219,residential,lst,34.315163,34.396901,51.600000,30.763566
02220,residential,lst,36.098808,36.085160,42.694118,30.703683
02221,residential,lst,37.288570,37.204470,38.447059,29.965728
02222,residential,lst,36.867694,36.639722,83.309804,31.679674
02223,residential,lst,36.311107,36.240589,51.494118,32.419922
02224,residential,lst,34.919579,35.314305,26.317647,32.232603
02225,residential,lst,37.758490,37.753062,44.101961,31.794505
02226,residential,lst,36.726012,36.199679,137.505882,31.740018
02227,residential,lst,34.954619,34.709316,49.427451,30.441050
02228,residential,lst,35.980507,36.209958,48.941176,30.713061
02229,residential,lst,36.827776,37.018441,51.890196,30.470677
02230,residential,lst,36.637229,36.801144,37.886275,28.565469
02231,residential,lst,37.636416,37.739390,46.349020,30.293172
02232,residential,lst,35.259150,35.169894,50.349020,29.982008
02233,residential,lst,36.872231,37.265995,104.003922,31.873534
02234,residential,lst,38.063382,37.847058,54.000000,29.985911
02301,residential,lst,35.697654,35.721049,45.172549,29.303672
02302,residential,lst,35.238606,35.239109,58.572549,29.683516
02303,residential,lst,36.578164,36.706579,51.545098,30.376065
02304,residential,lst,37.131803,37.059204,44.125490,30.014220
02305,residential,lst,37.677680,37.937635,43.658824,29.857092
02306,residential,lst,36.232426,36.393260,52.972549,30.372150
02307,residential,lst,36.885475,36.777218,83.874510,31.065644
02308,residential,lst,35.623778,35.556964,57.752941,29.691179
02309,residential,lst,37.136797,37.423223,76.572549,28.893014
02310,residential,lst,36.796347,36.724606,53.917647,29.076078
02311,residential,lst,36.808096,37.054411,53.929412,28.324753
02312,residential,lst,36.260004,36.119249,44.678431,25.999122
02313,residential,lst,36.408259,36.485353,47.105882,28.763903
02314,residential,lst,36.368137,36.213244,60.023529,28.025480
02315,residential,lst,35.192852,35.305760,84.709804,29.188510
02316,residential,lst,37.733499,37.787243,36.278431,24.323208
02317,residential,lst,37.260381,37.243777,62.698039,24.826370
02318,residential,lst,36.853794,36.883176,52.384314,24.754679
02319,residential,lst,36.928362,36.793834,50.211765,25.261403
02320,residential,lst,36.172015,36.779948,123.631373,22.187813
02321,residential,lst,36.864911,37.428462,152.654902,21.447581
02322,residential,lst,38.644829,38.595604,70.360784,22.184316
02323,residential,lst,39.003178,38.971586,37.062745,21.031848
02324,residential,lst,38.538801,38.605858,40.850980,21.574638
02325,residential,lst,37.280120,37.140828,56.882353,21.242537
02326,residential,lst,36.690107,36.719111,24.854902,21.439098
02327,residential,lst,37.497056,37.489875,36.854902,22.656097
02328,residential,lst,38.583459,38.438375,36.929412,22.361155
02329,residential,lst,35.708627,35.717631,31.180392,21.330147
02330,residential,lst,38.257430,38.386149,73.117647,21.537249
02331,residential,lst,38.684785,38.597741,58.745098,22.153071
02332,residential,lst,38.313762,38.291401,35.078431,21.778871
02333,residential,lst,34.486101,35.041718,88.501961,21.190668
02334,residential,lst,32.081529,32.200489,72.258824,20.539889
02335,residential,lst,31.277347,31.595499,63.627451,20.073898
02336,residential,lst,30.937166,30.764714,133.047059,21.136234
02401,residential,lst,35.659021,35.774389,54.156863,20.000000
02402,residential,lst,34.975997,34.995646,55.066667,20.021863
02403,residential,lst,34.936547,34.982757,35.160784,20.528106
02404,residential,lst,35.941897,35.887130,34.788235,21.598467
02405,residential,lst,34.886838,34.811856,27.498039,19.120222
02406,residential,lst,35.531102,35.326386,74.505882,21.116585
02407,residential,lst,37.126014,37.160036,56.756863,25.102536
02408,residential,lst,36.105313,36.293568,72.145098,23.343045
02409,residential,lst,35.052154,35.110933,60.647059,20.651600
02410,residential,lst,36.437324,36.459677,59.698039,22.105892
02411,residential,lst,34.501696,34.635828,60.501961,24.758945
02412,residential,lst,37.403213,37.472785,34.360784,25.646884
02413,residential,lst,37.547218,37.479771,31.490196,24.407347
02414,residential,lst,38.075979,37.939344,31.301961,23.780631
02415,residential,lst,37.643592,37.601245,42.278431,23.343753
02416,residential,lst,37.558167,37.453986,42.792157,23.205737
02417,residential,lst,35.586685,35.522804,59.050980,25.766038
02418,residential,lst,37.185721,37.307011,35.878431,25.953110
02419,residential,lst,37.584460,37.612079,62.152941,25.754874
02420,residential,lst,37.303723,36.973754,52.247059,24.205134
02421,residential,lst,35.699233,36.023629,32.619608,21.552176
02422,residential,lst,34.876605,34.916106,71.274510,20.959670
02423,residential,lst,33.924072,33.914626,54.713725,21.184776
02424,residential,lst,35.329176,35.454444,86.219608,20.712954
02425,residential,lst,36.064126,36.196646,53.639216,23.208510
02426,residential,lst,36.811054,36.601190,59.611765,22.419512
02427,residential,lst,35.862041,35.740418,85.854902,23.674554
02428,residential,lst,36.829409,36.725227,82.247059,22.090974
02429,residential,lst,38.071938,38.079483,50.909804,22.332537
02430,residential,lst,38.195210,38.622948,50.078431,21.765153
02431,residential,lst,34.920541,34.885908,52.709804,22.051782
02432,residential,lst,35.092850,35.105806,99.098039,20.284488
02433,residential,lst,35.184005,35.423181,65.364706,18.236981
02434,residential,lst,35.834400,35.545021,55.600000,18.077021
02435,residential,lst,36.788772,36.593725,99.392157,21.673663
02501,residential,lst,38.713550,38.745997,34.301961,23.508517
02502,residential,lst,38.545245,38.518699,38.074510,23.739108
02503,residential,lst,36.752258,36.708857,45.349020,21.707541
02504,residential,lst,37.777022,37.775279,47.917647,21.563467
02505,residential,lst,38.161202,38.480784,47.227451,20.238645
02506,residential,lst,37.791393,37.790661,54.015686,20.515537
02507,residential,lst,37.565428,37.536018,34.219608,19.423562
02508,residential,lst,38.806112,38.939115,26.278431,18.338009
02509,residential,lst,38.844145,38.995513,32.309804,19.741352
02510,residential,lst,39.574290,39.508216,46.243137,20.543758
02511,residential,lst,37.771434,37.657358,32.172549,19.906631
02512,residential,lst,38.670463,38.419576,25.501961,21.043211
02513,residential,lst,36.867660,37.163454,45.941176,19.918737
02514,residential,lst,37.863796,37.889783,35.458824,19.811436
02515,residential,lst,38.014859,37.950622,58.439216,20.514696
02516,residential,lst,37.631723,37.651284,38.133333,19.079803
02517,residential,lst,37.306551,37.301884,72.000000,22.474673
02518,residential,lst,38.425719,38.534323,49.200000,22.256735
02519,residential,lst,38.720503,38.555591,55.764706,22.277215
02520,residential,lst,38.015545,37.970107,38.635294,21.000000
02521,residential,lst,38.151550,38.055557,33.898039,21.554836
02522,residential,lst,38.313388,38.547752,28.635294,21.414270
02523,residential,lst,38.449632,38.370015,39.415686,21.143966
02524,residential,lst,37.176022,37.088257,46.423529,21.016388
02525,residential,lst,37.601747,37.635141,34.890196,20.944925
02526,residential,lst,37.481446,37.583870,28.062745,22.234768
02527,residential,lst,37.327713,37.375371,37.925490,20.980767
02528,residential,lst,37.433589,37.481330,30.262745,21.005054
02529,residential,lst,37.152389,37.201052,37.776471,22.731859
02530,residential,lst,38.050656,37.980669,49.388235,20.978164
02531,residential,lst,37.125507,37.226834,48.086275,21.090034
02532,residential,lst,37.732491,37.653940,36.733333,22.223444
02533,residential,lst,38.620251,38.503318,68.305882,22.937995
02534,residential,lst,37.014263,36.820811,45.815686,22.294103
03101,residential,lst,31.990274,31.911335,324.431373,20.914928
03102,residential,lst,32.665653,32.965403,306.905882,21.382847
03103,residential,lst,30.749940,31.525632,461.313725,22.471909
03104,residential,lst,32.680974,32.802307,352.831373,21.319433
03105,residential,lst,33.264908,33.407993,829.541176,23.670874
03106,residential,lst,32.476093,32.735494,194.168627,23.602468
03107,residential,lst,34.535778,35.101998,420.619608,20.703696
03108,residential,lst,32.518393,32.757716,62.231373,22.961119
03109,residential,lst,33.431623,33.197324,82.541176,23.445648
03110,residential,lst,34.538659,34.531685,242.564706,24.552850
03111,residential,lst,33.166879,33.220768,63.517647,23.033833
03112,residential,lst,33.406995,33.608713,34.737255,23.213592
03113,residential,lst,33.900407,34.104326,35.196078,22.001226
03114,residential,lst,33.607617,33.697582,83.658824,22.672245
03115,residential,lst,34.597880,34.138380,86.545098,19.433323
03116,residential,lst,33.588993,33.449497,304.670588,20.240890
03117,residential,lst,35.178786,35.097941,47.729412,19.303180
03118,residential,lst,35.098608,35.068744,394.396078,22.156208
03119,residential,lst,36.517083,36.636835,97.917647,20.058232
03120,residential,lst,34.561125,34.538156,102.913725,19.696109
03121,residential,lst,35.448569,35.387674,228.509804,20.823546
03122,residential,lst,34.205419,34.205841,392.635294,20.405256
03123,residential,lst,34.413732,34.570553,374.243137,21.226968
03124,residential,lst,35.751932,35.677488,226.301961,22.009496
03125,residential,lst,34.108948,34.050883,404.513725,21.067425
03126,residential,lst,36.784808,36.757757,48.576471,21.951966
03127,residential,lst,35.740553,35.716231,200.760784,21.049225
03128,residential,lst,34.953293,35.042690,457.466667,19.090987
03129,residential,lst,36.391484,36.465402,213.090196,20.639644
03130,residential,lst,36.530589,36.570326,55.074510,22.000000
03131,residential,lst,35.265868,35.201347,245.811765,21.610223
03132,residential,lst,34.900916,34.917284,412.407843,21.211032
03133,residential,lst,34.732541,34.950780,378.643137,21.387079
03134,residential,lst,35.287668,35.243492,332.984314,20.729057
03135,residential,lst,34.479544,34.488321,255.823529,20.294229
03136,residential,lst,35.320479,35.280125,233.541176,21.345457
03137,residential,lst,35.415276,35.610010,363.043137,21.824155
03138,residential,lst,34.196811,34.085527,257.074510,21.366476
03139,residential,lst,35.628204,35.452148,368.411765,21.899505
03140,residential,lst,35.482719,35.453659,306.792157,19.929760
03201,residential,lst,34.173266,34.385426,215.400000,23.046098
03202,residential,lst,34.040747,34.158462,528.611765,21.289452
03203,residential,lst,35.435020,35.314305,103.584314,20.999962
03204,residential,lst,34.449595,34.761082,125.207843,21.440616
03205,residential,lst,35.556769,35.620514,87.933333,21.111582
03206,residential,lst,34.718224,34.587880,68.113725,20.867062
03207,residential,lst,34.351440,34.466941,250.133333,22.774238
03208,residential,lst,34.651528,34.652918,122.078431,21.202955
03209,residential,lst,34.560276,34.572595,131.749020,21.602988
03210,residential,lst,34.275736,34.233548,174.564706,21.062273
03211,residential,lst,35.900386,35.981433,163.721569,23.642339
03212,residential,lst,34.483165,34.525919,143.847059,20.384532
03213,residential,lst,35.329824,35.384577,217.803922,22.578934
03214,residential,lst,34.328983,34.227693,256.513725,22.641268
03215,residential,lst,34.102579,33.831519,174.050980,20.838339
03216,residential,lst,34.679966,34.511018,185.007843,22.317655
03217,residential,lst,37.972145,37.713212,302.733333,19.775121
03218,residential,lst,35.646041,35.817720,81.701961,21.266103
03219,residential,lst,39.161038,38.447946,387.282353,22.434349
03220,residential,lst,34.995793,35.018695,60.615686,19.073235
03221,residential,lst,33.540824,33.614536,168.913725,21.893367
03222,residential,lst,35.335631,35.338717,194.721569,22.678515
03223,residential,lst,34.428310,34.318987,118.188235,19.756520
03224,residential,lst,35.081705,34.982674,101.662745,20.592270
03225,residential,lst,34.132405,34.173826,183.145098,21.127639
03226,residential,lst,34.948886,34.883359,66.109804,23.002491
03227,residential,lst,34.251815,34.388022,107.803922,23.015642
03228,residential,lst,34.097126,34.070529,115.560784,23.526300
03229,residential,lst,33.507299,33.422617,240.517647,21.241326
03230,residential,lst,33.834705,33.959875,139.278431,22.352911
03231,residential,lst,34.819532,35.340474,78.980392,23.546177
03232,residential,lst,35.605682,35.386508,92.521569,23.193913
03233,residential,lst,34.851167,34.176104,209.074510,21.000075
03234,residential,lst,34.107677,34.164324,121.345098,22.771192
03235,residential,lst,35.008090,34.958831,61.717647,21.087622
03236,residential,lst,34.161876,34.230263,250.490196,23.080971
03237,residential,lst,33.703670,33.857468,254.403922,22.292417
03238,residential,lst,34.792062,34.794430,234.866667,20.092034
03301,residential,lst,36.434323,36.512708,198.094118,19.789979
03302,residential,lst,37.727600,37.073637,488.619608,19.128517
03303,residential,lst,38.057802,38.058975,216.650980,19.170945
03304,residential,lst,34.386621,35.072665,140.266667,19.222629
03305,residential,lst,34.864350,35.512349,96.952941,20.427375
03306,residential,lst,35.361629,35.346776,59.411765,19.034455
03307,residential,lst,35.883484,35.891950,100.152941,19.000000
03308,residential,lst,36.008860,35.919042,130.647059,19.587213
03309,residential,lst,35.476935,35.391491,114.807843,21.680455
03310,residential,lst,34.462330,34.553135,98.549020,19.158536
03311,residential,lst,34.318570,34.225666,130.525490,19.277521
03312,residential,lst,35.540951,35.506081,60.341176,19.981803
03313,residential,lst,35.133363,35.510299,86.137255,22.261097
03314,residential,lst,34.810466,34.917815,177.027451,22.718976
03315,residential,lst,35.012626,35.174166,49.321569,23.105113
03316,residential,lst,34.341333,34.075303,214.203922,21.631138
03317,residential,lst,35.287021,35.256076,83.568627,21.491319
03318,residential,lst,35.220323,35.229424,84.121569,21.984336
03319,residential,lst,36.706679,36.719111,41.607843,22.000000
03320,residential,lst,36.354288,36.350336,70.941176,22.005804
03321,residential,lst,35.388244,35.380796,67.352941,22.346900
03322,residential,lst,34.115316,34.101203,219.584314,21.363039
03323,residential,lst,36.155278,36.235461,34.556863,22.000000
03324,residential,lst,34.118057,34.107744,76.313725,22.984584
03325,residential,lst,34.760555,34.729824,48.709804,24.842605
03326,residential,lst,34.369143,34.235547,84.027451,21.091800
03327,residential,lst,35.277230,34.900725,62.913725,24.517921
03328,residential,lst,35.174805,34.963958,60.858824,22.609962
03329,residential,lst,35.452663,35.487449,80.105882,21.981887
03330,residential,lst,36.545622,36.738188,119.039216,23.128249
03331,residential,lst,36.749151,36.992553,82.717647,22.637842
03332,residential,lst,36.588734,36.654169,98.807843,21.738808
03333,residential,lst,36.113439,36.168810,60.266667,22.000000
03334,residential,lst,36.270679,36.333400,81.705882,22.000000
03335,residential,lst,36.513716,36.621483,44.976471,21.983521
03336,residential,lst,36.699128,36.924193,28.184314,21.530124
03337,residential,lst,35.131442,34.951995,44.043137,21.677500
03338,residential,lst,36.047547,35.864606,58.164706,21.937230
03339,residential,lst,35.912436,36.038354,48.227451,21.769149
03340,residential,lst,35.359703,35.201351,49.105882,20.385082
03401,residential,lst,34.033933,34.146367,420.047059,21.197532
03402,residential,lst,34.436680,34.543592,386.560784,21.681353
03403,residential,lst,34.364813,34.513280,367.180392,21.563425
03404,residential,lst,33.978765,33.984001,252.125490,23.607525
03405,residential,lst,34.434017,34.472416,433.992157,23.280072
03406,residential,lst,34.241154,34.243802,302.152941,21.840816
03407,residential,lst,34.661046,34.765633,95.823529,22.105791
03408,residential,lst,34.839146,34.465300,496.137255,22.503023
03409,residential,lst,34.333692,34.454591,538.125490,22.815693
03410,residential,lst,37.970583,38.483949,384.607843,21.858068
03411,residential,lst,35.237798,35.337392,143.803922,22.000000
03412,residential,lst,37.479302,37.398443,471.109804,23.223178
03413,residential,lst,35.525541,35.552110,137.745098,22.000000
03414,residential,lst,34.917459,34.775967,53.164706,22.000000
03415,residential,lst,35.955367,36.169665,107.407843,22.073022
03416,residential,lst,34.786902,34.926360,74.023529,21.682560
03417,residential,lst,34.738475,35.033568,197.941176,20.792135
03418,residential,lst,34.712433,34.897307,61.317647,21.919864
03419,residential,lst,34.055321,33.988095,172.266667,22.000000
03420,residential,lst,36.487004,36.214953,76.192157,22.000000
03421,residential,lst,35.061187,34.960540,70.894118,21.000000
03422,residential,lst,36.625013,36.402308,82.478431,21.429821
03423,residential,lst,36.514918,36.142382,66.886275,20.531836
03424,residential,lst,36.066284,36.213244,77.329412,21.604189
03425,residential,lst,34.932250,35.010726,73.698039,22.300644
03426,residential,lst,33.525962,33.654002,153.098039,21.854662
03427,residential,lst,34.874573,35.102388,56.145098,22.117133
03428,residential,lst,35.091560,35.015920,84.333333,21.761079
03429,residential,lst,35.531466,35.539012,92.039216,22.943289
03430,residential,lst,34.773052,34.744819,106.235294,20.182983
03431,residential,lst,35.654173,35.821048,83.345098,20.437068
03432,residential,lst,34.118699,34.423965,68.588235,22.522013
03433,residential,lst,34.816564,34.727624,93.847059,22.754586
03501,residential,lst,35.594622,35.093647,586.588235,23.059834
03502,residential,lst,34.655551,34.579025,131.631373,23.915361
03503,residential,lst,36.012061,35.960311,55.623529,23.489848
03504,residential,lst,36.102908,35.950914,190.784314,24.481110
03505,residential,lst,35.099131,35.137224,236.329412,23.093754
03506,residential,lst,36.683162,36.599421,66.552941,23.214719
03507,residential,lst,35.389407,35.081898,64.086275,23.648819
03508,residential,lst,35.508018,35.571965,47.231373,22.266108
03509,residential,lst,35.316865,35.194358,186.219608,23.126016
03510,residential,lst,34.844038,34.608484,44.490196,22.194006
03511,residential,lst,35.012695,35.003719,47.639216,22.168094
03512,residential,lst,36.846735,36.641480,183.831373,22.312029
03513,residential,lst,34.941405,35.088716,48.976471,20.948355
03514,residential,lst,37.442357,37.238650,107.447059,21.090916
03515,residential,lst,35.773171,36.022416,52.305882,20.631129
03516,residential,lst,34.833434,35.112750,79.658824,22.870723
03517,residential,lst,35.670077,35.567706,95.537255,21.633528
03518,residential,lst,36.477677,36.541374,63.988235,20.616045
03519,residential,lst,35.480489,35.390422,54.341176,19.237858
03520,residential,lst,34.488752,34.724697,52.156863,22.338421
03521,residential,lst,35.669994,35.721049,40.894118,20.554181
03522,residential,lst,35.453358,35.254490,60.427451,20.858394
03523,residential,lst,34.225977,34.005203,76.454902,21.803703
03524,residential,lst,34.772359,34.652522,63.600000,22.331545
03525,residential,lst,34.230195,33.930007,57.109804,20.964980
03526,residential,lst,34.664981,34.445864,50.290196,21.000000
03527,residential,lst,34.134472,33.918213,57.866667,19.656343
03528,residential,lst,35.926971,35.898787,45.823529,18.954472
03529,residential,lst,34.636041,34.483726,40.568627,19.000000
03530,residential,lst,36.528714,36.492383,99.407843,19.732928
03531,residential,lst,35.884839,35.520232,65.596078,18.074610
03532,residential,lst,37.342387,37.418096,37.576471,18.286892
03533,residential,lst,35.960515,35.999618,35.000000,18.032717
03534,residential,lst,36.357020,36.579291,55.356863,18.477827
03601,residential,lst,35.746022,36.081544,40.423529,21.307043
03602,residential,lst,35.143789,35.016937,115.988235,21.352504
03603,residential,lst,36.406554,36.418326,44.101961,21.314245
03604,residential,lst,37.423056,37.628305,29.631373,21.968237
03605,residential,lst,37.105437,37.019897,34.976471,22.201480
03606,residential,lst,37.746412,37.785534,31.674510,20.301473
03607,residential,lst,38.231509,38.322163,27.682353,20.045899
03608,residential,lst,37.597765,37.518928,22.415686,22.846746
03609,residential,lst,37.255626,37.430059,30.827451,20.780053
03610,residential,lst,37.819443,37.765025,25.478431,21.425119
03611,residential,lst,36.745506,36.807980,31.894118,22.724087
03612,residential,lst,36.759820,36.652425,36.235294,22.655303
03613,residential,lst,36.956604,37.105348,30.623529,22.011781
03614,residential,lst,38.512087,38.490005,40.396078,21.250364
03615,residential,lst,37.903418,37.788952,40.431373,21.627934
03616,residential,lst,37.865796,37.761607,45.890196,22.132969
03617,residential,lst,36.824934,36.743037,30.737255,21.000000
03618,residential,lst,38.047403,38.115372,45.423529,22.120090
03619,residential,lst,37.681915,37.836804,22.549020,23.000000
03620,residential,lst,36.940409,37.006225,23.000000,22.986871
03621,residential,lst,37.838740,37.841931,27.168627,20.000000
03622,residential,lst,38.527564,38.551170,42.164706,21.394903
03623,residential,lst,37.545440,37.389043,30.227451,21.987026
03624,residential,lst,37.212584,37.193149,38.952941,20.384778
03625,residential,lst,38.057061,37.853894,37.168627,21.451150
03626,residential,lst,38.425089,38.349507,24.658824,21.089059
03627,residential,lst,38.902414,38.903226,25.313725,20.764833
03628,residential,lst,39.040066,39.074127,35.713725,20.570989
03629,residential,lst,37.924917,38.004287,58.945098,21.862684
03630,residential,lst,38.439316,38.489646,40.172549,21.651601
03631,residential,lst,38.931492,39.089508,25.988235,20.120718
03632,residential,lst,38.981842,39.111725,35.105882,21.450737
03633,residential,lst,38.986819,39.057037,31.874510,21.400837
03634,residential,lst,38.980620,38.980289,40.964706,20.543079
03635,residential,lst,39.497615,39.607338,26.874510,20.817452
03701,residential,lst,37.064280,37.101930,26.168627,20.779859
03702,residential,lst,37.226645,37.495002,55.435294,21.000000
03703,residential,lst,38.310391,38.322702,66.784314,21.000000
03704,residential,lst,38.067731,38.071699,64.203922,20.588077
03705,residential,lst,37.104096,37.304108,72.309804,21.000000
03706,residential,lst,35.692319,35.830926,74.521569,21.617481
03707,residential,lst,36.443228,36.381782,47.882353,18.374120
03708,residential,lst,37.401071,37.577034,61.584314,22.540563
03709,residential,lst,37.960763,37.980361,41.576471,20.771741
03710,residential,lst,38.006732,37.988906,21.454902,19.350027
03711,residential,lst,36.575748,36.490271,39.219608,18.719628
03712,residential,lst,35.604065,35.500587,36.466667,19.821379
03713,residential,lst,38.477864,38.540916,23.701961,20.380377
03714,residential,lst,36.476177,36.473014,41.058824,19.557975
03715,residential,lst,37.125479,36.920774,65.992157,20.067804
03716,residential,lst,36.777640,36.890674,71.164706,22.092192
03717,residential,lst,37.407679,36.851960,70.027451,21.016520
03718,residential,lst,37.336745,37.310429,49.521569,20.964207
03719,residential,lst,39.558043,39.425348,172.870588,21.827776
03720,residential,lst,37.264390,37.134401,56.545098,23.487274
03721,residential,lst,36.486986,35.989364,33.647059,20.000000
03722,residential,lst,36.645677,36.650751,39.658824,20.000000
03723,residential,lst,37.058579,36.953246,46.176471,20.000000
03724,residential,lst,37.281701,37.049153,106.443137,22.470913
03725,residential,lst,37.129222,36.958373,40.956863,22.080237
03726,residential,lst,35.538983,35.492249,64.200000,22.712663
03727,residential,lst,36.622684,36.341258,60.615686,20.009510
03728,residential,lst,38.655676,38.581932,69.862745,20.000000
03729,residential,lst,38.741822,38.634912,30.835294,20.000000
03730,residential,lst,36.717048,36.669550,74.921569,22.901492
03731,residential,lst,36.595159,36.299168,45.921569,20.001537
03732,residential,lst,37.106951,36.958373,42.815686,20.356201
03733,residential,lst,37.590868,37.910291,43.976471,21.574550
03734,residential,lst,37.644314,37.652231,29.345098,23.968328
03801,residential,lst,35.269190,35.425179,43.352941,20.996563
03802,residential,lst,35.380724,35.163912,75.631373,21.016229
03803,residential,lst,37.908469,37.793558,70.121569,22.802192
03804,residential,lst,39.265255,39.286044,41.047059,22.669342
03805,residential,lst,37.427556,37.430059,57.301961,21.236586
03806,residential,lst,37.653283,37.628305,18.023529,21.360531
03807,residential,lst,36.577430,36.934447,36.360784,22.380500
03808,residential,lst,36.807185,36.995971,33.145098,20.745149
03809,residential,lst,38.107695,37.994033,35.921569,21.236463
03810,residential,lst,38.009678,37.954726,27.066667,20.125471
03811,residential,lst,37.733638,37.706919,62.921569,21.222250
03812,residential,lst,38.530153,38.580223,27.874510,21.276027
03813,residential,lst,38.208243,38.332417,31.866667,21.423086
03814,residential,lst,36.561950,36.474702,57.050980,20.612318
03815,residential,lst,37.557838,37.722300,20.996078,21.980202
03816,residential,lst,37.867811,37.870984,46.952941,21.976614
03817,residential,lst,37.114296,37.207888,43.749020,21.013266
03818,residential,lst,35.269071,35.212239,49.427451,21.858140
03819,residential,lst,38.058328,38.106827,37.203922,22.136397
03820,residential,lst,37.674141,37.677123,46.517647,22.002782
03821,residential,lst,38.554321,38.745997,48.050980,21.567534
03822,residential,lst,34.578744,34.292317,44.721569,20.135917
03823,residential,lst,37.292689,37.173708,67.564706,20.146265
03824,residential,lst,38.417119,38.554588,54.607843,22.000000
03825,residential,lst,35.868950,36.151720,39.909804,20.000000
03826,residential,lst,35.736824,35.842154,48.905882,19.951247
03827,residential,lst,38.057058,37.997451,47.713725,21.403057
03828,residential,lst,37.186703,37.288212,39.196078,20.000000
03829,residential,lst,37.617128,37.851174,87.909804,21.244547
03830,residential,lst,37.593207,37.616342,28.113725,21.610545
03831,residential,lst,37.893869,37.901430,59.239216,21.464253
03832,residential,lst,35.174962,35.139109,30.529412,20.000000
03901,residential,lst,36.839558,36.976675,55.850980,21.589945
03902,residential,lst,37.842574,37.947688,68.207843,22.803312
03903,residential,lst,36.213524,36.138048,33.203922,21.860281
03904,residential,lst,36.970269,36.966918,62.156863,22.000000
03905,residential,lst,37.067938,37.272946,78.741176,22.000000
03906,residential,lst,36.733961,36.763546,84.549020,22.000000
03907,residential,lst,36.662350,36.581925,41.329412,23.298890
03908,residential,lst,36.586818,36.527702,38.176471,22.028659
03909,residential,lst,35.737129,35.722758,81.603922,23.223269
03910,residential,lst,35.121016,35.272233,104.619608,22.627596
03911,residential,lst,35.103363,35.170748,48.298039,24.000000
03912,residential,lst,36.860779,36.676386,27.458824,22.106113
03913,residential,lst,34.224196,34.139596,60.796078,24.000000
03914,residential,lst,35.241506,35.293746,120.592157,23.324022
03915,residential,lst,34.756640,34.818692,34.298039,24.000000
03916,residential,lst,34.776442,35.106772,202.611765,21.664421
03917,residential,lst,34.691041,34.288899,56.337255,22.421481
03918,residential,lst,34.990906,35.013519,69.729412,23.347225
03919,residential,lst,38.217930,38.089737,284.074510,21.300115
03920,residential,lst,35.173131,35.095552,28.031373,21.802462
03921,residential,lst,37.386687,37.196664,140.466667,21.933248
03922,residential,lst,37.098289,37.289921,27.227451,23.649143
03923,residential,lst,37.777032,37.843640,24.701961,23.177806
03924,residential,lst,35.791465,35.435645,45.611765,23.056917
03925,residential,lst,37.418276,37.382207,33.788235,23.009517
03926,residential,lst,36.319127,36.291859,40.901961,23.774784
03927,residential,lst,38.015019,37.761607,43.074510,22.656227
03928,residential,lst,35.291946,35.245735,48.756863,22.115419
03929,residential,lst,37.692549,37.792370,32.333333,23.782899
03930,residential,lst,35.521448,35.430518,43.541176,22.410970
03931,residential,lst,38.050960,38.079483,36.294118,23.017288
03932,residential,lst,36.612117,36.867448,64.411765,21.644688
03933,residential,lst,37.026442,37.028442,25.345098,22.625870
03934,residential,lst,35.976571,35.951766,23.286275,22.042102
03935,residential,lst,36.509124,36.488097,51.341176,22.161625
03936,residential,lst,36.854575,37.073397,44.933333,23.419794
03937,residential,lst,37.423782,37.327519,34.050980,22.025567
03938,residential,lst,37.489226,37.487648,67.729412,18.743327
03939,residential,lst,38.433408,37.968949,99.435294,18.815704
04101,residential,lst,35.243431,35.283423,115.921569,12.172733
04102,residential,lst,34.098816,34.592493,112.372549,12.939731
04103,residential,lst,34.933894,34.607702,110.600000,12.826543
04104,residential,lst,34.025142,34.244465,116.580392,12.964242
04105,residential,lst,35.740324,35.833055,115.286275,12.025308
04106,residential,lst,34.213874,34.414815,211.984314,11.807866
04107,residential,lst,37.364798,37.211744,737.831373,16.663083
04108,residential,lst,35.135761,35.122896,42.109804,14.845502
04109,residential,lst,35.293884,35.415137,103.839216,14.173647
04110,residential,lst,35.363736,35.415351,89.929412,14.622449
04111,residential,lst,34.936364,34.925770,93.482353,14.178874
04112,residential,lst,36.201730,35.858819,91.054902,14.595633
04113,residential,lst,36.034760,35.985946,44.400000,15.026409
04114,residential,lst,38.066747,38.089737,107.682353,15.972067
04115,residential,lst,35.971667,36.018417,38.380392,16.692143
04116,residential,lst,37.452675,37.569404,43.058824,15.577413
04117,residential,lst,36.501080,36.567009,83.215686,18.472667
04118,residential,lst,37.789706,38.024620,69.584314,18.663943
04119,residential,lst,37.219859,37.396515,66.960784,15.705417
04201,residential,lst,32.446693,32.474672,245.811765,18.601289
04202,residential,lst,31.522857,31.541828,310.266667,19.326765
04203,residential,lst,31.305461,31.102450,264.913725,16.791719
04204,residential,lst,33.448879,33.372870,108.756863,16.988678
04205,residential,lst,31.529482,31.263275,402.725490,18.934564
04206,residential,lst,35.680492,36.517000,83.470588,20.542495
04207,residential,lst,35.658644,35.660551,251.811765,19.950492
04208,residential,lst,35.140119,35.167330,149.870588,17.447811
04209,residential,lst,34.915843,34.984750,105.090196,21.225651
04210,residential,lst,34.856713,34.890933,99.462745,21.765091
04211,residential,lst,34.049177,33.992392,256.007843,21.419197
04212,residential,lst,34.796925,34.504946,144.988235,20.080061
04213,residential,lst,31.746524,31.718657,352.882353,17.389209
04214,residential,lst,35.454006,35.266399,162.647059,20.680723
04215,residential,lst,36.426976,36.383749,72.560784,22.035616
04216,residential,lst,35.710484,35.782574,110.486275,20.598460
04217,residential,lst,33.720954,33.609109,217.960784,20.190878
04218,residential,lst,35.942117,36.199424,87.874510,21.208497
04219,residential,lst,34.917791,34.685389,176.862745,21.476829
04220,residential,lst,33.122956,33.035905,372.043137,20.726460
04221,residential,lst,36.652379,37.027786,200.850980,20.492258
04222,residential,lst,35.758071,35.794449,119.019608,23.194234
04223,residential,lst,36.038526,36.076524,62.305882,22.941780
04224,residential,lst,33.415049,33.526202,327.400000,19.885862
04225,residential,lst,35.941551,36.364166,209.505882,20.973514
04226,residential,lst,34.653487,34.580841,144.686275,21.418756
04227,residential,lst,37.485167,37.554414,72.337255,21.900195
04301,residential,lst,36.238810,36.225545,68.647059,21.879063
04302,residential,lst,37.185138,37.301487,51.505882,23.000000
04303,residential,lst,36.672273,36.630243,67.176471,23.029656
04304,residential,lst,37.944966,38.058975,43.901961,24.314158
04305,residential,lst,36.263685,36.146593,45.039216,23.915542
04306,residential,lst,36.753951,36.828488,45.184314,23.024996
04307,residential,lst,37.045191,36.939914,52.501961,23.000000
04308,residential,lst,36.314969,36.337243,74.733333,20.070840
04309,residential,lst,38.965158,38.137590,48.094118,20.254566
04310,residential,lst,37.835973,37.787178,56.839216,22.673865
04311,residential,lst,37.682270,37.888074,43.788235,22.618843
04312,residential,lst,36.963590,36.695185,35.976471,23.558317
04313,residential,lst,36.389489,36.234793,45.435294,22.878560
04314,residential,lst,37.883507,37.932508,49.627451,23.016436
04315,residential,lst,37.325243,37.337773,64.529412,22.247524
04316,residential,lst,35.981621,36.452438,46.345098,21.030970
04317,residential,lst,35.167450,35.198947,104.564706,22.400165
04318,residential,lst,36.457995,36.664423,33.223529,22.377951
04319,residential,lst,37.200164,37.129274,33.007843,23.111798
04320,residential,lst,38.327892,38.305073,58.101961,25.160367
04321,residential,lst,37.209640,37.141237,44.627451,26.823902
04322,residential,lst,37.400428,37.475226,43.219608,24.881590
04323,residential,lst,37.481265,37.310429,55.070588,27.885067
04324,residential,lst,37.726274,37.679575,77.541176,29.538563
04325,residential,lst,37.137221,37.036762,36.258824,27.071382
04326,residential,lst,37.071975,37.065350,42.474510,23.630413
04327,residential,lst,37.572528,37.515510,42.400000,23.967629
04328,residential,lst,37.603249,37.797497,63.866667,21.151910
04329,residential,lst,37.068370,36.919984,45.317647,23.065421
04401,residential,lst,38.612123,38.697476,64.341176,25.690193
04402,residential,lst,37.341155,37.303593,108.121569,28.891625
04403,residential,lst,37.697228,37.901226,180.007843,30.766568
04404,residential,lst,38.010453,38.134240,46.839216,24.000000
04405,residential,lst,38.588244,38.575096,63.137255,24.909627
04406,residential,lst,38.243751,38.459453,66.792157,28.254580
04407,residential,lst,37.912835,37.881238,71.239216,24.520478
04408,residential,lst,37.788865,38.009414,67.290196,29.194767
04409,residential,lst,37.774647,37.666624,97.890196,33.032129
04410,residential,lst,38.401316,38.472556,64.792157,25.387120
04411,residential,lst,38.121570,38.264056,71.223529,26.373472
04412,residential,lst,37.904682,37.631723,70.627451,29.334814
04413,residential,lst,38.151817,38.162420,57.752941,31.266246
04414,residential,lst,38.204407,38.129045,59.854902,32.402477
04415,residential,lst,37.975693,38.010330,146.368627,31.074403
04416,residential,lst,37.410279,37.433477,68.847059,31.063169
04417,residential,lst,37.931777,37.930610,51.952941,32.105148
04418,residential,lst,37.613963,37.758189,58.007843,31.277177
04419,residential,lst,38.229313,38.162068,86.768627,32.420139
04420,residential,lst,38.246088,38.115372,97.752941,32.575480
04421,residential,lst,38.010309,38.141008,131.650980,31.994102
04422,residential,lst,37.375184,37.383417,102.058824,32.783708
04423,residential,lst,36.749891,36.801144,132.313725,31.747155
04424,residential,lst,36.975413,36.941283,75.917647,32.039517
04425,residential,lst,36.084817,36.010754,56.552941,32.475556
04426,residential,lst,37.285720,37.430059,41.066667,30.908709
04427,residential,lst,36.996525,37.149896,70.478431,30.503728
04428,residential,lst,37.953659,37.970107,75.870588,29.805086
04429,residential,lst,37.838202,37.910209,372.396078,30.729973
04501,residential,lst,30.897335,30.541489,609.172549,20.279337
04502,residential,lst,31.552844,31.767128,423.545098,20.934141
04503,residential,lst,32.352361,32.398675,352.360784,21.014357
04504,residential,lst,35.798339,35.717631,122.243137,21.130566
04505,residential,lst,38.123524,38.079483,52.435294,22.709969
04506,residential,lst,37.512178,37.507184,54.423529,21.316832
04507,residential,lst,37.244959,37.205333,85.113725,22.395918
04508,residential,lst,37.716426,37.818693,49.811765,21.667769
04509,residential,lst,37.303932,37.552254,58.188235,22.933414
04510,residential,lst,38.270720,37.918557,66.478431,24.950507
04511,residential,lst,37.053288,37.053902,103.168627,27.665995
04512,residential,lst,36.494854,36.367237,169.854902,29.982476
04513,residential,lst,37.085791,37.224978,36.121569,30.052980
04514,residential,lst,35.538296,35.368993,37.694118,34.501873
04515,residential,lst,35.122269,35.112037,41.435294,32.112625
04516,residential,lst,34.772959,34.664881,46.329412,32.316404
04517,residential,lst,36.709050,36.299424,136.145098,29.601924
04518,residential,lst,38.052337,38.139299,120.047059,26.585979
04519,residential,lst,35.752294,35.833844,84.360784,25.920974
04520,residential,lst,33.840054,33.803739,228.462745,21.438772
04521,residential,lst,32.636523,32.761178,331.211765,20.417646
04522,residential,lst,31.454240,31.262401,443.270588,21.179539
04523,residential,lst,34.163929,34.053910,152.549020,20.951388
04524,residential,lst,30.937303,31.082856,525.431373,20.658469
04525,residential,lst,30.914086,30.635140,392.745098,20.972641
04526,residential,lst,34.641416,34.604778,120.152941,21.545710
04527,residential,lst,36.355686,36.264515,55.392157,33.213664
04528,residential,lst,37.707615,37.761607,37.074510,24.036704
04601,residential,lst,36.531590,36.517448,73.478431,31.878476
04602,residential,lst,36.497182,36.580681,68.066667,31.898715
04603,residential,lst,35.795601,35.454444,87.031373,32.701212
04604,residential,lst,36.706685,36.776044,90.729412,31.880143
04605,residential,lst,36.950442,36.869892,49.839216,31.456212
04606,residential,lst,35.952007,35.946639,79.760784,31.526230
04607,residential,lst,36.501176,36.489449,77.729412,30.870491
04608,residential,lst,36.955812,36.889279,60.901961,30.193947
04609,residential,lst,35.971421,35.973333,107.274510,30.504003
04610,residential,lst,36.772773,36.821652,42.501961,29.427662
04611,residential,lst,36.582073,36.539665,76.423529,28.684678
04612,residential,lst,36.020191,36.055391,60.286275,31.536655
04613,residential,lst,37.162232,37.489287,48.349020,31.224755
04614,residential,lst,37.635358,37.778698,55.435294,30.661078
04615,residential,lst,37.058638,37.224978,59.776471,30.603425
04616,residential,lst,37.180046,37.149782,42.874510,30.470959
04617,residential,lst,37.410561,37.091412,60.062745,31.607078
04618,residential,lst,36.853057,36.884885,58.556863,32.077619
04619,residential,lst,37.345132,37.256530,76.047059,31.993606
04620,residential,lst,37.515108,37.477912,86.756863,30.794874
04621,residential,lst,35.896977,35.948035,80.039216,30.573542
04622,residential,lst,37.843792,37.949599,68.533333,30.235580
04623,residential,lst,36.178973,35.946639,95.466667,30.716604
04624,residential,lst,35.904310,36.093614,72.737255,31.286015
04625,residential,lst,36.848568,36.862668,64.329412,30.453182
04626,residential,lst,36.372087,36.302845,49.494118,30.774344
04627,residential,lst,36.066920,35.919295,93.074510,30.274880
04701,residential,lst,36.102812,36.354746,85.423529,31.638847
04702,residential,lst,35.707160,35.922848,110.411765,29.544308
04703,residential,lst,38.628063,38.363699,94.498039,30.325269
04704,residential,lst,35.627919,35.693267,90.917647,30.076734
04705,residential,lst,36.691972,36.582391,40.047059,30.794751
04706,residential,lst,35.730471,35.690287,50.435294,31.242516
04707,residential,lst,36.417272,36.494201,42.207843,31.138159
04708,residential,lst,36.055860,35.676101,129.647059,29.219903
04709,residential,lst,35.887017,35.804729,84.941176,25.412927
04710,residential,lst,35.085535,34.861081,77.043137,29.302861
04711,residential,lst,34.731153,34.725551,99.674510,24.115749
04712,residential,lst,35.002813,34.825528,74.807843,25.875603
04713,residential,lst,35.040972,34.823908,175.341176,26.024132
04714,residential,lst,34.914846,34.770104,54.647059,25.398206
04715,residential,lst,34.797611,34.752027,120.262745,23.894316
04716,residential,lst,34.886459,34.962249,65.666667,26.915676
04717,residential,lst,34.316051,34.329915,56.184314,25.858589
04718,residential,lst,33.764723,33.660838,146.098039,23.704496
04719,residential,lst,35.139557,35.112642,166.333333,26.686102
04720,residential,lst,32.707636,33.197696,147.400000,21.775454
04721,residential,lst,34.133863,34.104326,177.980392,23.950600
04722,residential,lst,34.869207,34.641943,93.203922,24.492784
04723,residential,lst,35.597336,35.502296,152.925490,28.135193
04724,residential,lst,34.744753,34.771792,103.196078,25.624017
04725,residential,lst,36.198895,36.247425,106.149020,29.737919
04726,residential,lst,35.022969,34.958831,79.247059,27.092092
04727,residential,lst,32.507393,33.225895,175.956863,23.334841
04801,residential,lst,35.946065,36.364583,44.862745,22.063549
04802,residential,lst,35.460937,35.431157,56.411765,22.606187
04803,residential,lst,36.152426,36.459000,73.639216,25.301363
04804,residential,lst,37.514348,37.660343,115.043137,23.815824
04805,residential,lst,37.236430,37.257204,117.827451,27.329561
04806,residential,lst,36.693639,36.731074,53.015686,28.254901
04807,residential,lst,38.727172,38.591224,193.047059,24.812684
05101,residential,lst,33.680618,34.148760,309.882353,10.909972
05102,residential,lst,34.509128,34.700973,162.796078,10.280780
05103,residential,lst,33.557909,33.704646,259.003922,10.173561
05104,residential,lst,38.750567,38.590646,289.407843,10.003943
05105,residential,lst,33.991918,34.051354,297.623529,10.999328
05106,residential,lst,34.304992,33.903187,408.145098,10.702864
05107,residential,lst,34.859930,34.897689,123.133333,9.993312
05108,residential,lst,36.422445,36.377309,58.250980,10.625690
05109,residential,lst,33.313443,33.288457,90.592157,9.610969
05110,residential,lst,36.717825,36.587518,89.717647,9.873372
05111,residential,lst,34.404739,34.608427,120.611765,10.004292
05112,residential,lst,35.235422,35.139986,94.584314,9.907417
05113,residential,lst,33.179433,33.111840,280.513725,9.581161
05114,residential,lst,35.429761,35.297215,38.627451,10.000000
05115,residential,lst,36.890621,36.948119,87.627451,10.074200
05116,residential,lst,36.267121,36.237170,52.352941,10.721124
05117,residential,lst,34.200293,34.369223,82.482353,10.946418
05118,residential,lst,37.111939,37.219851,73.019608,10.564608
05119,residential,lst,35.849497,35.923852,92.619608,10.472817
05120,residential,lst,33.710421,33.784719,53.113725,9.999483
05121,residential,lst,37.088565,37.828234,44.211765,10.288451
05122,residential,lst,36.061047,35.939803,96.270588,10.892664
05123,residential,lst,35.690293,35.736085,132.372549,11.000000
05124,residential,lst,35.644564,35.547637,170.274510,11.000000
05125,residential,lst,34.827814,34.709917,121.996078,11.000000
05126,residential,lst,36.205296,36.271351,110.262745,11.000000
05127,residential,lst,35.401950,35.213964,71.168627,11.000000
05128,residential,lst,32.061909,31.841255,325.752941,10.570961
05129,residential,lst,34.324874,34.391766,156.156863,10.871723
05130,residential,lst,34.368714,34.673915,250.372549,10.873616
05131,residential,lst,32.459120,32.771756,121.058824,8.079689
05132,residential,lst,38.078196,37.857897,344.588235,9.305155
05133,residential,lst,37.081822,37.160450,83.984314,10.441306
05134,residential,lst,35.541864,35.365575,76.650980,8.774788
05135,residential,lst,34.079696,33.938552,77.415686,9.401702
05136,residential,lst,38.446876,38.819485,119.694118,10.126597
05137,residential,lst,35.470585,35.856061,46.545098,9.733844
05138,residential,lst,34.161610,33.926624,59.964706,8.240207
05201,residential,lst,36.646041,36.661005,122.243137,18.901033
05202,residential,lst,35.121489,35.237400,105.015686,13.139288
05203,residential,lst,36.234765,36.694489,108.631373,18.932493
05204,residential,lst,37.807605,37.139528,99.196078,19.372168
05205,residential,lst,37.278733,37.180544,74.607843,19.000000
05206,residential,lst,38.900541,38.471416,253.372549,19.626374
05207,residential,lst,35.360859,35.136568,87.447059,11.029598
05208,residential,lst,36.772790,36.886309,74.003922,9.545811
05209,residential,lst,36.272447,36.237170,92.964706,10.975238
05210,residential,lst,37.874273,37.897844,61.611765,8.444784
05211,residential,lst,37.532811,37.513663,46.258824,10.704730
05212,residential,lst,35.621900,35.506092,72.066667,18.000000
05213,residential,lst,35.201881,35.334181,296.329412,12.700042
05214,residential,lst,34.566317,34.869844,100.094118,12.322011
05215,residential,lst,35.892835,36.014340,82.337255,11.398028
05216,residential,lst,36.254391,36.235308,120.631373,12.443094
05217,residential,lst,36.511772,36.541287,116.274510,19.173929
05218,residential,lst,37.054117,36.988300,154.352941,11.274771
05219,residential,lst,36.203671,36.243242,66.941176,10.564265
05220,residential,lst,35.047106,35.325199,216.627451,20.462962
05221,residential,lst,36.188889,36.265857,116.152941,16.712516
05222,residential,lst,35.293470,35.461280,80.050980,13.415422
05223,residential,lst,35.766582,35.819494,102.858824,17.352625
05224,residential,lst,34.926247,35.085298,88.258824,17.163779
05225,residential,lst,37.570997,37.559944,57.082353,9.987153
05226,residential,lst,38.791440,39.110187,169.333333,19.476563
05227,residential,lst,35.255216,36.098655,49.403922,8.887919
05228,residential,lst,35.753538,35.699297,98.976471,18.543048
05229,residential,lst,34.382489,34.680378,90.203922,13.228763
05230,residential,lst,37.507861,37.588997,45.376471,10.780054
05301,residential,lst,34.979729,34.787930,136.470588,9.584282
05302,residential,lst,34.388733,34.413657,79.254902,18.000000
05303,residential,lst,33.684808,33.791483,186.376471,18.471090
05304,residential,lst,34.548761,33.925070,114.121569,9.886224
05305,residential,lst,32.928512,32.917786,72.027451,8.334567
05306,residential,lst,34.668797,34.686755,59.023529,17.982991
05307,residential,lst,36.198720,36.712275,105.698039,10.789485
05308,residential,lst,36.543817,36.739619,120.450980,9.055803
05309,residential,lst,36.006561,36.226916,89.301961,9.000000
05310,residential,lst,37.422156,37.675018,53.662745,18.672757
05311,residential,lst,36.942236,36.965024,58.533333,18.922752
05312,residential,lst,35.889035,36.036724,114.423529,17.361848
05313,residential,lst,37.177246,37.214818,901.552941,16.014193
05314,residential,lst,35.769216,36.091429,48.113725,19.000000
05315,residential,lst,30.227340,30.204365,272.196078,12.249071
05316,residential,lst,35.238913,35.276187,57.686275,19.000000
05317,residential,lst,38.320187,37.689183,776.498039,9.336630
05318,residential,lst,36.135873,36.220080,78.992157,19.000000
05319,residential,lst,31.307665,31.506631,61.741176,11.312627
05320,residential,lst,37.296975,37.577034,88.870588,9.856809
05321,residential,lst,35.579175,35.748394,76.117647,19.111695
05322,residential,lst,32.888671,33.242985,151.615686,18.830842
05323,residential,lst,37.450577,37.444734,126.800000,9.292138
05324,residential,lst,34.589585,34.459800,82.854902,11.117001
05325,residential,lst,33.701340,34.137878,185.694118,12.342794
05326,residential,lst,34.166368,34.419482,120.333333,18.333518
05327,residential,lst,38.299663,38.092016,292.149020,12.312975
05328,residential,lst,35.344681,35.141728,91.956863,12.131477
05329,residential,lst,38.089595,38.083704,38.831373,12.000000
05330,residential,lst,34.479807,34.429038,31.125490,9.995968
05331,residential,lst,36.925655,37.143161,71.231373,10.043327
05332,residential,lst,33.351446,33.466865,38.415686,10.205186
05333,residential,lst,38.381201,38.339412,628.819608,10.971743
05334,residential,lst,,,0.000000,
05336,residential,lst,34.869543,34.358399,187.113725,10.098043
05401,residential,lst,34.496293,34.395572,231.333333,15.018240
05402,residential,lst,37.575071,36.654465,341.952941,19.193720
05403,residential,lst,34.660439,35.471338,357.517647,18.093466
05404,residential,lst,36.322433,36.092637,647.541176,20.983285
05405,residential,lst,36.045607,35.986631,361.321569,19.680899
05406,residential,lst,36.897530,36.836558,133.113725,20.881187
05407,residential,lst,35.517999,35.737449,345.839216,20.999898
05408,residential,lst,35.412998,35.520400,87.623529,20.977175
05409,residential,lst,36.163079,36.392234,306.741176,20.754638
05410,residential,lst,34.899904,35.016937,157.239216,13.690717
05411,residential,lst,37.866360,37.857312,94.890196,20.327355
05412,residential,lst,37.191609,36.999389,130.968627,21.000000
05413,residential,lst,38.592120,38.157747,361.317647,20.117576
05414,residential,lst,35.119733,34.610216,86.827451,20.983470
05415,residential,lst,35.699863,35.930152,117.831373,20.991513
05416,residential,lst,35.208359,35.195680,276.576471,19.071873
05417,residential,lst,32.402475,31.718581,596.176471,20.853300
05418,residential,lst,34.645493,34.654627,41.686275,10.728975
05419,residential,lst,35.509851,35.541743,492.235294,19.366308
05420,residential,lst,35.006736,35.107614,414.694118,19.891704
05421,residential,lst,35.434159,35.821054,103.058824,20.663432
05422,residential,lst,34.945601,35.584329,98.243137,20.463316
05423,residential,lst,34.805569,34.851389,113.650980,11.567751
05424,residential,lst,34.354550,34.480434,252.725490,11.485204
05425,residential,lst,34.413420,34.226306,216.129412,20.560067
05426,residential,lst,35.202516,35.457862,108.756863,20.426135
05427,residential,lst,35.713053,35.694285,111.513725,21.000000
05428,residential,lst,35.103595,35.160494,200.250980,19.539558
05429,residential,lst,36.480509,36.426565,264.301961,19.883941
05430,residential,lst,35.014932,35.071626,149.188235,21.000000
05431,residential,lst,34.709385,34.856205,231.815686,16.383232
05432,residential,lst,33.404102,33.357955,137.023529,14.070233
05501,residential,lst,35.515548,35.764581,83.239216,18.811646
05502,residential,lst,33.577014,34.077736,109.545098,18.117062
05503,residential,lst,33.073611,33.421274,272.054902,19.547381
05504,residential,lst,33.614641,33.663362,309.682353,18.931074
05505,residential,lst,32.252173,32.419396,125.819608,18.765272
05506,residential,lst,33.663618,33.854826,226.941176,19.906532
05507,residential,lst,33.513424,33.894242,483.117647,17.725468
05508,residential,lst,30.644471,30.828858,582.325490,20.414262
05509,residential,lst,32.869610,33.078003,421.443137,20.118203
05510,residential,lst,32.920658,32.911563,473.537255,16.647111
05511,residential,lst,31.266427,31.204763,468.337255,16.721945
05512,residential,lst,32.184826,32.140639,310.235294,19.195690
05513,residential,lst,35.041362,36.042093,265.952941,18.280604
05514,residential,lst,36.602772,36.691767,97.349020,20.374879
05515,residential,lst,34.061881,34.027978,148.886275,18.890823
05516,residential,lst,32.862211,32.712798,791.325490,16.492254
05517,residential,lst,34.077464,34.453808,91.862745,18.345016
05518,residential,lst,32.430860,33.145144,462.364706,17.122932
05519,residential,lst,35.748253,35.690287,130.788235,20.856676
05520,residential,lst,34.728963,34.819090,196.592157,20.703078
05521,residential,lst,36.917448,36.952043,179.419608,20.019343
05522,residential,lst,32.173171,32.907120,399.658824,19.984634
05523,residential,lst,33.956645,34.151522,307.894118,17.211010
05524,residential,lst,32.972233,33.406505,368.996078,16.580993
05525,residential,lst,32.191410,32.174060,230.960784,17.941981
05526,residential,lst,34.531670,34.513529,220.172549,20.145447
05527,residential,lst,35.030090,34.993011,58.576471,19.172792
05528,residential,lst,31.542186,31.289751,429.258824,18.491280
05529,residential,lst,31.775112,31.670504,407.376471,16.125499
05530,residential,lst,36.624418,36.843770,242.341176,20.057462
05531,residential,lst,34.544748,34.399217,374.584314,19.821365
05532,residential,lst,36.152178,36.672759,164.423529,16.993179
05533,residential,lst,33.375139,33.322881,47.113725,20.470784
06101,residential,lst,34.227904,34.454594,294.121569,25.292476
06102,residential,lst,35.652974,35.610518,83.607843,26.994418
06103,residential,lst,35.643903,35.813336,49.149020,25.393042
06104,residential,lst,36.294997,36.306742,45.023529,25.249717
06105,residential,lst,37.154362,37.006754,54.517647,26.106028
06106,residential,lst,36.666325,36.614418,56.231373,25.640491
06107,residential,lst,36.500430,36.352980,61.070588,26.273422
06108,residential,lst,36.277802,36.353383,53.368627,27.657580
06109,residential,lst,35.593389,35.659525,59.431373,28.000000
06110,residential,lst,35.140644,35.239699,54.419608,27.413706
06111,residential,lst,35.935782,36.004745,51.596078,27.000000
06112,residential,lst,36.990003,36.885043,83.172549,27.021500
06113,residential,lst,37.238920,37.129751,60.443137,27.301434
06114,residential,lst,37.671673,37.696665,84.070588,26.653233
06115,residential,lst,37.449053,37.540807,66.113725,26.994009
06116,residential,lst,36.622312,36.435416,48.701961,26.712779
06117,residential,lst,33.970746,33.790867,117.435294,26.989615
06118,residential,lst,32.926697,33.086441,202.254902,25.091362
06119,residential,lst,34.563404,34.431129,137.537255,26.804516
06120,residential,lst,35.651233,35.816754,73.823529,26.539283
06121,residential,lst,36.753922,36.698603,53.156863,27.209369
06122,residential,lst,37.308514,37.467658,102.549020,27.700421
06123,residential,lst,33.098450,33.406407,854.980392,23.747262
06124,residential,lst,36.559745,36.250843,67.850980,25.030863
06125,residential,lst,35.283142,34.956707,92.035294,22.415399
06126,residential,lst,35.914237,35.983335,97.462745,25.118658
06127,residential,lst,35.622490,35.618020,105.164706,23.412537
06128,residential,lst,34.665047,34.724900,78.035294,22.481130
06129,residential,lst,34.770877,34.683111,113.286275,22.669967
06130,residential,lst,33.780331,33.800707,293.886275,23.690904
06201,residential,lst,37.642335,37.208743,75.831373,27.439624
06202,residential,lst,36.492011,36.732783,62.200000,27.365866
06203,residential,lst,37.042110,36.823839,144.560784,26.522638
06204,residential,lst,36.983641,36.999389,88.301961,26.739841
06205,residential,lst,36.266958,36.180203,78.458824,25.956565
06206,residential,lst,35.966863,35.968856,54.760784,26.174520
06207,residential,lst,34.903161,35.263889,70.196078,26.697709
06208,residential,lst,35.498982,35.384374,76.184314,26.072682
06209,residential,lst,33.143175,33.167623,151.749020,26.544888
06210,residential,lst,33.772760,33.606847,153.600000,25.503702
06211,residential,lst,34.241539,34.204966,140.658824,25.254740
06212,residential,lst,33.899985,34.110555,214.749020,26.040028
06213,residential,lst,33.962526,33.856778,124.643137,25.531620
06214,residential,lst,33.276281,33.237858,60.643137,25.958420
06215,residential,lst,35.285643,35.444190,47.521569,25.344364
06216,residential,lst,35.759143,35.837262,59.164706,25.988997
06217,residential,lst,35.262926,35.299342,45.301961,26.346693
06218,residential,lst,35.140099,35.365575,45.360784,25.500908
06219,residential,lst,34.318873,34.463218,53.807843,25.229138
06220,residential,lst,35.047552,35.044816,121.066667,25.937743
06221,residential,lst,36.815632,36.882287,80.243137,26.122960
06222,residential,lst,36.220537,36.413199,61.521569,26.130354
06223,residential,lst,35.889030,35.870025,53.192157,25.850487
06224,residential,lst,34.648862,34.627283,138.600000,25.971989
06225,residential,lst,34.772627,34.828167,70.298039,25.784112
06226,residential,lst,35.882308,35.820237,85.780392,25.797202
06227,residential,lst,34.357861,34.044624,110.945098,25.740589
06228,residential,lst,34.592876,34.525019,291.866667,23.922379
06229,residential,lst,34.922690,34.989593,73.145098,24.090446
06230,residential,lst,34.369832,34.488856,78.121569,24.028513
06301,residential,lst,35.894473,35.797959,157.615686,23.061306
06302,residential,lst,35.160810,34.989180,167.435294,22.549068
06303,residential,lst,34.631549,34.471909,223.847059,22.265500
06304,residential,lst,36.561515,36.596173,129.670588,23.457025
06305,residential,lst,35.507194,35.552570,157.749020,23.075871
06306,residential,lst,34.356990,34.316129,231.901961,23.879378
06307,residential,lst,34.447847,34.240860,210.776471,24.000037
06308,residential,lst,33.904951,33.707886,200.286275,22.485168
06309,residential,lst,33.768539,33.789508,289.792157,21.769328
06310,residential,lst,33.750345,33.697303,277.984314,22.515476
06311,residential,lst,34.865625,34.829362,182.227451,23.754756
06312,residential,lst,36.033507,36.753292,161.760784,23.152125
06313,residential,lst,33.666060,33.491420,208.498039,22.022232
06314,residential,lst,34.204475,34.199499,276.909804,22.150881
06315,residential,lst,34.941396,34.915145,326.501961,20.714538
06316,residential,lst,35.054597,34.658418,419.262745,19.035197
06317,residential,lst,34.025466,33.977859,232.125490,18.977565
06318,residential,lst,34.484041,34.652298,245.007843,21.290859
06319,residential,lst,33.830776,33.857267,263.603922,20.504456
06320,residential,lst,34.164295,33.984695,230.152941,23.770178
06321,residential,lst,35.264318,35.309062,316.313725,22.604042
06322,residential,lst,35.193193,35.067310,242.105882,24.105771
06323,residential,lst,37.554214,37.600960,179.156863,25.916822
06324,residential,lst,37.048491,36.648380,817.203922,25.777904
06325,residential,lst,35.323032,34.773229,294.760784,24.035057
06326,residential,lst,34.736899,34.708526,247.447059,20.533178
06327,residential,lst,34.625729,34.731344,131.254902,21.405497
06328,residential,lst,34.507956,34.521237,95.156863,21.999876
06329,residential,lst,34.848830,34.739806,264.576471,22.669987
06401,residential,lst,35.270751,35.329437,201.933333,23.178820
06402,residential,lst,34.678753,34.731107,186.231373,23.357725
06403,residential,lst,34.392302,34.419214,241.670588,23.196735
06404,residential,lst,34.532442,34.506128,182.066667,25.138303
06405,residential,lst,35.226235,35.046277,143.415686,25.699297
06406,residential,lst,35.770623,35.647562,125.909804,26.929673
06407,residential,lst,34.272307,34.336218,141.380392,26.294353
06408,residential,lst,34.641152,34.475619,168.525490,23.907386
06409,residential,lst,33.981107,33.956451,251.078431,22.816993
06410,residential,lst,35.791603,35.704875,227.725490,25.801343
06411,residential,lst,34.031424,33.962845,172.407843,24.352265
06412,residential,lst,34.800335,34.798501,132.258824,25.050169
06413,residential,lst,35.961991,35.414324,178.705882,25.289269
06414,residential,lst,36.457406,36.302188,164.411765,23.980584
06415,residential,lst,36.166934,35.772611,426.454902,26.087829
06416,residential,lst,35.062505,35.077256,97.717647,26.911871
06417,residential,lst,34.657396,34.825581,162.258824,25.806603
06418,residential,lst,34.680983,34.638738,249.094118,26.314205
06419,residential,lst,34.371834,34.480688,127.729412,25.519788
06420,residential,lst,33.837428,33.849684,86.733333,24.447755
06421,residential,lst,34.256852,34.141222,150.011765,23.180404
06422,residential,lst,34.103610,34.253937,187.039216,24.349324
06423,residential,lst,34.684102,34.729797,239.168627,22.552207
06424,residential,lst,33.993273,33.985574,198.925490,23.913516
06425,residential,lst,33.666709,33.482246,261.972549,24.591650
06426,residential,lst,33.985890,34.035352,313.972549,24.954061
06427,residential,lst,34.433294,34.424098,274.858824,23.498238
06428,residential,lst,34.194354,34.145342,220.498039,22.776477
06429,residential,lst,34.031826,34.325648,179.121569,24.604475
06430,residential,lst,34.495302,34.418562,165.392157,26.301648
06501,residential,lst,33.610541,33.585390,194.011765,24.715259
06502,residential,lst,34.217572,34.180658,197.670588,24.269829
06503,residential,lst,33.519065,33.466865,217.149020,25.535893
06504,residential,lst,34.456495,34.173026,107.458824,26.950369
06505,residential,lst,33.246073,33.097719,199.058824,26.324685
06506,residential,lst,33.379802,33.335651,223.760784,26.135877
06507,residential,lst,34.576600,34.269004,192.631373,25.318886
06508,residential,lst,34.461982,34.430850,147.749020,26.309030
06509,residential,lst,33.573882,33.670210,295.360784,25.306239
06510,residential,lst,35.009461,34.583361,226.576471,27.310314
06511,residential,lst,36.351618,36.513460,89.596078,28.000000
06512,residential,lst,34.523465,34.431601,196.772549,27.370608
06513,residential,lst,35.736620,35.755230,107.121569,27.087641
06514,residential,lst,34.651841,34.690516,104.490196,26.318259
06515,residential,lst,34.540475,34.562341,97.949020,25.944949
06516,residential,lst,34.450718,34.305367,85.215686,26.739715
06517,residential,lst,33.727724,33.772326,82.992157,25.783065
06518,residential,lst,35.353141,35.314305,99.184314,25.801360
06519,residential,lst,34.262351,34.198588,98.713725,27.686874
06520,residential,lst,37.088139,36.517721,317.662745,26.535578
06521,residential,lst,34.791388,34.850358,150.145098,26.858046
06522,residential,lst,35.610959,35.567588,88.980392,27.211988
06523,residential,lst,34.356366,34.195003,212.862745,25.688744
06524,residential,lst,34.968224,34.921913,342.501961,25.386418
06525,residential,lst,33.864796,33.668528,109.454902,26.417470
06526,residential,lst,34.841369,34.808438,91.192157,26.643631
06527,residential,lst,34.183459,34.045169,98.325490,26.526542
06528,residential,lst,34.335604,34.476958,120.513725,26.297908
06529,residential,lst,34.196338,34.172269,270.000000,25.659245
06601,residential,lst,29.779952,29.414968,381.933333,18.507860
06602,residential,lst,31.654511,32.040184,157.650980,19.844208
06603,residential,lst,32.388415,32.978467,175.215686,18.090734
06604,residential,lst,30.845217,30.859200,497.274510,19.800189
06605,residential,lst,33.031731,33.078195,549.580392,20.938598
06606,residential,lst,30.650797,30.479984,472.807843,23.379759
06607,residential,lst,34.427207,34.295079,711.164706,22.696130
06608,residential,lst,34.263714,34.204756,269.333333,23.699825
06609,residential,lst,34.758491,34.719583,480.623529,19.372482
06610,residential,lst,35.630912,35.488887,221.611765,19.081294
06611,residential,lst,34.293244,34.355550,152.203922,19.778909
06612,residential,lst,31.240480,31.276612,210.682353,18.407155
06613,residential,lst,34.797270,34.893889,125.411765,19.441807
06614,residential,lst,32.335830,32.415996,359.203922,18.596199
06615,residential,lst,33.794681,33.885612,195.431373,20.127240
06616,residential,lst,32.659452,32.523132,213.596078,20.495419
06617,residential,lst,33.425045,33.102218,341.647059,20.102606
06618,residential,lst,34.625379,34.391585,518.160784,19.297409
06619,residential,lst,35.080952,34.770614,264.082353,18.700108
06620,residential,lst,35.450334,35.666361,150.945098,17.853083
06621,residential,lst,32.710599,32.672849,251.815686,20.498606
06622,residential,lst,33.167623,33.237789,260.313725,18.162700
06623,residential,lst,35.197783,35.555202,234.011765,18.282557
06624,residential,lst,34.609013,34.946261,134.250980,18.591108
06625,residential,lst,34.865403,34.579805,108.533333,20.593366
06626,residential,lst,36.013221,35.798941,98.003922,19.654836
06627,residential,lst,36.140111,36.383045,136.650980,20.931068
06628,residential,lst,35.915561,35.870104,102.862745,19.863668
06629,residential,lst,34.509636,34.556847,221.701961,18.842820
06630,residential,lst,34.751317,34.451308,219.788235,17.917122
06701,residential,lst,30.461138,30.721629,515.415686,17.581271
06702,residential,lst,32.356422,32.472599,329.027451,19.311375
06703,residential,lst,32.610526,32.917122,453.729412,18.485830
06704,residential,lst,31.171695,31.034719,538.133333,17.077231
06705,residential,lst,31.603306,31.364176,337.152941,17.292484
06706,residential,lst,30.363116,30.530768,690.741176,17.237602
06707,residential,lst,30.795056,30.589150,522.015686,15.901378
06708,residential,lst,29.631372,29.144175,567.329412,19.063469
06709,residential,lst,31.887547,31.792706,320.207843,20.783156
06710,residential,lst,30.565101,30.575626,412.305882,19.302326
06711,residential,lst,30.964117,30.791078,433.615686,19.165982
06712,residential,lst,33.312243,33.201738,330.266667,18.719799
06713,residential,lst,30.865434,30.699390,324.525490,20.887486
06714,residential,lst,31.753306,31.892787,295.462745,20.248995
06715,residential,lst,32.126782,32.048198,242.392157,20.578499
06716,residential,lst,31.228297,31.177183,261.400000,21.004621
06717,residential,lst,31.547684,31.641811,385.647059,19.834625
06718,residential,lst,31.395199,31.146100,371.074510,19.420369
06719,residential,lst,31.580527,31.860396,366.101961,16.284545
06720,residential,lst,30.947448,31.013336,338.764706,16.921746
06721,residential,lst,31.694536,31.466332,153.294118,19.308109
06722,residential,lst,34.073760,33.986036,257.533333,20.385909
06723,residential,lst,33.617703,33.704134,154.454902,20.178896
06724,residential,lst,33.194187,32.837576,477.392157,20.370378
06725,residential,lst,34.681631,34.729721,295.874510,18.864264
06726,residential,lst,34.300478,33.952784,253.623529,18.586449
06727,residential,lst,34.368189,34.274954,188.313725,21.100771
06728,residential,lst,35.164500,35.206180,340.129412,19.319175
07101,residential,lst,36.996904,36.756710,117.098039,31.293737
07102,residential,lst,36.308080,36.379018,99.976471,30.157017
07103,residential,lst,37.130147,37.199343,77.635294,31.430469
07104,residential,lst,37.642470,37.546272,62.262745,31.769541
07105,residential,lst,36.872042,36.573845,83.792157,30.970749
07106,residential,lst,36.461814,36.175646,62.733333,31.822342
07107,residential,lst,38.023870,38.141008,42.576471,31.629456
07108,residential,lst,36.480115,36.597772,47.870588,31.764643
07109,residential,lst,38.364614,38.642917,60.756863,31.767831
07110,residential,lst,37.007052,37.303593,64.592157,30.157307
07111,residential,lst,37.850798,38.028213,39.384314,30.785622
07112,residential,lst,36.727825,36.622151,46.596078,32.005134
07113,residential,lst,36.853413,36.799435,83.039216,31.418040
07114,residential,lst,37.111098,37.101930,102.192157,29.572317
07115,residential,lst,35.686060,35.917586,65.200000,29.337062
07116,residential,lst,36.808507,36.903684,88.211765,28.356628
07117,residential,lst,37.191406,37.112267,87.207843,30.606170
07118,residential,lst,36.479629,36.567009,55.498039,30.269927
07119,residential,lst,36.612821,36.825070,41.043137,30.792853
07120,residential,lst,35.927999,35.784283,48.898039,30.633090
07121,residential,lst,35.660046,35.605275,51.835294,30.742094
07122,residential,lst,36.242669,36.322891,48.764706,31.053478
07123,residential,lst,37.368226,37.397588,53.403922,31.456675
07124,residential,lst,36.733375,36.784820,53.168627,31.206594
07125,residential,lst,37.328691,37.375371,57.807843,30.741402
07126,residential,lst,36.911705,36.838742,53.349020,30.184872
07127,residential,lst,36.729634,36.637079,46.231373,29.557045
07128,residential,lst,36.773742,36.609735,43.870588,29.835792
07129,residential,lst,37.322655,37.303593,41.105882,29.000095
07130,residential,lst,36.967533,36.974608,61.270588,28.957629
07131,residential,lst,36.062997,35.993849,62.956863,31.057680
07132,residential,lst,37.255781,37.265995,51.925490,28.168190
07133,residential,lst,37.106832,37.213015,48.054902,27.553697
07134,residential,lst,35.822183,35.697629,67.176471,27.218856
07201,residential,lst,37.434552,37.378789,39.811765,30.749803
07202,residential,lst,36.402528,36.238056,52.407843,30.841440
07203,residential,lst,37.345359,37.201052,33.819608,30.815051
07204,residential,lst,36.953475,36.890012,45.376471,30.423213
07205,residential,lst,37.799229,37.772914,43.756863,29.498566
07206,residential,lst,38.163116,37.881637,40.615686,29.600174
07207,residential,lst,37.958417,37.847058,31.286275,29.000000
07208,residential,lst,38.791821,39.002349,48.615686,28.994111
07209,residential,lst,37.167467,37.326656,68.843137,29.302706
07210,residential,lst,37.153213,37.296757,34.592157,30.768054
07211,residential,lst,36.539186,36.681920,86.243137,30.793743
07212,residential,lst,37.807956,37.809460,37.400000,31.862011
07213,residential,lst,38.759483,38.751124,50.470588,30.325874
07214,residential,lst,38.783280,38.846829,30.662745,30.916997
07215,residential,lst,37.479803,37.511440,84.203922,29.489894
07216,residential,lst,36.737519,36.760128,53.823529,28.855373
07217,residential,lst,37.724187,37.775279,60.752941,28.955461
07218,residential,lst,36.979298,37.375371,50.560784,30.210269
07219,residential,lst,37.473392,37.809460,36.007843,28.094751
07220,residential,lst,35.720974,35.686869,42.345098,25.713836
07221,residential,lst,37.602694,37.178346,71.811765,26.646352
07222,residential,lst,36.578620,36.556755,30.286275,27.855756
07223,residential,lst,37.640024,37.841931,29.988235,30.750752
07224,residential,lst,37.348714,37.412969,30.572549,31.197152
07225,residential,lst,36.651661,36.736201,30.698039,30.763924
07226,residential,lst,37.118523,37.026733,35.992157,30.361952
07227,residential,lst,37.299388,36.944135,137.458824,30.160134
07228,residential,lst,35.422183,35.538185,45.164706,27.746635
07229,residential,lst,34.898728,35.006148,61.047059,27.333398
07230,residential,lst,36.563357,36.008868,220.239216,31.451025
07231,residential,lst,38.202540,38.298237,80.964706,30.035794
07232,residential,lst,38.444327,38.356189,67.560784,29.397144
07233,residential,lst,37.433793,37.737658,168.701961,31.183826
07234,residential,lst,36.200972,36.105216,64.301961,30.990425
07301,residential,lst,36.059699,36.179064,65.192157,30.191590
07302,residential,lst,36.670302,36.661005,48.250980,29.877682
07303,residential,lst,35.921671,35.867265,62.749020,32.192238
07304,residential,lst,36.072379,36.155138,54.333333,32.227788
07305,residential,lst,36.333542,36.586903,78.290196,30.701513
07306,residential,lst,36.269850,36.384145,56.219608,29.108538
07307,residential,lst,36.822286,36.838742,57.203922,29.354768
07308,residential,lst,35.612428,35.633890,43.270588,28.625521
07309,residential,lst,36.155248,36.098741,49.062745,26.311886
07310,residential,lst,36.258331,36.238358,48.019608,26.541772
07311,residential,lst,36.838793,36.855976,65.576471,27.760196
07312,residential,lst,37.282015,37.327519,65.905882,27.636023
07313,residential,lst,36.553213,36.370473,74.611765,25.714233
07314,residential,lst,36.205357,36.233752,66.466667,25.477550
07315,residential,lst,35.621130,35.553566,56.729412,24.746302
07316,residential,lst,36.335823,36.317494,36.152941,24.638789
07317,residential,lst,36.837009,36.788934,63.639216,26.651775
07318,residential,lst,37.963393,37.926441,55.474510,27.556270
07319,residential,lst,37.747505,37.604496,67.913725,26.708973
07320,residential,lst,37.772522,37.847058,69.560784,28.490247
07321,residential,lst,36.709288,36.821652,67.760784,31.260084
07322,residential,lst,35.627679,35.746685,56.909804,30.817530
07323,residential,lst,37.050186,37.083130,66.141176,28.745583
07324,residential,lst,37.767553,37.662485,57.533333,27.076614
07325,residential,lst,37.300424,37.409551,45.643137,27.332073
07326,residential,lst,36.845455,36.820367,52.027451,27.820457
07327,residential,lst,36.872881,36.712275,47.254902,27.542490
07328,residential,lst,34.641442,34.522758,77.603922,28.268533
07329,residential,lst,34.150534,34.025458,66.658824,27.975174
07330,residential,lst,34.249883,33.898581,73.729412,27.779320
07331,residential,lst,38.211909,38.154983,352.156863,26.556793
07332,residential,lst,33.782061,34.113457,107.705882,26.733443
07333,residential,lst,33.791439,33.769695,225.345098,25.484433
07334,residential,lst,34.601647,34.490556,129.819608,25.102646
07401,residential,lst,36.220291,35.858008,61.145098,27.126988
07402,residential,lst,40.726013,41.201025,254.329412,29.948669
07403,residential,lst,34.871838,34.555505,70.439216,29.107393
07404,residential,lst,34.483508,34.342516,108.345098,29.376176
07405,residential,lst,34.259944,34.247843,144.533333,29.129260
07406,residential,lst,35.096232,35.048554,139.149020,31.299524
07407,residential,lst,36.052206,36.046452,93.407843,33.255720
07408,residential,lst,34.644921,34.427506,139.156863,31.936367
07409,residential,lst,37.555466,37.293857,150.701961,32.674439
07410,residential,lst,37.686545,37.555890,93.101961,32.930247
07411,residential,lst,38.485469,38.293532,174.031373,33.774505
07412,residential,lst,37.619749,36.808834,66.098039,33.286799
07413,residential,lst,36.772885,36.628534,58.945098,33.979176
07414,residential,lst,37.556017,36.910605,168.137255,32.341901
07415,residential,lst,36.071119,36.437125,104.125490,30.691360
07416,residential,lst,35.333200,35.006683,67.592157,31.493908
07417,residential,lst,35.410228,35.670634,69.956863,31.562139
07418,residential,lst,35.847377,35.490736,81.368627,30.051906
07419,residential,lst,35.333851,35.249363,64.611765,27.322287
07420,residential,lst,34.850424,34.787930,74.701961,28.207150
07421,residential,lst,35.124358,35.198092,75.196078,28.265919
07422,residential,lst,37.794400,37.375371,71.066667,28.158426
07423,residential,lst,37.007019,36.727621,236.705882,27.288304
07424,residential,lst,37.491660,37.579871,172.517647,25.764684
07425,residential,lst,38.125167,37.944128,61.945098,26.851102
07426,residential,lst,36.526290,36.561882,61.443137,27.442047
07427,residential,lst,35.980092,35.962020,75.019608,26.749608
07428,residential,lst,35.121446,35.034027,63.627451,25.842589
07429,residential,lst,36.017950,36.107286,68.090196,26.903876
07430,residential,lst,35.824119,35.804791,69.772549,26.294290
07431,residential,lst,34.783026,34.674877,58.964706,26.338321
07432,residential,lst,35.093729,35.093843,64.415686,25.350177
07501,residential,lst,36.325421,36.025446,151.411765,28.604403
07502,residential,lst,37.482714,37.531521,372.376471,27.569896
07503,residential,lst,35.200406,34.969504,271.725490,26.383677
07504,residential,lst,37.283408,36.721882,251.650980,26.642003
07505,residential,lst,36.479318,35.893279,315.301961,25.315154
07506,residential,lst,35.626458,35.606163,110.584314,25.694067
07507,residential,lst,36.079802,36.032089,77.031373,26.399379
07508,residential,lst,35.463374,35.782574,104.407843,25.554650
07509,residential,lst,34.725570,34.797450,75.525490,25.129654
07510,residential,lst,35.396119,35.321781,77.776471,24.712953
07511,residential,lst,35.851854,35.820102,77.094118,25.089730
07512,residential,lst,36.368872,36.210803,86.513725,24.945515
07513,residential,lst,36.897214,37.057495,106.803922,24.603819
07514,residential,lst,36.458765,36.326894,85.129412,24.141515
07515,residential,lst,35.573961,35.481788,71.552941,24.327414
07516,residential,lst,35.921219,36.083360,77.011765,24.277421
07517,residential,lst,35.939393,36.048312,77.980392,24.310334
07518,residential,lst,35.681779,35.325414,115.258824,24.481100
07519,residential,lst,35.463296,35.541843,110.235294,23.784098
07520,residential,lst,35.263667,35.457976,130.603922,24.112269
07521,residential,lst,35.159115,35.081880,153.658824,23.343338
07522,residential,lst,35.336391,35.417773,99.094118,23.775417
07523,residential,lst,36.147075,35.988172,95.286275,24.169026
07524,residential,lst,40.046114,39.899579,277.486275,24.252802
07525,residential,lst,34.944449,35.269871,65.462745,24.198826
07526,residential,lst,40.149317,40.402770,457.533333,23.700191
07527,residential,lst,35.976955,35.859194,87.690196,22.620545
07528,residential,lst,35.448535,35.411121,96.419608,23.386017
07529,residential,lst,35.648968,35.518458,87.184314,23.641373
07530,residential,lst,34.735239,34.638610,268.764706,24.798526
07531,residential,lst,34.038963,34.321693,206.576471,24.091995
07532,residential,lst,34.769263,34.820409,155.807843,24.232765
07533,residential,lst,34.689813,34.762333,70.403922,24.111625
07534,residential,lst,33.545534,33.596887,112.772549,24.220572
07601,residential,lst,37.627356,37.826550,247.831373,24.167191
07602,residential,lst,34.940302,34.858301,363.027451,24.112669
07603,residential,lst,34.145636,34.083497,235.141176,24.042027
07604,residential,lst,34.838623,34.919184,165.576471,24.420421
07605,residential,lst,35.170588,35.083704,257.945098,24.127204
07606,residential,lst,35.582986,35.615091,187.952941,23.872955
07607,residential,lst,37.952684,37.718597,483.611765,23.533989
07608,residential,lst,38.630765,36.897893,493.376471,23.643465
07609,residential,lst,34.911050,34.704333,149.611765,25.990118
07610,residential,lst,34.748961,34.265645,232.364706,25.655241
07611,residential,lst,35.589243,35.553800,166.952941,25.202452
07612,residential,lst,35.321105,35.444748,181.309804,25.703270
07613,residential,lst,37.176303,36.087770,337.682353,24.762290
07614,residential,lst,35.225201,35.394829,285.062745,25.544799
07615,residential,lst,36.668688,36.598863,143.780392,24.610163
07616,residential,lst,36.599322,35.951880,207.192157,24.951546
07617,residential,lst,36.078991,36.137817,129.694118,25.224178
07618,residential,lst,35.417627,35.379247,83.741176,24.531844
07619,residential,lst,35.292983,35.365575,92.784314,24.773119
07620,residential,lst,34.862799,34.898285,65.101961,25.142762
07621,residential,lst,36.256197,36.211315,72.901961,23.839322
07622,residential,lst,36.097395,36.141947,127.192157,23.987297
07623,residential,lst,33.222243,32.844786,59.090196,25.318755
07624,residential,lst,33.936298,34.123125,54.482353,24.908371
07625,residential,lst,33.258588,33.219059,58.329412,24.397875
07626,residential,lst,32.685453,32.622614,44.662745,25.250241
07627,residential,lst,35.171252,35.208280,230.513725,24.426873
07628,residential,lst,34.931582,34.973366,432.549020,24.621714
07629,residential,lst,34.229767,34.360764,286.494118,23.491472
07630,residential,lst,38.398706,38.327493,713.352941,24.213749
07631,residential,lst,34.174376,34.294102,314.050980,24.918909
07632,residential,lst,34.011210,34.075266,252.329412,25.858992
07701,residential,lst,34.609913,34.636339,272.980392,23.358627
07702,residential,lst,34.990075,34.973942,237.898039,23.310283
07703,residential,lst,34.405487,34.772037,218.172549,22.695636
07704,residential,lst,35.408699,35.347757,258.713725,23.006836
07705,residential,lst,34.534310,34.849454,206.568627,23.394533
07706,residential,lst,34.602297,34.478599,232.796078,24.152671
07707,residential,lst,33.881646,33.634672,306.168627,25.577716
07708,residential,lst,35.134130,35.053681,214.874510,24.255744
07709,residential,lst,35.017784,34.959395,156.305882,22.669075
07710,residential,lst,35.229201,35.412290,171.050980,22.168944
07711,residential,lst,34.695443,34.859874,255.643137,24.568992
07712,residential,lst,34.843030,34.880324,234.294118,24.011013
07713,residential,lst,34.158445,34.042812,243.968627,25.997476
07714,residential,lst,32.945438,32.960998,115.372549,26.072366
07715,residential,lst,33.785175,33.849684,57.592157,26.000000
07716,residential,lst,34.786494,34.724572,204.254902,26.366132
07717,residential,lst,34.336979,34.348714,77.262745,27.296873
07718,residential,lst,34.745067,34.891517,176.780392,27.471816
07719,residential,lst,35.159142,35.120955,123.192157,26.569491
07720,residential,lst,34.779467,34.820401,109.462745,26.732848
07721,residential,lst,34.693181,34.776821,112.058824,26.000000
07722,residential,lst,34.683142,34.834569,269.329412,25.350544
07723,residential,lst,34.803048,34.859973,214.631373,25.989421
07724,residential,lst,34.045869,34.022495,252.792157,23.823260
07725,residential,lst,33.651879,33.419795,207.047059,24.429077
07726,residential,lst,33.426192,33.303780,214.525490,25.474481
07727,residential,lst,32.099763,32.084306,259.301961,27.209900
07728,residential,lst,33.319542,33.356695,254.262745,27.809800
07729,residential,lst,34.349803,33.853923,279.537255,27.687032
07730,residential,lst,34.314259,34.304896,232.372549,27.736022
07731,residential,lst,33.721514,33.734662,303.937255,27.640264
07732,residential,lst,33.683803,33.894334,281.568627,27.297632
07733,residential,lst,32.370294,32.493584,244.792157,27.379626
08101,residential,lst,36.335874,36.514030,48.235294,29.384309
08102,residential,lst,36.852464,37.361699,33.717647,29.703187
08103,residential,lst,37.547647,37.404424,51.643137,28.621763
08104,residential,lst,38.194036,38.180315,36.247059,29.375095
08105,residential,lst,38.227410,38.290996,58.584314,31.268894
08106,residential,lst,36.624886,36.966379,40.266667,28.842715
08107,residential,lst,38.056351,38.010479,42.219608,29.447984
08108,residential,lst,38.616666,38.728907,49.380392,28.773507
08109,residential,lst,38.474295,38.534080,32.960784,29.057109
08110,residential,lst,37.425826,37.623178,50.262745,29.170477
08111,residential,lst,36.678442,36.756573,55.278431,28.779583
08112,residential,lst,36.299331,36.678095,43.470588,28.944249
08113,residential,lst,36.446327,35.901751,54.815686,29.050150
08114,residential,lst,37.808638,37.653318,45.505882,28.981644
08115,residential,lst,37.115773,37.116139,43.941176,29.530567
08116,residential,lst,36.089809,36.498649,63.149020,29.336211
08117,residential,lst,36.083679,36.067978,44.176471,28.123391
08118,residential,lst,36.908663,36.518883,43.050980,30.363181
08119,residential,lst,38.154073,38.284564,45.458824,29.467736
08120,residential,lst,37.906076,37.986235,52.525490,28.952292
08121,residential,lst,36.105931,36.368764,45.588235,29.826753
08122,residential,lst,37.115360,37.153200,38.760784,29.258397
08123,residential,lst,36.370175,36.558464,40.709804,27.727483
08124,residential,lst,36.658195,36.760128,67.321569,28.983748
08125,residential,lst,35.672334,35.816754,72.407843,27.601116
08126,residential,lst,37.324824,37.325556,59.788235,26.640889
08127,residential,lst,36.699094,36.149988,141.235294,27.353103
08128,residential,lst,37.248401,37.429527,45.643137,27.773950
08129,residential,lst,37.281730,37.276249,32.470588,27.471739
08130,residential,lst,36.719617,36.763546,40.666667,27.007232
08131,residential,lst,37.762626,37.349704,129.043137,26.660092
08201,residential,lst,36.842728,36.748354,41.203922,33.454269
08202,residential,lst,37.830380,37.921657,47.047059,30.547220
08203,residential,lst,38.196736,38.116976,57.066667,28.401938
08204,residential,lst,34.518939,34.678553,65.141176,31.191620
08205,residential,lst,37.458004,37.908410,101.933333,32.640403
08206,residential,lst,38.088751,38.149725,48.349020,30.859113
08207,residential,lst,39.134976,39.016021,49.101961,30.430637
08208,residential,lst,37.433636,37.113893,33.180392,30.471575
08209,residential,lst,39.145652,39.026275,85.172549,27.884939
08210,residential,lst,38.191513,37.860730,39.007843,29.061023
08211,residential,lst,37.953655,37.861858,100.596078,27.537736
08212,residential,lst,38.000870,37.800915,113.458824,29.209491
08213,residential,lst,35.704452,35.494511,74.870588,29.647392
08214,residential,lst,36.022011,35.921004,36.400000,30.000000
08215,residential,lst,36.743458,36.254261,34.827451,29.856097
08216,residential,lst,35.066641,35.218601,38.160784,29.895489
08217,residential,lst,34.320343,34.259846,41.419608,29.233763
08218,residential,lst,33.859926,33.112926,41.905882,28.609115
08219,residential,lst,38.022878,38.547752,38.960784,30.038148
08220,residential,lst,36.275384,35.968856,33.866667,31.158754
08221,residential,lst,35.505618,35.461131,88.647059,29.604910
08222,residential,lst,37.577433,37.453986,73.239216,27.340865
08223,residential,lst,37.648458,37.770152,70.811765,28.186077
08224,residential,lst,36.543789,36.083360,71.647059,28.212917
08225,residential,lst,36.592168,36.980590,35.650980,29.528765
08226,residential,lst,35.669216,35.662943,35.027451,30.000000
08227,residential,lst,36.244559,36.238879,41.949020,29.431990
08228,residential,lst,34.495947,34.594812,62.905882,28.685182
08229,residential,lst,37.085231,37.305847,38.705882,28.358055
08230,residential,lst,37.315762,37.269413,26.901961,30.670408
08231,residential,lst,38.680582,38.834866,39.329412,28.925317
08301,residential,lst,36.484707,36.394898,58.360784,27.563836
08302,residential,lst,38.004985,38.073836,39.854902,27.847388
08303,residential,lst,38.516069,38.677637,47.945098,27.502454
08304,residential,lst,38.012819,37.883223,56.266667,26.287497
08305,residential,lst,36.883348,36.782345,63.258824,27.778005
08306,residential,lst,38.367542,38.352925,34.062745,28.419986
08307,residential,lst,37.637881,37.869258,44.756863,28.812757
08308,residential,lst,37.909097,38.171770,47.729412,28.627229
08309,residential,lst,37.320537,37.064512,187.309804,27.768926
08310,residential,lst,33.897997,33.726973,68.882353,29.000000
08311,residential,lst,40.357839,40.402278,638.929412,27.757916
08312,residential,lst,35.017535,35.097254,131.415686,29.000000
08313,residential,lst,34.642489,34.552138,87.905882,29.000000
08314,residential,lst,34.426659,34.275227,72.192157,29.599000
08315,residential,lst,39.983754,41.216299,289.560784,29.335776
08316,residential,lst,34.867961,34.817109,100.749020,29.003153
08317,residential,lst,36.097707,35.833007,62.478431,28.709767
08318,residential,lst,35.751028,35.345067,76.168627,28.778150
08319,residential,lst,34.179250,34.011662,103.435294,28.743176
08320,residential,lst,35.208670,35.234330,85.031373,28.708158
08321,residential,lst,36.591753,36.871213,83.956863,28.703629
08322,residential,lst,38.971181,38.965235,121.674510,29.438457
08323,residential,lst,38.356511,38.358052,70.211765,29.140471
08324,residential,lst,37.502868,37.471076,65.760784,29.682271
08325,residential,lst,37.866899,37.866294,51.780392,29.503257
08326,residential,lst,35.607562,35.604718,149.960784,28.994012
08327,residential,lst,38.026928,38.163531,122.278431,29.541965
08328,residential,lst,35.518611,35.560403,92.698039,27.717193
08329,residential,lst,37.562798,37.399943,227.643137,30.652294
08330,residential,lst,37.058122,37.786673,106.321569,29.056027
08331,residential,lst,36.510952,36.278369,103.090196,25.812310
08332,residential,lst,38.099430,38.045303,110.329412,28.993780
08401,residential,lst,35.488091,35.144639,164.949020,27.387309
08402,residential,lst,35.870895,35.953475,63.196078,27.728824
08403,residential,lst,36.109868,35.708404,144.615686,27.500827
08404,residential,lst,35.258865,35.317723,181.745098,25.685705
08405,residential,lst,35.502085,35.617720,228.321569,25.949710
08406,residential,lst,34.936655,35.108558,321.529412,26.265898
08407,residential,lst,35.319727,35.412309,312.811765,26.090814
08408,residential,lst,35.934010,35.890759,128.517647,27.779293
08409,residential,lst,35.152998,35.109224,181.639216,25.651194
08410,residential,lst,36.722177,36.929196,153.654902,26.560079
08411,residential,lst,36.487164,36.492726,372.941176,26.307781
08412,residential,lst,35.242719,35.338197,103.454902,24.919867
08413,residential,lst,35.498620,34.945159,116.501961,25.745792
08414,residential,lst,36.359306,36.319203,119.917647,25.182053
08415,residential,lst,34.246613,33.989326,53.411765,23.051248
08416,residential,lst,36.266310,36.322621,212.929412,26.558926
08417,residential,lst,35.713369,35.748394,97.690196,26.828951
08418,residential,lst,36.386479,36.308094,119.905882,25.301315
08419,residential,lst,35.647627,35.651332,116.725490,25.027012
08420,residential,lst,35.827236,35.929549,111.141176,26.468509
08421,residential,lst,34.983189,35.098970,55.733333,25.007177
08422,residential,lst,35.153455,34.864786,124.635294,24.764175
08423,residential,lst,31.755498,31.349402,54.027451,24.551354
08424,residential,lst,34.478198,34.121416,38.043137,24.729512
08425,residential,lst,34.094657,34.206748,91.152941,25.189683
08426,residential,lst,35.815451,35.736245,416.960784,25.395410
08427,residential,lst,32.367806,32.679012,57.407843,25.000000
08428,residential,lst,34.641467,34.660609,62.666667,24.581414
08429,residential,lst,34.299816,34.316243,71.690196,25.327936
08430,residential,lst,33.293745,33.295951,59.478431,25.000000
08431,residential,lst,34.993834,35.200358,114.058824,25.902390
08501,residential,lst,36.239103,36.359650,174.423529,25.418904
08502,residential,lst,34.638215,34.883739,369.890196,24.514281
08503,residential,lst,35.308805,34.953479,358.600000,25.037072
08504,residential,lst,34.869179,34.393522,295.592157,24.481174
08505,residential,lst,34.228264,34.164045,96.650980,27.286862
08506,residential,lst,34.236128,34.129961,119.729412,26.632832
08507,residential,lst,34.830261,34.911642,113.427451,26.872666
08508,residential,lst,34.266902,34.147771,194.176471,25.222458
08509,residential,lst,35.922640,36.108450,159.905882,25.881523
08510,residential,lst,34.179452,34.082146,136.019608,24.568834
08511,residential,lst,34.885885,35.017547,118.917647,24.224146
08512,residential,lst,35.059813,34.981876,393.607843,24.990993
08513,residential,lst,35.886837,35.919405,357.298039,24.431990
08514,residential,lst,35.366405,35.461987,199.215686,24.309882
08515,residential,lst,35.312617,35.331717,126.917647,24.959430
08516,residential,lst,35.305666,35.461513,102.376471,24.067417
08517,residential,lst,35.963798,35.967147,169.650980,24.324680
08518,residential,lst,35.707510,35.800756,249.760784,24.964751
08519,residential,lst,35.363541,35.207946,276.239216,23.634247
08520,residential,lst,34.539976,34.610320,195.729412,25.145820
08521,residential,lst,34.988997,35.139986,166.160784,25.030021
08522,residential,lst,35.548720,35.517869,127.443137,24.990122
08523,residential,lst,34.863925,34.916139,242.647059,25.109996
08524,residential,lst,35.679095,35.107555,136.529412,25.614850
08525,residential,lst,35.183305,35.272964,110.905882,24.851561
08526,residential,lst,35.390576,35.540278,121.631373,24.993358
08527,residential,lst,36.218105,35.982938,215.784314,25.080981
08528,residential,lst,36.177870,36.049100,177.635294,24.444864
08529,residential,lst,35.072691,35.170513,160.701961,24.976403
08530,residential,lst,35.182680,35.163594,135.086275,25.369611
08531,residential,lst,36.259807,36.238632,246.074510,25.782881
08532,residential,lst,34.379008,34.316804,118.729412,25.957987
08533,residential,lst,36.182666,36.175279,176.776471,25.252296
08534,residential,lst,35.020980,35.231454,230.580392,26.702405
08535,residential,lst,35.280434,35.204501,223.141176,26.835785
08601,residential,lst,34.716751,35.057954,66.000000,25.190671
08602,residential,lst,35.432529,35.556985,56.027451,25.238119
08603,residential,lst,33.868680,33.902663,35.450980,25.082854
08604,residential,lst,35.567715,35.599710,56.545098,24.440946
08605,residential,lst,34.279507,34.384604,59.690196,24.676171
08606,residential,lst,34.992394,34.985461,288.003922,25.509661
08607,residential,lst,35.358323,35.306666,278.611765,25.482026
08608,residential,lst,35.338108,35.272835,184.545098,23.973310
08609,residential,lst,35.411355,35.225683,257.654902,24.165718
08610,residential,lst,35.684294,35.726276,130.239216,23.575352
08611,residential,lst,35.445602,35.443693,269.337255,26.386686
08612,residential,lst,34.191910,34.189776,71.090196,23.070499
08613,residential,lst,36.050316,36.079314,220.639216,23.594849
08614,residential,lst,34.995334,35.200532,106.607843,25.868714
08615,residential,lst,34.717969,34.827131,332.909804,26.311466
08616,residential,lst,35.561350,35.507224,310.600000,26.465298
08617,residential,lst,34.948553,35.110505,253.627451,26.767716
08618,residential,lst,35.015080,35.169025,202.392157,26.842996
08619,residential,lst,34.624975,34.825894,305.403922,26.997137
08620,residential,lst,35.986836,35.918943,445.929412,23.754292
08621,residential,lst,36.487131,36.107424,268.517647,24.310594
08622,residential,lst,34.987884,35.102998,220.411765,24.165822
08623,residential,lst,33.104041,33.148420,141.462745,23.906412
08624,residential,lst,35.333622,35.608497,172.913725,24.222598
08625,residential,lst,34.864546,34.772920,198.031373,23.951939
08626,residential,lst,34.411790,34.517424,240.623529,24.173145
08627,residential,lst,34.572415,34.572351,196.627451,25.658277
08628,residential,lst,35.209428,35.318307,259.364706,24.740633
08629,residential,lst,34.292423,34.178668,205.321569,23.916172
08630,residential,lst,35.995986,35.784120,343.494118,24.103447
08631,residential,lst,34.144064,34.194774,64.129412,24.622760
08632,residential,lst,35.118260,35.320786,75.627451,24.524656
08633,residential,lst,34.200934,34.228789,92.462745,24.546908
08634,residential,lst,33.893465,34.072151,318.019608,26.749849
08635,residential,lst,34.616913,34.609234,499.219608,26.218396
09101,residential,lst,34.114929,34.407453,50.062745,30.098073
09102,residential,lst,34.780644,34.881094,50.780392,29.927408
09103,residential,lst,35.822237,35.893659,48.156863,30.000000
09104,residential,lst,36.102696,35.938470,310.552941,26.265396
09105,residential,lst,36.532368,36.543083,36.694118,29.698514
09106,residential,lst,35.562014,35.601419,33.666667,29.315900
09107,residential,lst,36.590463,36.857541,40.545098,29.323049
09108,residential,lst,37.989683,38.110245,128.537255,29.632974
09109,residential,lst,35.550633,35.591314,62.007843,28.019732
09110,residential,lst,35.358172,35.283543,75.129412,28.148815
09111,residential,lst,32.742764,32.986534,73.494118,28.349021
09112,residential,lst,35.050145,34.976955,47.027451,28.000000
09113,residential,lst,35.373686,35.609615,75.513725,27.855318
09114,residential,lst,35.529490,35.512550,86.223529,28.149725
09115,residential,lst,35.325266,35.358739,96.635294,27.922206
09116,residential,lst,35.639330,36.013059,100.898039,26.824478
09117,residential,lst,35.277820,35.495460,92.929412,27.930582
09118,residential,lst,35.640886,35.538338,118.352941,28.083731
09119,residential,lst,36.011371,36.001327,70.364706,27.586747
09120,residential,lst,33.920441,34.544547,90.729412,27.283065
09121,residential,lst,36.983504,37.319825,50.258824,27.272862
09122,residential,lst,36.418848,36.638713,71.341176,26.215699
09123,residential,lst,35.897899,36.118971,122.490196,27.597439
09124,residential,lst,36.250600,36.305531,110.176471,25.505286
09125,residential,lst,36.359207,36.496940,92.278431,25.905486
09126,residential,lst,35.345768,35.386084,103.901961,27.402755
09127,residential,lst,36.716040,36.753292,62.968627,27.581989
09128,residential,lst,36.125558,36.143175,110.247059,28.279230
09129,residential,lst,35.661100,35.515968,55.749020,28.212155
09130,residential,lst,34.426653,34.470054,101.054902,29.778843
09201,residential,lst,37.222988,37.553732,181.686275,28.595273
09202,residential,lst,34.923081,35.523704,186.894118,30.239456
09203,residential,lst,36.730122,36.705344,50.878431,32.916988
09204,residential,lst,36.508996,36.276018,49.458824,32.077466
09205,residential,lst,36.463659,36.485617,58.094118,32.047455
09206,residential,lst,29.900250,28.403861,363.917647,29.796032
09207,residential,lst,35.238248,34.943450,60.105882,32.013832
09208,residential,lst,36.144020,36.259388,42.643137,32.853412
09209,residential,lst,39.108818,38.862640,129.556863,31.464540
09210,residential,lst,38.628292,38.571678,35.188235,34.000000
09211,residential,lst,37.457329,37.489875,50.121569,33.614349
09212,residential,lst,36.584324,36.545469,81.792157,33.125138
09213,residential,lst,35.866127,35.991672,76.392157,32.963912
09214,residential,lst,40.713537,40.919858,142.949020,33.141145
09215,residential,lst,39.789741,39.882489,99.415686,32.011479
09216,residential,lst,36.498078,36.473014,104.815686,30.589382
09217,residential,lst,33.167329,32.491733,107.925490,27.994550
09218,residential,lst,33.807654,34.049087,83.835294,30.003181
09219,residential,lst,34.857825,34.826978,122.560784,29.361085
09220,residential,lst,35.717682,36.003654,75.890196,29.265399
09221,residential,lst,35.306126,35.388362,107.584314,28.509550
09222,residential,lst,35.905526,35.826923,67.133333,29.124482
09223,residential,lst,34.883620,34.907561,142.364706,31.001790
09224,residential,lst,37.700626,37.607797,60.611765,29.658256
09225,residential,lst,35.275414,34.327324,241.839216,30.032139
09226,residential,lst,34.581601,35.259617,82.768627,29.671942
09227,residential,lst,35.725517,35.991625,106.411765,29.890068
09228,residential,lst,33.550787,33.665680,286.054902,29.860372
09229,residential,lst,33.653880,33.787982,113.952941,29.686558
09230,residential,lst,33.403837,33.612787,114.364706,30.002675
09301,residential,lst,34.861651,34.987974,309.478431,30.840947
09302,residential,lst,34.454915,34.389417,304.439216,31.003478
09303,residential,lst,33.870678,34.028251,245.737255,32.245121
09304,residential,lst,34.980097,34.952849,188.011765,26.420207
09305,residential,lst,35.197295,35.385001,193.941176,28.362976
09306,residential,lst,36.006408,36.071943,118.439216,30.786537
09307,residential,lst,36.089088,36.182482,71.247059,28.199802
09308,residential,lst,35.560456,35.477043,83.454902,26.042573
09309,residential,lst,36.806874,36.913938,93.447059,26.491166
09310,residential,lst,35.119922,35.017987,227.286275,25.646796
09311,residential,lst,35.960194,36.102969,209.427451,25.801925
09312,residential,lst,37.195758,36.953721,247.086275,26.918184
09313,residential,lst,35.866108,35.763775,154.066667,26.079721
09314,residential,lst,36.472702,36.358510,72.709804,28.501429
09315,residential,lst,36.511802,36.457003,68.749020,30.924534
09316,residential,lst,35.800287,35.854408,109.282353,32.363010
09317,residential,lst,34.944131,34.984831,168.745098,32.515919
09318,residential,lst,37.425608,37.320683,49.431373,32.000079
09319,residential,lst,38.363669,38.295086,424.886275,29.597069
09320,residential,lst,36.880260,37.360413,167.658824,29.024700
09321,residential,lst,37.231457,37.238939,88.176471,31.065466
09322,residential,lst,35.095963,35.579771,99.898039,31.446259
09323,residential,lst,35.181790,35.111400,98.054902,32.199448
09324,residential,lst,34.743375,35.599868,60.262745,31.946704
09325,residential,lst,35.020499,34.725255,166.956863,31.227181
09326,residential,lst,35.217217,34.846272,158.929412,28.680287
09327,residential,lst,34.191841,34.605590,173.152941,31.451012
09328,residential,lst,33.897026,34.226527,173.913725,30.461554
09329,residential,lst,37.398563,37.382456,226.933333,25.381904
09330,residential,lst,37.278138,37.254980,83.349020,26.477416
09401,residential,lst,34.445275,34.455649,394.996078,23.995393
09402,residential,lst,35.957766,35.922723,319.521569,24.336152
09403,residential,lst,35.549190,35.603847,175.988235,23.635626
09404,residential,lst,35.352583,35.291439,236.000000,24.331073
09405,residential,lst,35.195132,35.044761,280.368627,24.487216
09406,residential,lst,35.267487,35.195740,305.964706,22.176722
09407,residential,lst,35.035019,34.982979,318.576471,23.257272
09408,residential,lst,34.957898,34.852637,230.262745,24.601070
09409,residential,lst,35.431316,35.160494,126.427451,24.954961
09410,residential,lst,34.949317,34.927317,201.670588,24.980496
09411,residential,lst,35.526642,35.529640,159.709804,23.877327
09412,residential,lst,36.280842,36.242531,192.066667,24.370929
09413,residential,lst,36.093268,36.037292,103.592157,23.085251
09414,residential,lst,36.158280,36.561170,68.690196,23.156714
09415,residential,lst,35.818626,35.771737,53.796078,23.108398
09416,residential,lst,33.548740,33.638239,357.219608,25.054813
09417,residential,lst,34.088057,34.201911,372.749020,24.465182
09418,residential,lst,34.602247,34.534036,289.835294,24.875291
09419,residential,lst,35.251356,35.148531,60.494118,25.521717
09420,residential,lst,35.591659,35.786135,95.658824,25.009675
09421,residential,lst,34.880048,34.760999,212.937255,25.145380
09422,residential,lst,35.364895,35.435563,245.701961,24.963067
09423,residential,lst,36.045328,36.119932,122.882353,23.000032
09424,residential,lst,36.496148,35.782749,756.654902,24.046847
09425,residential,lst,34.824529,34.729580,190.258824,22.698636
09426,residential,lst,34.615761,34.649463,350.113725,22.954816
09427,residential,lst,34.879493,34.946310,331.698039,23.011397
09428,residential,lst,34.351770,34.251301,209.862745,22.860861
09429,residential,lst,34.445499,34.334081,529.109804,22.697109
09430,residential,lst,34.816590,34.952995,438.545098,22.486260
09431,residential,lst,34.250009,34.297504,520.164706,24.165031
09432,residential,lst,34.415258,34.611136,416.929412,24.847757
09433,residential,lst,33.921452,34.454807,492.109804,25.097906
09501,residential,lst,33.668684,33.896763,302.011765,27.459767
09502,residential,lst,34.878883,34.951995,80.560784,31.441756
09503,residential,lst,35.002236,35.282659,86.039216,30.290337
09504,residential,lst,35.075214,35.706813,70.976471,30.317034
09505,residential,lst,34.371819,34.538415,88.584314,31.018106
09506,residential,lst,35.933239,35.731684,52.301961,29.110295
09507,residential,lst,35.410849,35.389502,66.274510,32.606864
09508,residential,lst,36.701543,36.912483,575.372549,26.970515
09509,residential,lst,34.084414,34.420493,171.490196,27.801121
09510,residential,lst,35.548537,34.853557,177.894118,32.415647
09511,residential,lst,35.781605,35.787227,194.117647,32.494202
09512,residential,lst,34.972922,34.929849,93.494118,30.482111
09513,residential,lst,35.255280,35.580246,96.117647,34.265565
09514,residential,lst,35.574708,35.442481,64.129412,34.873357
09515,residential,lst,34.854192,34.731211,313.552941,31.075729
09516,residential,lst,38.319136,38.162527,69.474510,28.833597
09517,residential,lst,37.080603,37.210371,103.325490,29.342910
09518,residential,lst,35.302659,35.179293,105.400000,32.524687
09519,residential,lst,36.544376,36.397817,83.211765,33.821009
09520,residential,lst,37.590615,38.077774,72.866667,28.570906
09521,residential,lst,37.056549,37.424013,559.235294,26.069493
09522,residential,lst,34.855026,34.398873,312.149020,22.777846
09523,residential,lst,36.660305,36.567009,93.858824,23.972675
09524,residential,lst,34.516975,34.849803,110.525490,23.668110
09525,residential,lst,33.731423,33.465494,238.737255,23.528483
09526,residential,lst,34.593859,35.286621,115.494118,24.000000
09527,residential,lst,32.482341,32.770542,295.831373,23.467317
09528,residential,lst,32.535980,32.724788,361.568627,25.392733
09529,residential,lst,32.907893,33.015727,462.878431,24.494773
09530,residential,lst,32.314286,32.538920,361.384314,25.864519
09531,residential,lst,31.785923,31.837668,417.898039,24.375708
09532,residential,lst,31.362399,31.525024,289.584314,23.361952
09601,residential,lst,34.912196,35.032850,149.796078,30.708048
09602,residential,lst,34.652267,34.663172,65.858824,30.299095
09603,residential,lst,36.017946,35.334813,45.984314,31.172608
09604,residential,lst,34.305913,33.974441,50.450980,31.174349
09605,residential,lst,34.746749,34.523033,62.788235,31.707951
09606,residential,lst,32.653228,32.787418,244.901961,30.989079
09607,residential,lst,33.811162,33.976910,124.098039,32.387044
09608,residential,lst,33.773637,33.844556,54.188235,32.347880
09609,residential,lst,32.701975,32.764462,59.411765,32.303168
09610,residential,lst,32.687508,32.583307,36.125490,32.994681
09611,residential,lst,37.209005,37.236191,84.721569,28.216719
09612,residential,lst,38.173732,38.267474,67.780392,29.471766
09613,residential,lst,37.583748,37.541100,82.211765,30.678210
09614,residential,lst,36.262961,36.233752,78.219608,31.105786
09615,residential,lst,35.761446,35.918889,339.525490,29.504141
09616,residential,lst,35.710838,36.073812,287.690196,32.097490
09617,residential,lst,36.096770,36.073960,166.768627,27.241946
09618,residential,lst,34.868200,34.982000,197.317647,28.784104
09619,residential,lst,34.885299,35.418331,356.023529,31.730652
09620,residential,lst,35.450602,35.656248,290.031373,26.149639
09621,residential,lst,33.120636,32.528820,300.764706,24.015281
09622,residential,lst,35.229279,35.194674,86.866667,23.556905
09623,residential,lst,33.493688,33.724854,181.321569,23.706599
09624,residential,lst,31.360895,31.673099,241.415686,24.237326
09625,residential,lst,32.822626,32.952471,289.627451,27.473577
09626,residential,lst,33.671666,33.660627,436.349020,26.726060
09627,residential,lst,34.514326,34.457345,451.623529,27.992185
09628,residential,lst,33.376402,33.730217,431.352941,26.840820
09629,residential,lst,30.776279,30.593334,875.152941,31.188184
09630,residential,lst,32.180446,32.546863,508.478431,33.022944
09701,residential,lst,34.189926,34.451718,348.886275,26.822719
09702,residential,lst,35.063692,35.087495,115.254902,28.044369
09703,residential,lst,35.061307,34.916915,111.643137,27.241315
09704,residential,lst,35.604370,36.007475,105.505882,26.459151
09705,residential,lst,34.806405,34.947792,251.956863,27.448754
09706,residential,lst,32.462195,32.208462,288.223529,25.602705
09707,residential,lst,34.160004,34.389315,245.882353,27.574785
09708,residential,lst,35.320325,35.197673,94.972549,28.674581
09709,residential,lst,34.963961,34.704393,231.788235,28.007580
09710,residential,lst,33.315028,33.603690,211.576471,28.415907
09711,residential,lst,33.882245,33.919336,309.466667,26.990128
09712,residential,lst,32.048275,31.834594,280.627451,29.887954
09713,residential,lst,34.237048,34.512816,222.396078,29.033627
09714,residential,lst,34.006210,33.984695,97.768627,30.164654
09715,residential,lst,33.332192,34.226663,249.078431,29.160419
09716,residential,lst,33.550312,33.833021,226.447059,28.185889
09717,residential,lst,35.202658,35.068401,70.192157,29.622325
09718,residential,lst,35.687174,35.829624,162.415686,31.090134
09719,residential,lst,34.702775,34.613611,108.027451,30.034015
09720,residential,lst,34.907606,35.280924,167.400000,27.101928
09721,residential,lst,33.389184,33.598459,122.039216,29.843830
09722,residential,lst,34.882023,34.927214,110.156863,30.738911
09723,residential,lst,34.193905,34.522582,92.556863,28.875222
09724,residential,lst,33.157596,33.360055,237.349020,30.516770
09725,residential,lst,32.691955,32.904482,446.223529,31.237874
09726,residential,lst,33.138318,33.358414,508.211765,32.459828
09727,residential,lst,32.265930,32.576184,462.623529,31.592766
09728,residential,lst,32.532583,32.787483,586.713725,31.874876
09729,residential,lst,33.527042,33.852621,435.611765,29.548393
09730,residential,lst,32.251043,32.393288,684.941176,31.451071
09731,residential,lst,34.066270,34.408216,286.086275,29.954381
09732,residential,lst,31.467623,31.460840,477.345098,29.029058
10101,residential,lst,35.310208,35.157076,93.682353,23.202478
10102,residential,lst,36.112436,36.083951,57.007843,22.533054
10103,residential,lst,36.156850,36.049078,51.007843,22.451065
10104,residential,lst,35.133731,35.165989,109.494118,22.779736
10105,residential,lst,36.306274,36.278165,66.635294,22.259298
10106,residential,lst,35.449270,35.393086,95.003922,22.143193
10107,residential,lst,35.291593,35.317723,64.933333,19.835306
10108,residential,lst,35.139431,35.365542,64.980392,19.339650
10109,residential,lst,36.138662,36.334236,37.035294,18.696845
10110,residential,lst,34.842789,34.688807,73.490196,22.740288
10111,residential,lst,35.594437,35.780865,49.133333,20.895522
10112,residential,lst,34.823878,34.789639,63.062745,21.384491
10113,residential,lst,35.161132,35.292948,100.560784,20.996490
10114,residential,lst,35.176432,35.039154,62.721569,19.847568
10115,residential,lst,35.967789,35.847516,38.949020,18.458921
10116,residential,lst,33.499652,33.357489,45.596078,18.000000
10117,residential,lst,34.028821,33.965896,41.470588,18.017589
10118,residential,lst,34.937447,35.204928,40.180392,23.228187
10119,residential,lst,35.411146,35.194674,35.423529,22.103177
10120,residential,lst,35.345854,35.546730,54.694118,21.076934
10121,residential,lst,35.427975,35.553870,54.498039,20.443333
10122,residential,lst,34.430831,34.497398,35.658824,18.677774
10123,residential,lst,33.523169,33.516427,60.203922,18.915451
10124,residential,lst,33.701578,33.703617,65.972549,18.061523
10125,residential,lst,34.809571,34.534882,102.596078,17.294167
10126,residential,lst,34.446955,34.569177,56.643137,17.000000
10127,residential,lst,33.310705,33.038758,96.047059,17.387433
10128,residential,lst,33.938529,34.182940,78.000000,17.704525
10129,residential,lst,34.271148,34.201934,53.619608,18.000000
10130,residential,lst,34.056371,33.938552,49.011765,17.694591
10131,residential,lst,34.280529,34.551607,74.403922,18.000000
10132,residential,lst,34.949296,34.730678,74.290196,17.932432
10201,residential,lst,35.217313,35.139986,75.525490,22.281375
10202,residential,lst,35.045418,34.969085,42.580392,22.673605
10203,residential,lst,34.630462,34.834073,49.039216,22.403199
10204,residential,lst,33.881108,33.769360,51.247059,21.878788
10205,residential,lst,34.797688,34.880217,56.498039,21.404040
10206,residential,lst,34.949128,35.088716,104.956863,19.694851
10207,residential,lst,33.628144,33.547189,58.839216,17.723674
10208,residential,lst,34.175431,34.302571,39.541176,19.085490
10209,residential,lst,34.877099,34.784512,42.933333,20.767446
10210,residential,lst,35.168249,35.144660,275.635294,19.535476
10211,residential,lst,33.529733,33.459175,53.062745,20.265686
10212,residential,lst,34.894803,35.071328,59.564706,20.867536
10213,residential,lst,34.563615,34.543272,65.235294,21.974632
10214,residential,lst,35.207055,35.574075,29.384314,22.311224
10215,residential,lst,35.104771,35.264744,38.756863,22.320652
10216,residential,lst,35.491820,35.399512,456.917647,23.065263
10217,residential,lst,33.502495,33.490717,48.658824,22.624919
10218,residential,lst,33.263286,33.051576,43.568627,22.855896
10219,residential,lst,34.875539,34.837019,68.176471,22.054530
10220,residential,lst,35.726419,35.671769,59.486275,21.357505
10221,residential,lst,35.242344,34.726379,76.498039,17.179115
10222,residential,lst,35.385548,35.399324,283.380392,19.406784
10223,residential,lst,35.001053,34.950592,259.380392,22.058057
10224,residential,lst,35.138367,34.951817,166.137255,20.891939
10225,residential,lst,34.862509,34.967376,122.345098,19.948202
10226,residential,lst,35.535926,35.510041,103.498039,18.922590
10227,residential,lst,35.432626,35.386654,61.262745,20.337153
10228,residential,lst,34.745757,34.665817,58.713725,22.000000
10229,residential,lst,35.567810,35.083589,94.023529,21.376835
10230,residential,lst,35.047623,35.118178,97.270588,20.088171
10231,residential,lst,35.046174,34.881926,99.392157,21.075676
10232,residential,lst,34.617172,34.562341,75.560784,21.401599
10233,residential,lst,35.769694,35.816754,69.392157,20.939305
10234,residential,lst,35.703285,35.570657,79.388235,19.787591
10301,residential,lst,35.326020,35.536476,46.909804,20.864571
10302,residential,lst,35.963678,36.127794,48.333333,19.285112
10303,residential,lst,34.573646,34.746914,41.545098,18.712951
10304,residential,lst,35.256556,35.400969,90.435294,17.566931
10305,residential,lst,36.150249,36.131212,36.694118,17.798226
10306,residential,lst,36.344406,36.363637,73.980392,18.750914
10307,residential,lst,35.196785,35.252781,77.282353,21.205866
10308,residential,lst,34.799962,35.385292,94.670588,21.742306
10309,residential,lst,34.589852,34.831455,60.623529,20.016495
10310,residential,lst,35.002373,34.924651,91.529412,20.138518
10311,residential,lst,35.704077,36.082656,50.968627,20.743095
10312,residential,lst,35.775359,36.017563,45.760784,20.000000
10313,residential,lst,34.486271,34.505943,50.129412,20.083783
10314,residential,lst,34.720782,34.815274,44.964706,20.073522
10315,residential,lst,35.123885,35.244236,65.603922,20.286389
10316,residential,lst,35.876766,36.073106,45.443137,19.899292
10317,residential,lst,35.761931,35.645853,90.952941,20.146380
10318,residential,lst,35.440131,35.354040,74.047059,20.834234
10319,residential,lst,36.296229,36.360219,73.827451,22.000000
10320,residential,lst,36.445517,36.774115,53.529412,22.008352
10321,residential,lst,34.776081,35.279237,122.580392,21.624832
10322,residential,lst,35.262523,35.516978,64.325490,22.337804
10323,residential,lst,35.809771,35.582858,66.015686,22.901212
10324,residential,lst,35.819702,35.723886,65.992157,21.439922
10325,residential,lst,35.683891,35.662984,130.854902,22.244096
10326,residential,lst,35.608808,35.507719,46.141176,21.534846
10327,residential,lst,35.924280,35.927912,60.717647,22.353355
10328,residential,lst,36.995081,36.821073,64.211765,22.647123
10329,residential,lst,36.405973,36.325724,82.945098,21.300459
10330,residential,lst,35.661660,35.755230,33.949020,21.646067
10331,residential,lst,33.928800,34.136797,57.172549,21.967282
10332,residential,lst,34.850339,34.798184,54.176471,21.509591
10333,residential,lst,36.598226,36.494807,43.047059,20.184659
10334,residential,lst,35.484351,35.506569,51.670588,19.832347
10335,residential,lst,35.913541,36.168810,86.105882,20.169969
10336,residential,lst,34.994985,34.979024,48.501961,19.008409
10337,residential,lst,36.085905,36.038925,49.937255,20.080493
10401,residential,lst,38.354790,37.972267,723.564706,18.379944
10402,residential,lst,34.895564,34.828029,341.882353,18.687566
10403,residential,lst,34.827325,34.770840,58.458824,18.617227
10404,residential,lst,33.042377,32.954162,59.749020,18.677803
10405,residential,lst,34.573277,34.676844,66.352941,18.000000
10406,residential,lst,33.826262,33.562570,41.984314,17.893985
10407,residential,lst,35.103187,35.080171,31.815686,17.192037
10408,residential,lst,36.406410,36.635450,116.870588,18.120260
10409,residential,lst,34.352745,34.292841,81.556863,18.711064
10410,residential,lst,35.404748,35.382665,102.011765,18.303887
10411,residential,lst,34.092597,34.007645,67.415686,18.315805
10412,residential,lst,35.429223,35.413428,50.752941,19.000309
10413,residential,lst,35.810826,35.770611,69.992157,18.002353
10414,residential,lst,35.512393,35.513610,385.188235,20.031388
10415,residential,lst,34.087899,34.023640,315.396078,20.104792
10416,residential,lst,34.320911,34.483273,270.756863,18.163724
10417,residential,lst,35.089602,34.984039,369.137255,20.054967
10418,residential,lst,35.654523,35.303457,76.137255,19.352253
10419,residential,lst,34.664557,34.953918,69.125490,19.906791
10420,residential,lst,35.245050,35.348735,370.674510,20.887867
10421,residential,lst,33.693745,34.482261,71.647059,19.373016
10422,residential,lst,32.760807,32.786885,423.274510,19.612915
10423,residential,lst,33.553936,33.485221,420.615686,21.570611
10424,residential,lst,34.657109,34.577302,304.905882,20.196383
10425,residential,lst,34.969286,34.907929,398.823529,22.099705
10426,residential,lst,34.655329,34.406482,295.776471,20.760418
10427,residential,lst,37.670376,37.573577,56.976471,22.564044
10428,residential,lst,35.588625,35.306538,343.105882,21.508435
10429,residential,lst,36.978664,37.460271,192.423529,22.999776
10430,residential,lst,36.409501,36.463829,213.329412,22.873325
10431,residential,lst,36.092775,36.038380,353.796078,22.772662
10432,residential,lst,34.524658,34.579013,330.878431,20.935916
10433,residential,lst,34.504510,34.541521,383.317647,22.426319
10434,residential,lst,33.314971,33.568820,412.098039,22.091688
10435,residential,lst,33.964882,34.422232,586.415686,21.625074
10436,residential,lst,33.120096,33.358027,372.780392,25.296469
10501,residential,lst,34.932137,34.994306,328.043137,22.222054
10502,residential,lst,34.975897,34.982729,352.835294,22.432030
10503,residential,lst,35.167259,35.140920,426.517647,20.232692
10504,residential,lst,35.192331,35.148583,358.152941,20.237416
10505,residential,lst,34.595864,34.792558,294.003922,19.593576
10506,residential,lst,35.422845,35.294820,324.262745,22.128037
10507,residential,lst,35.346230,35.383907,380.309804,23.020262
10508,residential,lst,34.834091,34.789746,321.698039,22.701218
10509,residential,lst,34.890664,34.761772,401.431373,22.642729
10510,residential,lst,34.796580,35.022196,308.105882,21.904667
10511,residential,lst,34.799034,34.772108,183.196078,22.763716
10512,residential,lst,35.333091,35.328087,362.298039,22.990540
10513,residential,lst,36.401149,36.150449,362.603922,21.926404
10514,residential,lst,35.534609,35.593617,475.647059,22.699984
10515,residential,lst,35.333882,35.360448,395.466667,22.415573
10516,residential,lst,34.925740,34.961246,367.607843,22.337615
10517,residential,lst,35.080421,35.042850,349.396078,20.730156
10518,residential,lst,33.683014,33.854319,365.658824,21.863314
10519,residential,lst,33.585193,33.789772,338.976471,21.045628
10520,residential,lst,34.261507,34.332177,359.466667,21.549878
10521,residential,lst,34.396905,34.330530,400.262745,20.058609
10522,residential,lst,33.324512,33.392110,340.564706,21.359783
10523,residential,lst,34.632430,34.671261,310.674510,21.455984
10524,residential,lst,33.886321,34.071865,347.380392,21.622564
10525,residential,lst,35.125338,35.071424,382.011765,20.371367
10526,residential,lst,34.525643,34.634981,418.129412,19.500042
10527,residential,lst,34.856237,34.985055,494.035294,21.076616
10528,residential,lst,33.185202,33.168004,375.862745,21.092764
10529,residential,lst,35.404141,35.606973,375.349020,21.373122
10530,residential,lst,34.976297,35.156567,374.572549,21.165909
10531,residential,lst,33.723385,33.520106,329.439216,23.182830
10532,residential,lst,35.536263,35.542398,325.901961,22.224668
10533,residential,lst,35.103392,34.966122,428.596078,21.483091
10534,residential,lst,35.645152,35.240404,334.760784,22.879493
10535,residential,lst,35.132620,35.047372,334.031373,23.093052
10536,residential,lst,36.875543,36.338548,442.101961,22.310176
10537,residential,lst,34.323744,34.412754,383.505882,22.900444
10601,residential,lst,34.498528,34.411948,64.356863,20.927366
10602,residential,lst,34.567903,34.260116,87.564706,20.199024
10603,residential,lst,34.917506,35.102509,68.941176,21.934187
10604,residential,lst,35.472261,35.343358,39.356863,22.198585
10605,residential,lst,34.402290,34.426525,65.592157,21.911934
10606,residential,lst,35.307130,35.163912,85.411765,23.008264
10607,residential,lst,33.838504,33.678840,59.627451,23.135548
10608,residential,lst,35.354220,35.095552,50.960784,22.933359
10609,residential,lst,35.039676,34.936440,181.431373,22.406722
10610,residential,lst,35.384779,35.182711,76.509804,20.699539
10611,residential,lst,34.476278,34.534997,75.517647,20.000883
10612,residential,lst,34.690049,34.661463,45.576471,20.325503
10613,residential,lst,33.775457,33.821059,113.945098,20.440563
10614,residential,lst,35.443887,35.447608,41.556863,20.780598
10615,residential,lst,34.123560,34.116289,59.811765,20.508982
10616,residential,lst,35.237254,35.413428,46.878431,20.552200
10617,residential,lst,34.308712,34.542812,216.294118,21.581615
10618,residential,lst,34.709763,34.803222,304.952941,22.458573
10619,residential,lst,34.266676,34.484501,191.843137,22.188471
10620,residential,lst,34.921459,34.932634,256.478431,22.384866
10621,residential,lst,34.033831,33.915967,64.980392,21.501026
10622,residential,lst,34.589904,34.653340,93.117647,22.613266
10623,residential,lst,35.081317,35.042572,71.796078,22.514966
10624,residential,lst,34.877571,34.750332,48.623529,21.323897
10625,residential,lst,35.590808,35.726176,46.713725,21.264019
10626,residential,lst,32.951159,32.904601,41.203922,21.143428
10627,residential,lst,33.057102,32.979797,46.521569,21.199106
10628,residential,lst,34.175022,34.165850,60.901961,21.164134
10629,residential,lst,34.509361,34.467976,74.682353,20.070153
10630,residential,lst,35.856306,35.681299,49.470588,21.469441
10631,residential,lst,34.912300,34.794766,63.905882,20.831554
10632,residential,lst,35.573015,35.355029,294.376471,21.473383
10633,residential,lst,34.466741,34.528353,399.631373,22.642180
11101,residential,lst,33.286343,33.362460,149.403922,21.460733
11102,residential,lst,34.750442,34.860843,411.749020,21.036239
11103,residential,lst,34.662212,34.905894,299.776471,23.025810
11104,residential,lst,35.095212,35.195904,191.270588,20.781584
11105,residential,lst,34.986828,34.975921,56.258824,22.020006
11106,residential,lst,34.354545,34.678454,106.074510,22.464232
11107,residential,lst,34.698522,34.560632,41.639216,22.000000
11108,residential,lst,34.307205,34.232502,79.466667,21.866512
11109,residential,lst,34.421239,34.524828,319.854902,21.685384
11110,residential,lst,36.143194,36.062851,73.952941,20.643334
11111,residential,lst,35.835553,36.196154,42.717647,19.899018
11112,residential,lst,35.018980,35.047700,33.780392,20.251683
11113,residential,lst,35.795142,35.744321,74.223529,20.878005
11114,residential,lst,35.886539,35.388796,115.662745,21.134027
11115,residential,lst,33.241763,33.164371,34.917647,20.213612
11116,residential,lst,34.700689,34.868253,23.580392,20.503243
11117,residential,lst,34.909957,34.811856,32.537255,20.859708
11118,residential,lst,33.723586,33.637766,67.474510,20.718877
11119,residential,lst,34.262974,34.283772,47.627451,21.775628
11120,residential,lst,34.803467,34.694690,79.870588,22.074385
11121,residential,lst,34.778810,34.772549,51.384314,19.902389
11122,residential,lst,34.969743,34.931782,43.952941,19.782031
11123,residential,lst,35.220655,35.047700,49.152941,21.648556
11124,residential,lst,33.781656,33.649729,61.360784,20.876526
11125,residential,lst,34.872240,35.067468,37.749020,21.492936
11126,residential,lst,31.914342,31.906539,19.239216,21.464737
11127,residential,lst,33.385385,33.847975,24.509804,21.956000
11128,residential,lst,33.440367,33.555734,28.552941,22.253949
11129,residential,lst,33.998903,33.998367,17.913725,22.224387
11130,residential,lst,34.135994,34.100908,71.462745,22.472370
11131,residential,lst,34.142276,34.159014,28.188235,22.486227
11132,residential,lst,34.805863,34.852872,35.482353,22.910809
11133,residential,lst,35.740683,35.953926,74.835294,21.924226
11134,residential,lst,34.673825,34.647791,30.141176,22.034218
11135,residential,lst,34.679252,34.553796,54.294118,20.863561
11136,residential,lst,35.080944,35.096854,56.400000,21.216103
11137,residential,lst,34.686377,34.764004,28.968627,21.834845
11138,residential,lst,34.582019,34.323079,29.945098,21.963201
11201,residential,lst,34.062194,34.345627,363.431373,21.904667
11202,residential,lst,35.205142,34.982757,33.164706,23.361594
11203,residential,lst,33.433496,33.372870,46.772549,23.293284
11204,residential,lst,33.692718,33.810376,43.878431,22.004022
11205,residential,lst,33.047737,33.229313,41.803922,22.172420
11206,residential,lst,34.229343,34.208997,296.823529,20.921932
11207,residential,lst,33.337249,33.427558,47.031373,22.085633
11208,residential,lst,34.817055,34.787930,53.631373,20.927464
11209,residential,lst,35.440424,35.294015,228.713725,19.388824
11210,residential,lst,34.224465,34.298073,366.725490,19.647714
11211,residential,lst,36.355962,36.630243,57.933333,21.137548
11212,residential,lst,34.991449,34.423911,64.772549,22.228008
11213,residential,lst,35.368250,35.237926,308.231373,22.648889
11214,residential,lst,33.958830,33.852626,148.145098,20.397543
11215,residential,lst,34.385929,33.825816,186.227451,20.476352
11216,residential,lst,36.592082,36.839299,92.776471,19.782991
11217,residential,lst,33.064833,33.227030,152.415686,18.454124
11218,residential,lst,35.179027,35.303650,75.898039,19.184716
11219,residential,lst,34.702605,34.569271,106.956863,18.747855
11220,residential,lst,38.515861,37.688211,817.098039,21.728355
11221,residential,lst,33.930626,34.017354,188.301961,19.412875
11222,residential,lst,35.767160,35.725295,70.000000,19.484594
11223,residential,lst,36.352012,36.390981,39.631373,19.000000
11224,residential,lst,37.399472,37.228396,42.749020,19.880378
11225,residential,lst,37.940094,37.926278,195.062745,19.017189
11226,residential,lst,34.720860,34.388022,219.768627,20.570404
11227,residential,lst,36.327147,36.083893,49.580392,19.877877
11228,residential,lst,38.551616,38.855374,146.356863,19.125854
11229,residential,lst,37.351168,37.009762,159.847059,20.015480
11230,residential,lst,35.434919,35.421973,54.219608,18.033488
11231,residential,lst,35.245831,35.412231,102.803922,19.245890
11232,residential,lst,36.233627,36.187609,56.317647,19.080357
11233,residential,lst,35.622524,35.715322,51.752941,16.143669
11234,residential,lst,36.170300,36.287963,77.835294,19.830361
11235,residential,lst,36.849984,36.916228,35.909804,20.015398
11236,residential,lst,35.660265,35.827008,64.149020,20.504646
11237,residential,lst,36.441151,36.524101,94.556863,21.274386
11301,residential,lst,35.701687,35.528267,64.450980,20.546882
11302,residential,lst,34.300390,34.164141,49.635294,21.233626
11303,residential,lst,34.555472,34.206867,50.721569,19.910237
11304,residential,lst,35.139173,35.693785,60.603922,19.659635
11305,residential,lst,33.853820,33.837160,51.133333,20.188741
11306,residential,lst,35.341280,35.218601,66.866667,19.881766
11307,residential,lst,34.620303,34.623865,83.411765,20.709074
11308,residential,lst,35.173340,35.020355,90.949020,20.131295
11309,residential,lst,36.674283,36.285023,114.913725,21.689452
11310,residential,lst,36.108132,36.024779,82.098039,21.278529
11311,residential,lst,36.091765,36.101589,60.917647,19.671495
11312,residential,lst,35.303845,35.386084,53.431373,21.079633
11313,residential,lst,34.817640,34.670550,53.074510,22.056303
11314,residential,lst,34.247011,34.295735,37.901961,21.128505
11315,residential,lst,37.605473,37.664030,96.082353,20.162565
11316,residential,lst,36.012788,36.064932,56.533333,19.303621
11317,residential,lst,35.305780,35.133150,50.992157,19.610090
11318,residential,lst,35.567317,35.652689,24.905882,20.581483
11319,residential,lst,35.821218,35.837262,46.482353,21.684131
11320,residential,lst,35.428167,35.498878,33.984314,20.567736
11321,residential,lst,39.454824,39.466333,621.537255,22.767307
11322,residential,lst,36.147208,36.151720,28.666667,21.637209
11323,residential,lst,36.251678,36.216662,39.470588,22.634178
11324,residential,lst,34.213164,33.965258,553.305882,20.696682
11325,residential,lst,37.334016,38.400777,225.949020,20.505111
11326,residential,lst,34.540332,34.789161,221.360784,19.031693
11327,residential,lst,36.026418,35.948348,75.325490,22.096158
11328,residential,lst,35.538902,35.697607,67.109804,19.591305
11329,residential,lst,35.141698,34.846036,35.956863,23.491220
11330,residential,lst,36.990002,36.927041,62.129412,20.732185
11331,residential,lst,35.498703,35.374120,83.494118,17.907848
11332,residential,lst,36.469876,36.462760,45.945098,17.936924
11333,residential,lst,35.050819,34.978334,72.172549,18.089926
11334,residential,lst,35.964959,35.615091,30.184314,18.787839
11335,residential,lst,34.742856,34.917815,85.717647,18.009333
11336,residential,lst,34.726409,34.953573,45.145098,17.625956
11337,residential,lst,35.098272,35.269871,52.043137,17.433351
11338,residential,lst,35.539995,35.554687,66.000000,16.782531
11339,residential,lst,33.443301,33.168358,80.768627,16.034570
11401,residential,lst,35.225880,35.136568,94.400000,18.794533
11402,residential,lst,34.869875,34.794766,59.274510,18.439431
11403,residential,lst,35.931901,35.967147,117.035294,18.974702
11404,residential,lst,34.613810,34.620447,39.552941,19.029050
11405,residential,lst,35.346274,35.379247,39.372549,18.848008
11406,residential,lst,33.858737,33.967605,26.737255,19.000000
11407,residential,lst,33.006331,32.972961,38.835294,19.875997
11408,residential,lst,36.127623,35.920751,43.458824,19.274770
11409,residential,lst,34.299309,34.317952,42.552941,20.058981
11410,residential,lst,35.119616,35.153658,60.007843,20.826167
11411,residential,lst,38.962803,39.791879,239.780392,23.438277
11412,residential,lst,36.067973,36.072306,101.105882,20.148941
11413,residential,lst,38.872163,39.414539,217.521569,24.544404
11414,residential,lst,35.289440,35.427677,42.007843,20.201550
11415,residential,lst,35.167002,34.646664,62.678431,24.751986
11416,residential,lst,35.954826,35.744976,50.427451,23.915234
11417,residential,lst,35.694239,35.683169,59.709804,24.853080
11418,residential,lst,37.406100,37.361699,153.349020,23.734298
11419,residential,lst,36.247178,36.134630,94.592157,24.042577
11420,residential,lst,35.781175,35.707858,56.556863,23.167799
11421,residential,lst,35.499158,35.324842,55.368627,24.123592
11422,residential,lst,35.606401,35.420264,35.247059,24.000000
11423,residential,lst,35.782283,35.550148,44.839216,23.629001
11424,residential,lst,36.546830,36.408071,48.525490,21.679004
11425,residential,lst,36.042124,35.901130,44.235294,24.243706
11426,residential,lst,38.841783,38.929447,109.380392,24.385128
11427,residential,lst,36.833916,36.768673,69.290196,24.000000
11428,residential,lst,36.835486,36.886134,65.384314,23.261980
11429,residential,lst,37.042805,37.139528,44.698039,23.000877
11430,residential,lst,36.900313,36.727656,51.623529,24.235415
11431,residential,lst,36.649649,36.787472,95.258824,22.995225
11432,residential,lst,35.882103,35.663513,55.423529,23.389019
11433,residential,lst,37.574980,37.599422,28.658824,24.047619
11434,residential,lst,36.466841,36.198219,84.792157,22.879290
11435,residential,lst,35.478423,35.333138,52.301961,23.002699
11436,residential,lst,36.889742,36.760128,41.137255,23.153670
11437,residential,lst,37.313142,37.193611,58.227451,23.353852
11438,residential,lst,36.820155,36.598689,48.780392,23.465713
11501,residential,lst,36.856636,36.901948,61.007843,22.022241
11502,residential,lst,36.761340,36.695185,72.517647,21.497999
11503,residential,lst,36.907769,36.951537,40.321569,17.420346
11504,residential,lst,36.415048,36.377309,41.756863,18.110162
11505,residential,lst,36.030687,35.857770,25.050980,18.682999
11506,residential,lst,35.286660,35.474952,28.196078,18.192490
11507,residential,lst,34.947847,34.869136,74.270588,17.018744
11508,residential,lst,37.009285,37.064331,44.956863,22.577111
11509,residential,lst,35.809179,35.792828,73.188235,20.878155
11510,residential,lst,35.229883,35.184420,63.760784,19.100129
11511,residential,lst,35.787812,35.876569,66.623529,18.826299
11512,residential,lst,36.257644,36.544792,67.235294,18.984719
11513,residential,lst,35.661655,35.187838,92.239216,18.901705
11514,residential,lst,37.015207,37.212332,62.156863,23.772366
11515,residential,lst,36.520889,36.358510,44.278431,22.628997
11516,residential,lst,35.746801,35.695414,58.635294,22.000000
11517,residential,lst,35.379565,35.024628,63.839216,21.757540
11518,residential,lst,36.203407,36.373891,68.529412,19.948670
11519,residential,lst,35.263835,35.453388,90.482353,19.204525
11520,residential,lst,34.681691,34.578861,50.913725,17.750289
11521,residential,lst,31.172250,31.033874,1198.839216,17.671970
11522,residential,lst,35.374645,35.198332,51.658824,23.048053
11523,residential,lst,36.019736,35.799876,49.454902,22.713266
11524,residential,lst,35.751537,35.845807,47.282353,21.865804
11525,residential,lst,35.812885,35.481788,39.368627,20.928479
11526,residential,lst,35.702183,35.738140,33.517647,18.221364
11527,residential,lst,35.349128,35.181447,49.768627,20.354976
11528,residential,lst,34.712910,34.490562,66.756863,21.241908
11529,residential,lst,35.850142,35.950663,88.254902,21.368940
11530,residential,lst,36.565763,36.600946,89.380392,18.185723
11531,residential,lst,33.967468,34.256188,82.756863,21.647680
11532,residential,lst,34.497535,34.608182,54.658824,21.003659
11533,residential,lst,35.423971,35.474952,86.807843,20.511023
11534,residential,lst,34.515565,34.483726,80.086275,18.968759
11535,residential,lst,35.042340,35.254490,77.905882,19.549129
11536,residential,lst,34.301672,34.299153,46.243137,17.533073
11537,residential,lst,34.935728,35.068208,40.945098,18.282540
11538,residential,lst,32.792718,32.411430,348.643137,17.442792
11601,residential,lst,35.484405,35.761782,98.882353,20.824430
11602,residential,lst,36.038460,36.227975,85.082353,19.042266
11603,residential,lst,37.434855,37.590443,319.247059,19.477140
11604,residential,lst,34.961369,34.516197,134.713725,20.787028
11605,residential,lst,34.454307,34.493267,108.976471,20.797654
11606,residential,lst,33.085401,33.171207,46.823529,20.109380
11607,residential,lst,33.861573,34.273911,52.827451,19.285799
11608,residential,lst,34.953763,35.020355,54.760784,19.199728
11609,residential,lst,35.127018,34.970931,53.031373,19.917696
11610,residential,lst,33.440456,33.430976,31.098039,18.932535
11611,residential,lst,33.896207,33.947097,37.415686,17.932921
11612,residential,lst,35.412900,35.364602,94.556863,17.104471
11613,residential,lst,36.131244,35.893477,69.015686,19.017615
11614,residential,lst,35.029119,34.987158,86.823529,18.086134
11615,residential,lst,36.137939,36.146569,110.349020,17.240734
11616,residential,lst,34.140407,34.013592,222.317647,18.382953
11617,residential,lst,35.007049,35.150240,148.235294,18.828333
11618,residential,lst,35.000024,35.068208,68.517647,17.459764
11619,residential,lst,35.705733,35.512550,66.411765,17.309300
11620,residential,lst,34.254014,34.119966,131.309804,18.634841
11621,residential,lst,34.607742,34.384072,205.400000,19.631422
11622,residential,lst,35.134316,35.016854,235.047059,18.662379
11623,residential,lst,36.180641,36.315785,120.843137,21.297582
11624,residential,lst,35.023743,35.096554,84.392157,19.230019
11625,residential,lst,35.388092,35.244659,63.509804,19.929608
11626,residential,lst,36.283602,36.132250,107.172549,20.172710
11627,residential,lst,36.011356,36.271351,80.780392,21.203554
11628,residential,lst,35.107485,35.017919,69.215686,25.605836
11629,residential,lst,34.768144,34.801602,102.501961,26.922756
11630,residential,lst,36.474993,36.276478,166.180392,22.721470
11631,residential,lst,34.004521,33.970217,103.015686,24.605809
11632,residential,lst,35.432588,35.296710,101.015686,23.937303
11633,residential,lst,34.760122,34.393043,254.576471,26.768951
11634,residential,lst,32.961031,32.978102,193.035294,27.248476
11635,residential,lst,35.540546,35.860208,105.894118,27.198978
11636,residential,lst,36.038348,35.959732,153.282353,31.879883
12101,residential,lst,39.883067,39.911158,941.760784,20.951259
12102,residential,lst,35.154165,35.007511,94.227451,21.231272
12103,residential,lst,36.176944,36.065300,73.890196,21.057584
12104,residential,lst,36.323002,36.233752,71.835294,20.714216
12105,residential,lst,35.461708,35.395572,83.564706,20.280163
12106,residential,lst,37.125481,36.924754,114.329412,22.181999
12107,residential,lst,36.048196,35.797682,74.043137,23.105238
12108,residential,lst,34.804209,34.776022,80.003922,22.716730
12109,residential,lst,34.794641,34.770840,69.862745,22.711535
12110,residential,lst,35.268760,35.119478,110.403922,23.272475
12111,residential,lst,38.937973,39.361022,202.239216,21.060868
12112,residential,lst,35.221481,35.210237,78.494118,21.128997
12113,residential,lst,35.658347,35.477055,138.066667,21.702218
12114,residential,lst,35.474896,35.570657,99.333333,21.258192
12115,residential,lst,37.565933,37.926653,86.741176,21.691713
12116,residential,lst,36.399149,36.281605,93.568627,21.956329
12117,residential,lst,35.238655,35.328225,120.254902,21.980271
12118,residential,lst,35.620629,35.608331,115.262745,22.170523
12119,residential,lst,36.219974,36.152267,55.796078,21.968021
12120,residential,lst,36.497702,36.329457,82.925490,21.770784
12121,residential,lst,36.581033,36.203118,135.486275,21.825002
12122,residential,lst,36.112701,36.046646,92.741176,22.260603
12123,residential,lst,35.801316,35.886341,97.113725,21.002988
12124,residential,lst,37.094832,37.037842,64.678431,20.454920
12125,residential,lst,38.215281,38.241222,81.364706,20.509302
12126,residential,lst,37.916832,38.137565,160.486275,22.791003
12127,residential,lst,37.310586,37.350590,53.584314,20.815208
12128,residential,lst,36.408437,36.275428,53.776471,21.669802
12129,residential,lst,36.655726,36.643586,106.392157,21.767342
12201,residential,lst,35.825820,35.576514,149.537255,16.666868
12202,residential,lst,36.853906,36.773566,178.372549,19.080532
12203,residential,lst,33.293508,33.636975,293.176471,12.000000
12204,residential,lst,34.037328,34.173922,244.925490,12.154429
12205,residential,lst,35.266393,34.840280,322.462745,12.991074
12206,residential,lst,36.497485,36.836136,564.258824,12.670823
12207,residential,lst,35.930763,35.859163,124.235294,12.065246
12208,residential,lst,34.924889,34.879993,80.313725,12.000000
12209,residential,lst,36.677826,36.739619,163.345098,12.959139
12210,residential,lst,37.349147,36.990194,212.752941,14.484738
12211,residential,lst,36.164679,36.373190,103.078431,19.402587
12212,residential,lst,34.488097,34.430665,92.725490,14.016071
12213,residential,lst,37.537328,37.707738,100.745098,16.020008
12214,residential,lst,37.418204,37.013061,147.258824,20.710660
12215,residential,lst,35.397610,35.678168,67.870588,13.404461
12216,residential,lst,36.682874,36.743892,78.960784,12.705041
12217,residential,lst,37.347113,36.546481,162.325490,13.768487
12218,residential,lst,37.374954,37.173708,169.729412,17.220097
12219,residential,lst,35.182393,35.261778,154.552941,22.433026
12220,residential,lst,36.028145,35.830426,66.356863,12.750133
12221,residential,lst,35.986410,36.103868,91.819608,13.000000
12222,residential,lst,37.633027,37.420078,212.372549,13.573982
12223,residential,lst,34.353332,33.727003,337.666667,11.730736
12224,residential,lst,36.917959,36.861907,151.156863,13.000000
12225,residential,lst,36.312479,35.913090,185.737255,19.481262
12226,residential,lst,35.241902,35.177584,112.474510,13.141557
12227,residential,lst,35.763139,35.568517,87.501961,13.000000
12228,residential,lst,34.634059,34.775079,126.576471,14.579918
12229,residential,lst,39.393651,40.017254,221.219608,15.643527
12301,residential,lst,33.636099,33.728398,320.121569,8.668165
12302,residential,lst,33.550749,34.048556,315.941176,10.365680
12303,residential,lst,32.863947,33.389904,713.176471,10.567656
12304,residential,lst,30.581472,30.667175,401.619608,10.620878
12305,residential,lst,32.608406,32.606026,278.235294,9.262467
12306,residential,lst,33.155588,33.133608,322.639216,9.792143
12307,residential,lst,32.816589,32.983362,298.772549,9.669025
12308,residential,lst,33.533413,33.761945,293.368627,10.780935
12309,residential,lst,32.569712,32.705179,317.258824,10.498449
12310,residential,lst,30.573292,30.607448,418.247059,10.643704
12311,residential,lst,33.160096,33.482111,350.796078,10.440768
12312,residential,lst,32.791640,33.107707,336.231373,10.346097
12313,residential,lst,30.998955,31.234908,377.647059,10.660987
12314,residential,lst,33.627079,33.451484,99.462745,11.298663
12315,residential,lst,31.449514,31.486757,405.780392,10.777103
12316,residential,lst,36.712040,36.547041,61.215686,11.000000
12317,residential,lst,38.879292,38.443235,584.741176,11.299083
12318,residential,lst,31.246560,31.334792,369.266667,10.752228
12319,residential,lst,34.290330,34.399829,126.666667,12.103467
12320,residential,lst,35.464537,35.299420,80.047059,12.268470
12321,residential,lst,35.143237,34.958831,69.321569,12.011654
12322,residential,lst,35.083929,34.869612,136.113725,12.935550
12323,residential,lst,32.990406,33.291053,284.290196,9.655640
12324,residential,lst,33.292431,33.419611,103.392157,9.000797
12325,residential,lst,33.080558,33.174325,87.960784,11.701382
12326,residential,lst,32.986905,33.198551,309.592157,9.810085
12327,residential,lst,33.548676,33.581630,359.552941,8.606232
12328,residential,lst,32.967544,33.332209,191.678431,10.823602
12329,residential,lst,34.568699,34.505797,97.219608,12.526885
12330,residential,lst,35.030503,35.356878,66.764706,10.998120
12401,residential,lst,35.329114,35.519981,200.945098,13.009367
12402,residential,lst,34.227820,33.731762,298.949020,13.003463
12403,residential,lst,33.842343,33.403461,260.686275,14.067424
12404,residential,lst,34.464423,34.493980,78.388235,13.959728
12405,residential,lst,33.908624,33.589457,80.047059,13.531697
12406,residential,lst,34.924164,35.131362,97.866667,11.011741
12407,residential,lst,33.332838,33.669287,187.239216,12.798454
12408,residential,lst,33.140809,32.972075,366.639216,12.825987
12409,residential,lst,35.521587,34.910124,183.964706,13.914562
12410,residential,lst,34.970562,34.899759,151.172549,13.335988
12411,residential,lst,36.386671,36.341547,459.831373,13.762760
12412,residential,lst,33.371487,33.390157,173.862745,11.894485
12413,residential,lst,33.460794,33.580975,275.537255,12.999601
12414,residential,lst,34.573874,33.896551,271.478431,12.398053
12415,residential,lst,37.018520,37.047779,68.400000,11.152219
12416,residential,lst,33.937342,33.991887,125.160784,11.653183
12417,residential,lst,33.698304,33.835157,226.529412,13.300476
12418,residential,lst,34.902863,34.789549,158.184314,13.928180
12419,residential,lst,36.444529,35.786469,290.800000,15.850312
12420,residential,lst,34.147583,34.265504,161.674510,11.242487
12421,residential,lst,35.397319,35.450003,345.972549,12.034537
12422,residential,lst,40.035985,40.536399,593.776471,12.487243
12423,residential,lst,39.122294,39.285990,381.054902,11.964310
12424,residential,lst,33.313920,33.150041,473.513725,14.166407
12425,residential,lst,35.450429,35.363707,115.639216,11.000610
12426,residential,lst,34.156744,33.949661,106.329412,13.217231
12427,residential,lst,35.673877,35.731533,108.074510,14.669328
12428,residential,lst,31.703673,31.819380,213.203922,13.668383
12429,residential,lst,36.049808,35.986460,87.592157,12.010790
12430,residential,lst,34.405979,34.326497,102.576471,11.565852
12501,residential,lst,32.741827,32.836602,341.662745,14.443001
12502,residential,lst,34.299880,34.652930,551.105882,18.762410
12503,residential,lst,33.584887,33.802040,253.427451,14.050430
12504,residential,lst,33.014793,33.116518,75.941176,18.431448
12505,residential,lst,34.477793,34.278645,58.490196,20.312504
12506,residential,lst,34.432952,34.456382,106.807843,20.018101
12507,residential,lst,34.351351,33.769360,93.603922,19.263061
12508,residential,lst,33.717766,33.615549,45.972549,19.164890
12509,residential,lst,39.116755,38.892118,284.274510,19.837495
12510,residential,lst,32.870285,32.662390,77.172549,21.166777
12511,residential,lst,34.308104,34.239075,91.854902,19.117449
12512,residential,lst,33.474345,33.525214,58.294118,18.793004
12513,residential,lst,33.146225,32.698809,77.533333,17.690658
12514,residential,lst,35.587049,35.081880,119.298039,19.139608
12515,residential,lst,33.330520,33.463447,63.682353,19.571094
12516,residential,lst,32.459914,32.466240,53.964706,20.152751
12517,residential,lst,35.052652,35.013519,93.254902,14.665559
12518,residential,lst,35.300787,35.497169,116.470588,14.674916
12519,residential,lst,35.429425,35.446817,93.211765,22.123901
12520,residential,lst,32.688119,32.598688,56.207843,20.362590
12521,residential,lst,34.792209,34.852299,183.047059,17.281123
12522,residential,lst,35.024340,35.081880,88.929412,18.750055
12523,residential,lst,33.804113,33.610337,78.043137,21.205015
12524,residential,lst,32.966696,32.945617,95.415686,22.911841
12525,residential,lst,35.904547,35.821871,237.337255,20.157334
12526,residential,lst,34.278712,34.278645,61.376471,21.834196
12527,residential,lst,33.150555,33.234474,321.098039,14.315852
12528,residential,lst,35.336224,34.108385,58.541176,19.256364
12601,residential,lst,30.091775,30.403499,253.537255,10.861721
12602,residential,lst,31.073441,31.163833,318.780392,11.216302
12603,residential,lst,30.530673,30.762017,314.250980,12.000724
12604,residential,lst,31.435306,31.452950,367.670588,10.440974
12605,residential,lst,31.556294,31.512501,345.980392,11.016322
12606,residential,lst,29.568741,29.443001,355.117647,12.300867
12607,residential,lst,31.032395,31.168731,285.980392,9.999822
12608,residential,lst,32.267644,32.257216,345.145098,10.693508
12609,residential,lst,32.258351,32.294573,370.227451,11.000964
12610,residential,lst,29.198623,29.115592,415.258824,12.570955
12611,residential,lst,30.927092,30.983523,314.650980,10.348709
12612,residential,lst,30.068556,29.896743,409.600000,12.432751
12613,residential,lst,29.768639,29.424426,408.968627,12.979739
12614,residential,lst,32.203877,32.205038,347.035294,13.000000
12615,residential,lst,32.489851,32.606314,294.054902,13.000000
12616,residential,lst,31.306552,31.418754,335.156863,12.977383
12617,residential,lst,32.657929,32.431118,182.450980,13.000000
12618,residential,lst,32.563585,32.425676,273.843137,13.000000
12619,residential,lst,31.260603,31.157395,399.203922,13.012476
12620,residential,lst,31.110534,31.202220,334.392157,12.500633
12621,residential,lst,32.444580,32.401948,266.984314,13.000000
12622,residential,lst,31.432577,31.612412,329.227451,12.592903
12623,residential,lst,31.318044,31.484593,308.298039,12.996756
12624,residential,lst,33.552557,33.894090,270.054902,12.078895
12625,residential,lst,32.973717,33.571847,243.431373,12.273443
12626,residential,lst,31.763682,31.894185,338.494118,12.994555
12627,residential,lst,32.230497,32.267149,256.337255,13.000000
12628,residential,lst,30.372542,29.920691,202.282353,11.908728
12629,residential,lst,31.185289,31.336365,169.584314,12.996855
12630,residential,lst,31.742404,31.639984,230.094118,13.000000
12631,residential,lst,32.747440,32.766615,270.996078,13.000000
01101,district,ndvi,0.513186,0.572045,2435.552941,98.875852
01102,district,ndvi,0.360981,0.341542,627.400000,95.196697
01103,district,ndvi,0.272114,0.232731,681.576471,98.480978
01104,district,ndvi,0.309627,0.270651,708.984314,91.551919
01105,district,ndvi,0.364149,0.318143,1853.215686,105.300394
01106,district,ndvi,0.185976,0.146742,3924.964706,107.408552
01107,district,ndvi,0.413695,0.381861,887.125490,92.561479
01108,district,ndvi,0.478396,0.474091,1251.058824,92.611761
01109,district,ndvi,0.407114,0.369321,542.043137,92.461435
01110,district,ndvi,0.495846,0.498139,832.035294,94.121879
01111,district,ndvi,0.380178,0.342814,504.235294,104.365889
01112,district,ndvi,0.287128,0.248142,3236.137255,102.040153
01113,district,ndvi,0.351489,0.318931,515.349020,94.377875
01114,district,ndvi,0.191105,0.170212,1051.058824,105.492635
01115,district,ndvi,0.512222,0.545773,2057.521569,93.203060
01116,district,ndvi,0.386791,0.357328,830.278431,91.438828
01117,district,ndvi,0.384972,0.354150,877.388235,104.981460
01118,district,ndvi,0.329801,0.271147,586.486275,92.264393
01119,district,ndvi,0.244191,0.182186,1537.552941,99.774934
01120,district,ndvi,0.321025,0.263351,815.811765,91.959001
01121,district,ndvi,0.215804,0.146657,6551.435294,103.071970
01122,district,ndvi,0.320107,0.232858,1200.007843,92.323455
01123,district,ndvi,0.283396,0.240117,761.823529,94.040460
01124,district,ndvi,0.315843,0.236566,1656.960784,103.086542
01125,district,ndvi,0.439497,0.459064,1959.215686,100.831259
01126,district,ndvi,0.296937,0.248212,751.772549,96.567793
01127,district,ndvi,0.188673,0.130660,2228.286275,90.272107
01128,district,ndvi,0.256359,0.185681,859.839216,96.102363
01129,district,ndvi,0.287678,0.212935,1042.752941,94.320633
01130,district,ndvi,0.298114,0.232326,2976.325490,100.210080
01131,district,ndvi,0.237465,0.178170,710.749020,95.586644
01132,district,ndvi,0.166373,0.097648,9303.066667,90.216765
01133,district,ndvi,0.198802,0.165929,996.639216,106.635068
01201,district,ndvi,0.483228,0.470884,1315.125490,98.459305
01202,district,ndvi,0.304366,0.229392,827.117647,94.704018
01203,district,ndvi,0.253992,0.182089,1179.949020,91.371724
01204,district,ndvi,0.268398,0.201159,1107.945098,97.414663
01205,district,ndvi,0.163699,0.111263,2675.031373,94.282693
01206,district,ndvi,0.249620,0.185114,713.560784,95.123144
01207,district,ndvi,0.373311,0.294746,1882.368627,87.235308
01208,district,ndvi,0.291711,0.232412,1908.917647,100.593959
01209,district,ndvi,0.468651,0.466752,1440.584314,110.337491
01210,district,ndvi,0.239653,0.166145,1766.968627,92.388511
01211,district,ndvi,0.257807,0.165866,2576.635294,94.429377
01212,district,ndvi,0.364684,0.337599,1488.019608,103.159288
01213,district,ndvi,0.304881,0.239779,2476.784314,99.241545
01214,district,ndvi,0.294123,0.236716,1612.901961,103.951638
01215,district,ndvi,0.549494,0.583859,773.305882,101.801677
01216,district,ndvi,0.379811,0.362279,620.482353,95.486491
01217,district,ndvi,0.176773,0.107246,5148.654902,92.884175
01218,district,ndvi,0.224091,0.126548,1701.329412,95.772192
01219,district,ndvi,0.130161,0.084008,4459.803922,91.895383
01220,district,ndvi,0.243221,0.185572,5251.756863,94.064160
01221,district,ndvi,0.208517,0.126781,5248.152941,97.833623
01222,district,ndvi,0.384588,0.315294,746.239216,94.256166
01223,district,ndvi,0.240297,0.225151,682.149020,99.548664
01224,district,ndvi,0.253823,0.197333,978.780392,97.966681
01225,district,ndvi,0.315646,0.286528,1849.968627,93.829390
01226,district,ndvi,0.202392,0.166375,2024.211765,96.009274
01227,district,ndvi,0.365025,0.321942,895.607843,98.204414
01228,district,ndvi,0.362254,0.279666,486.196078,96.085756
01229,district,ndvi,0.395180,0.349713,907.843137,98.955205
01230,district,ndvi,0.271146,0.208348,752.701961,95.548617
01231,district,ndvi,0.500335,0.525915,1026.847059,95.991445
01232,district,ndvi,0.449610,0.462548,1467.674510,96.012684
01233,district,ndvi,0.374170,0.353559,504.670588,97.243016
01234,district,ndvi,0.413374,0.396645,629.627451,97.000922
01301,district,ndvi,0.275792,0.204943,4720.756863,96.698731
01302,district,ndvi,0.352252,0.290429,370.462745,96.450025
01303,district,ndvi,0.320539,0.279713,536.098039,96.279075
01304,district,ndvi,0.256975,0.161703,3079.062745,104.058872
01305,district,ndvi,0.377133,0.350099,939.607843,97.533560
01306,district,ndvi,0.384892,0.342079,2797.388235,99.118074
01307,district,ndvi,0.388416,0.345787,765.172549,98.940113
01308,district,ndvi,0.302983,0.247882,504.819608,95.070419
01309,district,ndvi,0.314863,0.270935,809.443137,95.735945
01310,district,ndvi,0.265568,0.239457,1768.254902,100.032388
01311,district,ndvi,0.356294,0.307503,475.329412,94.619310
01312,district,ndvi,0.354603,0.306365,940.470588,93.410704
01313,district,ndvi,0.408765,0.370117,509.407843,100.798659
01314,district,ndvi,0.533977,0.584263,1478.274510,99.571034
01315,district,ndvi,0.349425,0.294841,577.705882,94.063083
01316,district,ndvi,0.316893,0.279555,1377.066667,102.950873
01317,district,ndvi,0.510835,0.550860,10607.623529,95.578548
01318,district,ndvi,0.386881,0.329895,1415.250980,92.814951
01319,district,ndvi,0.485756,0.501742,1342.070588,96.388910
01320,district,ndvi,0.642904,0.751703,3407.713725,98.758276
01321,district,ndvi,0.383719,0.357412,561.498039,94.157520
01322,district,ndvi,0.392140,0.354025,760.011765,94.357053
01323,district,ndvi,0.419567,0.395822,1105.772549,97.121462
01324,district,ndvi,0.625215,0.689661,2961.054902,97.201070
01325,district,ndvi,0.551633,0.644520,19184.086275,93.515519
01326,district,ndvi,0.611648,0.693459,11423.066667,100.066620
01327,district,ndvi,0.339762,0.314370,2576.101961,95.422429
01328,district,ndvi,0.336922,0.298672,1362.972549,95.747294
01329,district,ndvi,0.335476,0.275848,1988.956863,94.692985
01330,district,ndvi,0.366490,0.317711,1347.925490,101.924770
01331,district,ndvi,0.296362,0.228866,1373.200000,93.444986
01332,district,ndvi,0.281807,0.228721,1125.172549,98.999812
01401,district,ndvi,0.334784,0.283179,812.019608,104.394490
01402,district,ndvi,0.224242,0.166484,603.290196,102.047582
01403,district,ndvi,0.351596,0.306454,683.094118,102.611887
01404,district,ndvi,0.389427,0.361138,5214.788235,99.305723
01405,district,ndvi,0.368741,0.337364,2603.741176,106.718613
01406,district,ndvi,0.200271,0.158249,436.662745,109.289423
01407,district,ndvi,0.168693,0.072162,14934.517647,102.491778
01408,district,ndvi,0.241037,0.181846,5018.933333,101.192019
01409,district,ndvi,0.387370,0.349889,1618.560784,102.829505
01410,district,ndvi,0.276209,0.232304,472.364706,97.402190
01411,district,ndvi,0.351784,0.314506,954.662745,96.880496
01412,district,ndvi,0.397554,0.370004,694.207843,98.484508
01413,district,ndvi,0.360729,0.327127,695.023529,100.343399
01414,district,ndvi,0.547661,0.552610,4458.996078,97.128702
01415,district,ndvi,0.567843,0.612126,729.470588,93.672704
01416,district,ndvi,0.399388,0.369377,460.058824,100.865337
01417,district,ndvi,0.303928,0.267796,560.101961,95.152248
01418,district,ndvi,0.322485,0.274432,576.325490,97.074257
01419,district,ndvi,0.380421,0.345551,668.458824,100.959268
01420,district,ndvi,0.368670,0.337905,629.043137,96.079667
01421,district,ndvi,0.181340,0.095944,2247.670588,97.929244
01422,district,ndvi,0.292424,0.236222,826.086275,96.040778
01423,district,ndvi,0.208861,0.153986,834.400000,94.441994
01424,district,ndvi,0.337451,0.302829,509.603922,100.306836
01425,district,ndvi,0.277074,0.248199,654.635294,100.620858
01426,district,ndvi,0.397157,0.372449,785.184314,99.212314
01427,district,ndvi,0.413487,0.375875,617.760784,94.769541
01428,district,ndvi,0.410119,0.376910,1516.670588,94.339578
01429,district,ndvi,0.351007,0.314873,843.352941,94.519560
01430,district,ndvi,0.283729,0.224897,614.721569,99.706566
01501,district,ndvi,0.523474,0.549130,1119.839216,98.978082
01502,district,ndvi,0.415975,0.459116,1793.458824,98.077838
01503,district,ndvi,0.586946,0.642521,2040.337255,97.298549
01504,district,ndvi,0.633632,0.714729,31091.105882,97.364094
01505,district,ndvi,0.650043,0.712839,2810.141176,96.374773
01506,district,ndvi,0.420726,0.400644,979.749020,99.619947
01507,district,ndvi,0.457680,0.439079,691.345098,99.431089
01508,district,ndvi,0.448722,0.454726,958.403922,102.710446
01509,district,ndvi,0.444443,0.439260,959.407843,98.136179
01510,district,ndvi,0.629866,0.665634,3340.960784,98.275221
01511,district,ndvi,0.307785,0.271740,1807.301961,102.169717
01512,district,ndvi,0.539897,0.599914,2433.490196,95.999036
01513,district,ndvi,0.271489,0.220267,458.105882,98.869146
01514,district,ndvi,0.511344,0.542338,2728.137255,97.948416
01515,district,ndvi,0.320197,0.276141,640.964706,98.369015
01516,district,ndvi,0.396348,0.380843,1889.592157,97.453186
01517,district,ndvi,0.341292,0.283469,517.133333,101.095003
01518,district,ndvi,0.226731,0.170076,1314.152941,103.891068
01519,district,ndvi,0.312169,0.278965,673.486275,100.592312
01520,district,ndvi,0.262418,0.213145,942.325490,99.762020
01521,district,ndvi,0.353687,0.297754,604.031373,103.723537
01522,district,ndvi,0.403772,0.373014,552.603922,98.915736
01523,district,ndvi,0.549713,0.634548,2174.576471,101.076932
01524,district,ndvi,0.460329,0.436303,890.858824,105.959259
01525,district,ndvi,0.266378,0.216855,603.454902,101.185280
01526,district,ndvi,0.255243,0.181492,742.074510,103.914210
01527,district,ndvi,0.520251,0.548490,973.658824,105.316478
01528,district,ndvi,0.288174,0.247942,382.929412,103.195695
01529,district,ndvi,0.654495,0.728547,4121.007843,97.368215
01530,district,ndvi,0.297467,0.240386,398.219608,105.653438
01601,district,ndvi,0.438679,0.470795,3793.745098,96.632288
01602,district,ndvi,0.515731,0.521495,745.600000,93.175266
01603,district,ndvi,0.418147,0.389147,796.117647,94.121191
01604,district,ndvi,0.638974,0.720491,1125.478431,89.595100
01605,district,ndvi,0.641474,0.751941,1930.337255,88.273084
01606,district,ndvi,0.517543,0.560951,940.709804,93.176158
01607,district,ndvi,0.323041,0.274595,433.384314,103.219612
01608,district,ndvi,0.354465,0.326640,626.933333,101.662834
01609,district,ndvi,0.494558,0.498675,1167.874510,97.415721
01610,district,ndvi,0.465722,0.493774,1229.694118,95.876424
01611,district,ndvi,0.364022,0.318066,1057.588235,94.095730
01612,district,ndvi,0.458749,0.424050,569.258824,93.533649
01613,district,ndvi,0.406463,0.400334,694.568627,94.545442
01614,district,ndvi,0.378890,0.345414,755.870588,99.312778
01615,district,ndvi,0.437557,0.423589,945.356863,96.302623
01616,district,ndvi,0.353127,0.298479,1552.415686,97.805434
01617,district,ndvi,0.359013,0.325969,1007.600000,97.958091
01618,district,ndvi,0.302065,0.256087,488.549020,98.393354
01619,district,ndvi,0.327957,0.286997,784.713725,100.487266
01620,district,ndvi,0.483626,0.498116,1963.407843,95.139725
01621,district,ndvi,0.409270,0.368978,1609.635294,100.331345
01622,district,ndvi,0.248718,0.201152,633.184314,99.570066
01623,district,ndvi,0.411109,0.392580,857.772549,98.666062
01624,district,ndvi,0.405493,0.370037,670.027451,95.126135
01625,district,ndvi,0.341991,0.287252,622.039216,96.985910
01626,district,ndvi,0.309210,0.255463,2682.380392,97.204360
01627,district,ndvi,0.338449,0.313917,638.792157,97.640338
01628,district,ndvi,0.334316,0.279174,809.368627,100.623706
01629,district,ndvi,0.410230,0.377005,1225.717647,98.539244
01630,district,ndvi,0.411787,0.376994,728.666667,93.680631
01701,district,ndvi,0.380527,0.341537,696.321569,96.956787
01702,district,ndvi,0.271960,0.232642,308.905882,100.907136
01703,district,ndvi,0.445002,0.439561,1396.133333,96.577576
01704,district,ndvi,0.356126,0.291043,1155.215686,106.116243
01705,district,ndvi,0.252042,0.197758,1534.458824,97.644478
01706,district,ndvi,0.546692,0.660470,6124.992157,97.095480
01707,district,ndvi,0.427808,0.384347,1110.062745,102.547646
01708,district,ndvi,0.333593,0.280008,677.501961,101.641694
01709,district,ndvi,0.451113,0.455506,568.564706,100.870255
01710,district,ndvi,0.441581,0.416230,1362.949020,101.534409
01711,district,ndvi,0.395776,0.369126,1200.117647,97.182453
01712,district,ndvi,0.284313,0.201325,1736.949020,105.492689
01713,district,ndvi,0.442622,0.423771,707.498039,102.416480
01714,district,ndvi,0.414544,0.396402,1955.211765,95.886919
01715,district,ndvi,0.344016,0.303182,681.015686,99.467756
01716,district,ndvi,0.400522,0.369626,796.125490,110.449762
01717,district,ndvi,0.486333,0.466934,980.180392,98.220576
01718,district,ndvi,0.370037,0.338355,682.094118,107.958197
01719,district,ndvi,0.294129,0.240078,4196.552941,107.876228
01720,district,ndvi,0.322519,0.271117,528.811765,107.419208
01721,district,ndvi,0.455316,0.431589,706.498039,101.111469
01722,district,ndvi,0.378262,0.332991,717.505882,103.960659
01723,district,ndvi,0.378363,0.346148,662.443137,109.400342
01724,district,ndvi,0.296743,0.251705,453.419608,102.630226
01725,district,ndvi,0.422791,0.388902,1262.623529,98.591377
01726,district,ndvi,0.335388,0.295432,568.043137,99.174586
01727,district,ndvi,0.433092,0.411165,514.576471,97.872974
01728,district,ndvi,0.384487,0.349670,1375.525490,99.758099
01729,district,ndvi,0.434550,0.419906,770.941176,99.691749
01730,district,ndvi,0.438213,0.447868,864.521569,99.085143
01731,district,ndvi,0.313696,0.263760,1376.564706,98.579863
02101,district,ndvi,0.480134,0.509717,7256.172549,104.828925
02102,district,ndvi,0.405186,0.361201,1686.341176,100.326020
02103,district,ndvi,0.390147,0.353618,3244.752941,105.899149
02104,district,ndvi,0.372440,0.329889,1146.023529,109.438570
02105,district,ndvi,0.429043,0.400919,640.890196,107.036524
02106,district,ndvi,0.347732,0.310779,611.094118,108.559254
02107,district,ndvi,0.376191,0.306214,1859.807843,97.500119
02108,district,ndvi,0.343697,0.287182,1327.521569,99.016519
02109,district,ndvi,0.410871,0.396421,1260.862745,101.974652
02110,district,ndvi,0.260629,0.213025,2808.768627,94.802621
02111,district,ndvi,0.474235,0.465700,488.415686,96.628121
02112,district,ndvi,0.385250,0.372954,1275.886275,93.781083
02113,district,ndvi,0.480218,0.486018,1166.160784,92.881609
02114,district,ndvi,0.463228,0.466718,2360.674510,97.772558
02115,district,ndvi,0.455846,0.463046,626.360784,98.322955
02116,district,ndvi,0.330357,0.282926,1859.760784,97.257265
02117,district,ndvi,0.525679,0.556659,1012.180392,97.944042
02118,district,ndvi,0.344107,0.291141,1574.262745,97.234757
02119,district,ndvi,0.414790,0.401282,1213.039216,102.009401
02120,district,ndvi,0.401796,0.367499,429.658824,98.215848
02121,district,ndvi,0.427489,0.424559,668.364706,100.251530
02122,district,ndvi,0.418191,0.373391,1076.517647,97.762655
02123,district,ndvi,0.316365,0.259525,802.811765,97.008876
02124,district,ndvi,0.361467,0.317384,780.062745,95.496395
02125,district,ndvi,0.536133,0.583686,1486.584314,99.310653
02126,district,ndvi,0.270991,0.213312,1179.662745,101.228663
02127,district,ndvi,0.379537,0.337297,893.486275,96.791361
02128,district,ndvi,0.396346,0.338228,462.568627,100.657522
02129,district,ndvi,0.311621,0.252212,1969.211765,99.919741
02130,district,ndvi,0.389608,0.345322,595.541176,100.459184
02131,district,ndvi,0.284842,0.232322,882.298039,94.823153
02132,district,ndvi,0.283929,0.220828,646.247059,92.694356
02133,district,ndvi,0.397052,0.364702,2020.141176,91.329738
02201,district,ndvi,0.293612,0.271111,487.882353,109.527506
02202,district,ndvi,0.246671,0.181838,526.854902,102.950494
02203,district,ndvi,0.566842,0.638487,2443.537255,102.987305
02204,district,ndvi,0.327945,0.287380,894.623529,109.110047
02205,district,ndvi,0.259787,0.190084,733.541176,103.916312
02206,district,ndvi,0.312014,0.275133,746.576471,105.389916
02207,district,ndvi,0.299499,0.247905,1674.796078,102.429154
02208,district,ndvi,0.436273,0.435694,2733.411765,101.283810
02209,district,ndvi,0.291778,0.232524,973.850980,100.937652
02210,district,ndvi,0.354053,0.306601,1110.419608,100.240492
02211,district,ndvi,0.284424,0.236346,732.650980,93.945388
02212,district,ndvi,0.269075,0.208654,727.411765,92.750315
02213,district,ndvi,0.247116,0.196807,464.450980,88.751467
02214,district,ndvi,0.267039,0.196934,481.752941,91.582806
02215,district,ndvi,0.276377,0.209234,622.368627,96.458596
02216,district,ndvi,0.231264,0.169894,511.101961,102.737599
02217,district,ndvi,0.251648,0.185434,601.647059,98.308591
02218,district,ndvi,0.410019,0.384011,1151.333333,95.783368
02219,district,ndvi,0.559227,0.622194,2367.819608,101.109700
02220,district,ndvi,0.393407,0.353510,609.725490,96.272138
02221,district,ndvi,0.281595,0.216933,508.145098,96.406160
02222,district,ndvi,0.453553,0.446396,1030.690196,91.433880
02223,district,ndvi,0.372953,0.322187,1099.196078,92.219201
02224,district,ndvi,0.563078,0.693420,4696.000000,94.163127
02225,district,ndvi,0.342909,0.283341,555.976471,88.823176
02226,district,ndvi,0.440056,0.427829,3322.133333,96.112587
02227,district,ndvi,0.496525,0.482084,728.745098,96.431217
02228,district,ndvi,0.372304,0.325540,812.325490,92.718243
02229,district,ndvi,0.398814,0.365375,1001.635294,96.479678
02230,district,ndvi,0.341480,0.303095,469.545098,100.394909
02231,district,ndvi,0.320537,0.263832,608.796078,100.649588
02232,district,ndvi,0.422396,0.395749,533.909804,105.949173
02233,district,ndvi,0.315548,0.290957,1323.058824,109.044125
02234,district,ndvi,0.252788,0.205221,700.231373,105.019361
02301,district,ndvi,0.351692,0.306278,596.886275,97.502891
02302,district,ndvi,0.438691,0.435291,1080.074510,92.821886
02303,district,ndvi,0.374095,0.317876,645.392157,95.552866
02304,district,ndvi,0.413049,0.377499,782.180392,101.854820
02305,district,ndvi,0.277180,0.220672,598.788235,100.665219
02306,district,ndvi,0.302279,0.259791,783.913725,100.028450
02307,district,ndvi,0.330356,0.306899,1018.898039,100.984589
02308,district,ndvi,0.428062,0.427457,759.341176,103.669125
02309,district,ndvi,0.410096,0.407357,1138.580392,101.196784
02310,district,ndvi,0.335211,0.295903,761.164706,96.358099
02311,district,ndvi,0.349064,0.310539,653.427451,91.440033
02312,district,ndvi,0.543298,0.575518,2619.631373,90.944390
02313,district,ndvi,0.382449,0.361821,641.168627,93.038704
02314,district,ndvi,0.404040,0.392073,853.321569,96.674766
02315,district,ndvi,0.534438,0.583633,1509.843137,95.986317
02316,district,ndvi,0.351003,0.318723,517.541176,89.614694
02317,district,ndvi,0.380508,0.349604,753.494118,93.603921
02318,district,ndvi,0.385004,0.348570,611.074510,95.350986
02319,district,ndvi,0.346306,0.318310,721.039216,96.022837
02320,district,ndvi,0.330938,0.271631,2088.082353,96.094200
02321,district,ndvi,0.062506,0.043176,4731.976471,95.947742
02322,district,ndvi,0.269262,0.181630,2520.031373,101.625059
02323,district,ndvi,0.285159,0.236406,1324.701961,99.685905
02324,district,ndvi,0.266229,0.223694,506.474510,96.544208
02325,district,ndvi,0.426844,0.399522,828.580392,98.232488
02326,district,ndvi,0.353095,0.307217,408.623529,95.933090
02327,district,ndvi,0.394941,0.364670,576.317647,99.430590
02328,district,ndvi,0.320264,0.286832,429.117647,102.152844
02329,district,ndvi,0.290995,0.267688,2129.294118,99.646457
02330,district,ndvi,0.311634,0.263447,4131.415686,97.262872
02331,district,ndvi,0.420194,0.423683,701.149020,97.354309
02332,district,ndvi,0.262892,0.221449,426.019608,93.770396
02333,district,ndvi,0.346623,0.326102,1004.709804,103.001393
02334,district,ndvi,0.469881,0.452570,795.078431,99.762297
02335,district,ndvi,0.478511,0.459208,831.980392,97.635993
02336,district,ndvi,0.164558,0.011627,8494.611765,98.832816
02401,district,ndvi,0.411959,0.392455,859.400000,97.363774
02402,district,ndvi,0.487342,0.517888,823.011765,99.941039
02403,district,ndvi,0.438526,0.399980,441.796078,97.127634
02404,district,ndvi,0.400179,0.392706,727.533333,102.840121
02405,district,ndvi,0.474087,0.474106,606.462745,99.585756
02406,district,ndvi,0.415083,0.388670,1150.250980,97.418633
02407,district,ndvi,0.616831,0.716921,7555.658824,87.144683
02408,district,ndvi,0.280544,0.236093,1004.901961,91.516437
02409,district,ndvi,0.418890,0.388596,786.160784,92.540821
02410,district,ndvi,0.350931,0.287439,867.901961,91.713178
02411,district,ndvi,0.639237,0.744135,2623.462745,90.508532
02412,district,ndvi,0.338707,0.282090,440.478431,89.470228
02413,district,ndvi,0.328302,0.282836,648.564706,88.708430
02414,district,ndvi,0.296835,0.244217,400.121569,93.509825
02415,district,ndvi,0.345732,0.322736,661.929412,94.638241
02416,district,ndvi,0.294139,0.241501,567.019608,88.052445
02417,district,ndvi,0.476508,0.482690,1192.250980,93.162244
02418,district,ndvi,0.380695,0.341914,445.094118,91.950678
02419,district,ndvi,0.286261,0.236379,699.509804,91.567058
02420,district,ndvi,0.348372,0.310275,1048.952941,96.618424
02421,district,ndvi,0.307322,0.247916,923.894118,103.930176
02422,district,ndvi,0.509955,0.531958,854.015686,100.474102
02423,district,ndvi,0.537289,0.596201,760.674510,97.719135
02424,district,ndvi,0.402143,0.356945,1006.627451,89.631789
02425,district,ndvi,0.449538,0.427549,1049.494118,93.942564
02426,district,ndvi,0.411731,0.396296,903.949020,94.673836
02427,district,ndvi,0.541748,0.568010,1009.666667,100.221960
02428,district,ndvi,0.385811,0.357718,1098.384314,101.148200
02429,district,ndvi,0.374240,0.310496,729.439216,100.326886
02430,district,ndvi,0.311592,0.259181,630.839216,97.284669
02431,district,ndvi,0.502252,0.529168,909.835294,99.055645
02432,district,ndvi,0.229755,0.146459,3483.007843,93.756163
02433,district,ndvi,0.481674,0.486412,769.149020,89.793105
02434,district,ndvi,0.291083,0.220609,1983.019608,90.605557
02435,district,ndvi,0.205045,0.154300,8444.466667,95.067255
02501,district,ndvi,0.230006,0.193103,477.250980,90.434145
02502,district,ndvi,0.226915,0.169646,513.431373,93.614344
02503,district,ndvi,0.381904,0.325775,593.901961,93.237294
02504,district,ndvi,0.405946,0.369613,754.411765,98.136629
02505,district,ndvi,0.424127,0.376849,943.415686,100.270020
02506,district,ndvi,0.343708,0.299812,752.368627,103.394388
02507,district,ndvi,0.307520,0.263637,507.258824,104.926804
02508,district,ndvi,0.281791,0.244623,339.917647,102.569792
02509,district,ndvi,0.289154,0.244547,425.925490,98.407988
02510,district,ndvi,0.232321,0.197638,584.690196,101.174404
02511,district,ndvi,0.304380,0.271702,480.619608,101.212977
02512,district,ndvi,0.218240,0.209896,319.254902,102.586537
02513,district,ndvi,0.291871,0.259503,584.360784,99.574571
02514,district,ndvi,0.306879,0.272064,445.109804,105.223633
02515,district,ndvi,0.240127,0.197601,700.905882,103.617794
02516,district,ndvi,0.392450,0.384759,1799.921569,101.002161
02517,district,ndvi,0.344969,0.299036,859.062745,101.681176
02518,district,ndvi,0.332806,0.278652,593.498039,98.255785
02519,district,ndvi,0.294643,0.243816,639.000000,98.321274
02520,district,ndvi,0.347301,0.294765,493.941176,100.831329
02521,district,ndvi,0.363315,0.314111,601.164706,97.224388
02522,district,ndvi,0.287652,0.251513,363.788235,96.276114
02523,district,ndvi,0.424844,0.384543,672.047059,99.425338
02524,district,ndvi,0.388854,0.341149,590.360784,100.724402
02525,district,ndvi,0.352210,0.298146,572.129412,95.761750
02526,district,ndvi,0.275860,0.247790,382.035294,95.986276
02527,district,ndvi,0.373783,0.349830,613.070588,101.281860
02528,district,ndvi,0.369566,0.352561,408.082353,99.735338
02529,district,ndvi,0.303478,0.259694,656.345098,100.306815
02530,district,ndvi,0.334140,0.286656,674.878431,102.654782
02531,district,ndvi,0.417554,0.365631,731.419608,104.816178
02532,district,ndvi,0.301926,0.271837,773.549020,104.879466
02533,district,ndvi,0.276563,0.252403,860.600000,104.413865
02534,district,ndvi,0.347936,0.302500,775.576471,102.552156
03101,district,ndvi,0.740313,0.806647,110813.380392,92.898122
03102,district,ndvi,0.672973,0.755704,5918.200000,94.518477
03103,district,ndvi,0.750187,0.814446,12502.388235,97.566515
03104,district,ndvi,0.665548,0.701079,7917.890196,94.602092
03105,district,ndvi,0.641994,0.709004,15384.172549,92.214363
03106,district,ndvi,0.698138,0.783180,6322.003922,91.514797
03107,district,ndvi,0.630467,0.634848,57159.074510,94.064424
03108,district,ndvi,0.513075,0.545518,655.556863,90.339367
03109,district,ndvi,0.551897,0.580488,1227.164706,88.043502
03110,district,ndvi,0.561490,0.595612,4519.600000,91.818191
03111,district,ndvi,0.596430,0.654287,2749.419608,87.865727
03112,district,ndvi,0.537134,0.536841,396.282353,92.776343
03113,district,ndvi,0.727952,0.779543,2796.537255,88.351808
03114,district,ndvi,0.605904,0.650541,2626.529412,90.131598
03115,district,ndvi,0.580093,0.654408,2953.305882,87.183969
03116,district,ndvi,0.623107,0.646700,7820.403922,96.745407
03117,district,ndvi,0.379421,0.338409,629.658824,89.680449
03118,district,ndvi,0.557951,0.568644,4810.027451,90.245434
03119,district,ndvi,0.423934,0.415858,1278.388235,87.870078
03120,district,ndvi,0.557588,0.561131,1457.227451,85.996830
03121,district,ndvi,0.565831,0.576257,6883.286275,88.724960
03122,district,ndvi,0.614370,0.622982,4439.129412,95.372358
03123,district,ndvi,0.558340,0.580297,4703.286275,99.093563
03124,district,ndvi,0.544174,0.552789,2787.474510,90.334181
03125,district,ndvi,0.605732,0.623251,7471.454902,98.024023
03126,district,ndvi,0.473927,0.451375,640.164706,93.971362
03127,district,ndvi,0.522389,0.556972,2320.266667,94.489832
03128,district,ndvi,0.539187,0.556522,7982.196078,97.007424
03129,district,ndvi,0.398530,0.389078,2198.713725,93.210157
03130,district,ndvi,0.427489,0.404021,669.647059,95.274801
03131,district,ndvi,0.548970,0.556654,2776.368627,97.997480
03132,district,ndvi,0.525863,0.505825,6712.647059,98.059608
03133,district,ndvi,0.528620,0.517495,11010.870588,95.278970
03134,district,ndvi,0.464053,0.463167,4240.945098,97.448206
03135,district,ndvi,0.585242,0.591795,5637.356863,94.397851
03136,district,ndvi,0.513571,0.509738,2507.768627,92.410050
03137,district,ndvi,0.547618,0.544759,4089.792157,96.269568
03138,district,ndvi,0.552445,0.576341,5970.196078,93.191559
03139,district,ndvi,0.507474,0.525300,4490.898039,92.269179
03140,district,ndvi,0.551471,0.545040,3639.450980,90.792130
03201,district,ndvi,0.792801,0.853508,31536.082353,89.948422
03202,district,ndvi,0.635982,0.668030,107749.262745,89.671756
03203,district,ndvi,0.600429,0.646265,2325.584314,94.471799
03204,district,ndvi,0.497992,0.513733,1359.486275,96.366958
03205,district,ndvi,0.451318,0.431670,1048.588235,98.871805
03206,district,ndvi,0.420052,0.408033,840.647059,100.080330
03207,district,ndvi,0.622330,0.638684,10956.494118,88.596749
03208,district,ndvi,0.488628,0.498202,1337.929412,96.738882
03209,district,ndvi,0.572545,0.556568,3817.427451,93.353633
03210,district,ndvi,0.641516,0.634684,14612.482353,86.898991
03211,district,ndvi,0.504387,0.502277,1965.905882,89.648558
03212,district,ndvi,0.569689,0.584139,3708.015686,88.362160
03213,district,ndvi,0.595939,0.622949,5273.901961,94.072494
03214,district,ndvi,0.593589,0.615138,4494.976471,86.865828
03215,district,ndvi,0.509444,0.521082,2188.427451,91.514453
03216,district,ndvi,0.555700,0.571907,2757.949020,90.382400
03217,district,ndvi,0.383237,0.400243,4096.043137,93.153764
03218,district,ndvi,0.445794,0.455236,989.003922,90.692763
03219,district,ndvi,0.342308,0.294877,5046.243137,103.091690
03220,district,ndvi,0.483346,0.474717,697.850980,86.700138
03221,district,ndvi,0.544424,0.552899,2031.254902,89.398562
03222,district,ndvi,0.512450,0.513678,2363.788235,92.688128
03223,district,ndvi,0.523734,0.537675,1314.333333,95.536232
03224,district,ndvi,0.514501,0.490708,1075.007843,93.948221
03225,district,ndvi,0.521844,0.533074,2344.129412,95.334461
03226,district,ndvi,0.507051,0.513886,796.039216,103.557170
03227,district,ndvi,0.526209,0.541210,1168.384314,104.249129
03228,district,ndvi,0.550010,0.556601,1332.929412,104.695369
03229,district,ndvi,0.643704,0.674183,4235.396078,92.504815
03230,district,ndvi,0.568657,0.591966,1580.392157,99.806052
03231,district,ndvi,0.483939,0.498140,1756.031373,110.044141
03232,district,ndvi,0.477347,0.498086,1426.137255,108.982082
03233,district,ndvi,0.514778,0.533563,2309.635294,105.516518
03234,district,ndvi,0.596981,0.623104,3104.960784,93.115925
03235,district,ndvi,0.482515,0.470400,753.752941,101.719001
03236,district,ndvi,0.605723,0.618982,5079.745098,102.770276
03237,district,ndvi,0.712308,0.791163,8161.525490,98.052485
03238,district,ndvi,0.567808,0.599880,3886.172549,101.735855
03301,district,ndvi,0.447894,0.455112,3571.721569,93.900991
03302,district,ndvi,0.370679,0.392442,5522.666667,95.207595
03303,district,ndvi,0.367282,0.385239,2490.274510,96.976870
03304,district,ndvi,0.529819,0.560456,3105.403922,91.758847
03305,district,ndvi,0.594118,0.599408,1528.043137,97.536344
03306,district,ndvi,0.504708,0.513678,629.615686,92.542559
03307,district,ndvi,0.509603,0.521374,1119.156863,98.277797
03308,district,ndvi,0.450222,0.435453,1437.647059,90.312861
03309,district,ndvi,0.482323,0.489779,1365.070588,96.728032
03310,district,ndvi,0.545942,0.561079,1116.200000,96.213568
03311,district,ndvi,0.609556,0.682294,2377.349020,95.761197
03312,district,ndvi,0.480407,0.467331,601.819608,96.682610
03313,district,ndvi,0.530288,0.549172,893.545098,95.401147
03314,district,ndvi,0.606501,0.654484,2905.070588,103.199662
03315,district,ndvi,0.722021,0.810806,2470.439216,97.485693
03316,district,ndvi,0.544455,0.572496,2351.498039,104.598112
03317,district,ndvi,0.465225,0.423712,947.121569,93.674046
03318,district,ndvi,0.591467,0.668285,2551.125490,95.937346
03319,district,ndvi,0.353268,0.314969,487.635294,99.704062
03320,district,ndvi,0.552148,0.599516,6132.270588,95.795447
03321,district,ndvi,0.435728,0.404347,1016.403922,99.323686
03322,district,ndvi,0.593474,0.619073,2536.274510,96.722508
03323,district,ndvi,0.357044,0.306888,406.352941,97.785582
03324,district,ndvi,0.549754,0.581184,825.847059,97.991624
03325,district,ndvi,0.494730,0.470518,571.356863,98.743788
03326,district,ndvi,0.663650,0.728502,4865.054902,93.098829
03327,district,ndvi,0.473351,0.477919,1041.313725,97.809004
03328,district,ndvi,0.455956,0.431535,793.011765,93.021838
03329,district,ndvi,0.427319,0.412099,1364.843137,96.153964
03330,district,ndvi,0.375410,0.337605,1836.949020,100.752204
03331,district,ndvi,0.419607,0.388300,1280.811765,94.665938
03332,district,ndvi,0.457665,0.451492,1356.156863,89.833781
03333,district,ndvi,0.403753,0.372654,826.239216,89.898520
03334,district,ndvi,0.384632,0.353739,924.074510,89.876111
03335,district,ndvi,0.371528,0.337498,568.254902,88.302364
03336,district,ndvi,0.379951,0.348869,360.482353,89.656125
03337,district,ndvi,0.511232,0.500480,625.619608,86.121348
03338,district,ndvi,0.412552,0.400760,640.478431,85.604983
03339,district,ndvi,0.466054,0.455254,750.109804,88.721541
03340,district,ndvi,0.569217,0.611057,1781.094118,90.064950
03401,district,ndvi,0.638288,0.650659,5999.141176,98.885209
03402,district,ndvi,0.596219,0.615258,8778.435294,98.175778
03403,district,ndvi,0.549305,0.517717,30904.396078,94.128993
03404,district,ndvi,0.552267,0.572108,6532.588235,93.809555
03405,district,ndvi,0.557999,0.591745,6196.164706,95.188763
03406,district,ndvi,0.568394,0.572237,4068.537255,97.034130
03407,district,ndvi,0.606711,0.619107,36176.639216,90.155780
03408,district,ndvi,0.577751,0.619057,11549.654902,99.158424
03409,district,ndvi,0.586994,0.619125,15514.811765,94.347727
03410,district,ndvi,0.399184,0.388782,7335.854902,102.688290
03411,district,ndvi,0.505710,0.506100,1600.192157,94.287120
03412,district,ndvi,0.474995,0.482070,8923.290196,94.986947
03413,district,ndvi,0.495162,0.505425,1789.662745,98.774347
03414,district,ndvi,0.445908,0.419752,647.972549,98.370471
03415,district,ndvi,0.644026,0.724750,4191.450980,94.946313
03416,district,ndvi,0.370871,0.318360,1586.905882,95.955474
03417,district,ndvi,0.538308,0.552535,3682.384314,101.811089
03418,district,ndvi,0.564676,0.583929,1342.650980,96.215885
03419,district,ndvi,0.596028,0.638654,2329.764706,95.294354
03420,district,ndvi,0.464275,0.450885,932.333333,106.155141
03421,district,ndvi,0.482495,0.462895,814.831373,96.654725
03422,district,ndvi,0.425387,0.431216,1261.105882,96.601181
03423,district,ndvi,0.373214,0.321842,865.007843,98.632092
03424,district,ndvi,0.521734,0.517289,914.984314,92.861221
03425,district,ndvi,0.665399,0.728659,7833.309804,95.439816
03426,district,ndvi,0.456522,0.459363,2416.905882,98.722364
03427,district,ndvi,0.433509,0.411304,689.337255,94.073620
03428,district,ndvi,0.490884,0.501923,1444.572549,94.521905
03429,district,ndvi,0.492652,0.501998,1035.709804,97.318948
03430,district,ndvi,0.587773,0.653993,2244.674510,93.518003
03431,district,ndvi,0.439569,0.443980,988.168627,102.765000
03432,district,ndvi,0.515113,0.560774,1180.811765,96.483496
03433,district,ndvi,0.622217,0.700935,1812.196078,96.839772
03501,district,ndvi,0.531711,0.591953,11073.686275,101.242550
03502,district,ndvi,0.400359,0.404526,1500.454902,104.875484
03503,district,ndvi,0.436229,0.404193,1212.149020,100.417867
03504,district,ndvi,0.487867,0.517401,3197.984314,101.208032
03505,district,ndvi,0.517124,0.532946,3498.137255,100.691148
03506,district,ndvi,0.535832,0.533480,803.227451,97.884534
03507,district,ndvi,0.539125,0.525753,845.741176,98.464709
03508,district,ndvi,0.516990,0.521064,1484.364706,99.766698
03509,district,ndvi,0.501498,0.580260,9119.549020,97.060818
03510,district,ndvi,0.449949,0.423525,715.152941,98.400035
03511,district,ndvi,0.470559,0.471106,666.913725,102.554800
03512,district,ndvi,0.397831,0.377142,1921.345098,104.191259
03513,district,ndvi,0.476458,0.459027,935.450980,98.033202
03514,district,ndvi,0.358378,0.310741,1362.078431,95.893914
03515,district,ndvi,0.488883,0.509861,933.266667,95.739691
03516,district,ndvi,0.473961,0.458553,949.517647,94.981712
03517,district,ndvi,0.449466,0.431532,1630.439216,100.349962
03518,district,ndvi,0.387839,0.349927,756.239216,96.868052
03519,district,ndvi,0.485135,0.497382,1284.203922,95.112620
03520,district,ndvi,0.468538,0.454184,631.654902,98.222354
03521,district,ndvi,0.408764,0.380692,565.211765,97.482602
03522,district,ndvi,0.389351,0.353593,827.058824,98.079535
03523,district,ndvi,0.579465,0.587167,899.643137,91.319687
03524,district,ndvi,0.517013,0.544013,1259.815686,95.881981
03525,district,ndvi,0.453908,0.415308,703.129412,93.918906
03526,district,ndvi,0.497054,0.513659,698.317647,96.544541
03527,district,ndvi,0.507081,0.509042,658.866667,94.182464
03528,district,ndvi,0.324143,0.294278,563.701961,102.007764
03529,district,ndvi,0.422114,0.389581,556.678431,96.020690
03530,district,ndvi,0.458128,0.447450,1348.400000,94.658695
03531,district,ndvi,0.425621,0.431728,723.372549,95.658528
03532,district,ndvi,0.286359,0.244692,455.552941,96.215864
03533,district,ndvi,0.418792,0.393291,662.007843,92.324319
03534,district,ndvi,0.375281,0.365910,624.568627,96.882429
03601,district,ndvi,0.556355,0.623152,3490.560784,93.142913
03602,district,ndvi,0.478650,0.482146,1478.211765,99.179655
03603,district,ndvi,0.345580,0.318746,634.019608,101.117136
03604,district,ndvi,0.324141,0.267520,493.768627,102.229170
03605,district,ndvi,0.415251,0.393004,803.756863,99.425351
03606,district,ndvi,0.314182,0.256199,419.176471,99.094415
03607,district,ndvi,0.232561,0.205972,364.784314,92.581337
03608,district,ndvi,0.261188,0.216623,426.129412,97.725113
03609,district,ndvi,0.299895,0.239419,398.254902,98.118744
03610,district,ndvi,0.244928,0.201454,661.800000,94.292026
03611,district,ndvi,0.300295,0.240412,421.854902,96.802395
03612,district,ndvi,0.400184,0.357215,1181.247059,97.919972
03613,district,ndvi,0.287700,0.248759,431.286275,99.769045
03614,district,ndvi,0.461644,0.462781,5220.427451,97.167003
03615,district,ndvi,0.252808,0.204838,581.549020,98.031174
03616,district,ndvi,0.300395,0.263095,632.901961,97.672917
03617,district,ndvi,0.383323,0.338307,613.988235,95.826234
03618,district,ndvi,0.238206,0.197447,596.247059,99.668567
03619,district,ndvi,0.268807,0.232561,291.458824,100.355130
03620,district,ndvi,0.267146,0.247414,291.168627,99.210187
03621,district,ndvi,0.360290,0.321522,518.250980,93.343296
03622,district,ndvi,0.299048,0.236882,507.066667,98.839569
03623,district,ndvi,0.299463,0.255999,392.482353,100.487965
03624,district,ndvi,0.398076,0.357529,705.349020,95.343482
03625,district,ndvi,0.307161,0.263830,447.086275,100.046155
03626,district,ndvi,0.327228,0.290945,297.615686,97.217994
03627,district,ndvi,0.400922,0.369806,502.807843,92.971267
03628,district,ndvi,0.300283,0.271277,429.968627,88.913363
03629,district,ndvi,0.255710,0.205646,783.011765,97.348849
03630,district,ndvi,0.285902,0.213017,487.878431,100.511233
03631,district,ndvi,0.270274,0.248557,386.949020,90.083479
03632,district,ndvi,0.255947,0.224943,430.129412,101.068042
03633,district,ndvi,0.271840,0.220324,396.168627,95.834513
03634,district,ndvi,0.241688,0.209045,576.372549,88.747494
03635,district,ndvi,0.254757,0.225756,381.705882,91.916217
03701,district,ndvi,0.261925,0.192732,367.831373,99.331727
03702,district,ndvi,0.387142,0.373444,674.270588,98.689896
03703,district,ndvi,0.334565,0.306388,855.019608,96.951007
03704,district,ndvi,0.296667,0.264159,875.145098,99.762522
03705,district,ndvi,0.384515,0.357315,999.337255,97.748837
03706,district,ndvi,0.480723,0.479267,895.419608,98.688200
03707,district,ndvi,0.391071,0.388499,906.239216,94.841253
03708,district,ndvi,0.316322,0.290746,740.094118,98.303809
03709,district,ndvi,0.402625,0.377196,492.133333,98.765216
03710,district,ndvi,0.285610,0.244207,291.372549,96.728896
03711,district,ndvi,0.403444,0.376597,665.498039,90.636887
03712,district,ndvi,0.369934,0.326397,646.662745,96.219674
03713,district,ndvi,0.264134,0.235360,337.462745,96.490221
03714,district,ndvi,0.325345,0.282545,564.156863,96.034283
03715,district,ndvi,0.425815,0.387966,1473.886275,97.683156
03716,district,ndvi,0.356135,0.314541,852.086275,96.093708
03717,district,ndvi,0.473939,0.447210,894.270588,95.044163
03718,district,ndvi,0.276447,0.232907,683.909804,97.436521
03719,district,ndvi,0.293998,0.256445,2021.545098,96.243941
03720,district,ndvi,0.349236,0.310648,730.717647,99.502600
03721,district,ndvi,0.362439,0.330107,554.454902,99.281273
03722,district,ndvi,0.335911,0.306492,641.152941,96.061825
03723,district,ndvi,0.485155,0.454719,598.737255,97.198110
03724,district,ndvi,0.391126,0.374233,1382.650980,93.521899
03725,district,ndvi,0.348615,0.318483,545.431373,98.277902
03726,district,ndvi,0.485599,0.490524,891.035294,95.304603
03727,district,ndvi,0.487695,0.462033,912.231373,92.633706
03728,district,ndvi,0.371883,0.326242,867.619608,95.633069
03729,district,ndvi,0.298566,0.256085,463.027451,94.087193
03730,district,ndvi,0.359853,0.307035,975.643137,96.514826
03731,district,ndvi,0.475208,0.478452,992.819608,96.694745
03732,district,ndvi,0.339864,0.306265,823.407843,91.050631
03733,district,ndvi,0.372161,0.330325,588.937255,96.835510
03734,district,ndvi,0.275597,0.223945,394.690196,95.354202
03801,district,ndvi,0.502938,0.513826,1862.054902,91.958079
03802,district,ndvi,0.493597,0.505715,2637.223529,94.969161
03803,district,ndvi,0.304007,0.243538,1008.411765,92.191849
03804,district,ndvi,0.205682,0.154069,879.129412,95.728091
03805,district,ndvi,0.346600,0.317483,589.541176,88.164056
03806,district,ndvi,0.232097,0.201771,316.521569,88.372703
03807,district,ndvi,0.438666,0.400672,603.509804,92.028773
03808,district,ndvi,0.314212,0.267159,542.529412,93.518609
03809,district,ndvi,0.348187,0.282143,487.945098,94.534977
03810,district,ndvi,0.332328,0.306358,478.141176,90.627832
03811,district,ndvi,0.328073,0.286888,685.815686,93.337042
03812,district,ndvi,0.255451,0.224241,377.858824,94.673755
03813,district,ndvi,0.303847,0.271673,454.027451,91.044059
03814,district,ndvi,0.394909,0.349538,989.466667,93.964532
03815,district,ndvi,0.306247,0.259189,365.717647,91.579210
03816,district,ndvi,0.344689,0.310765,550.133333,93.581684
03817,district,ndvi,0.311867,0.271136,608.537255,91.762117
03818,district,ndvi,0.554788,0.582787,1350.717647,91.744162
03819,district,ndvi,0.314984,0.283809,512.403922,93.772851
03820,district,ndvi,0.277158,0.247702,542.349020,91.691111
03821,district,ndvi,0.256165,0.220985,543.694118,93.104810
03822,district,ndvi,0.437745,0.427662,904.227451,90.618454
03823,district,ndvi,0.344700,0.291160,949.913725,92.642655
03824,district,ndvi,0.213522,0.185443,627.537255,93.252740
03825,district,ndvi,0.545397,0.623135,1395.301961,86.687287
03826,district,ndvi,0.320929,0.271432,988.588235,91.592840
03827,district,ndvi,0.285476,0.232008,559.266667,89.840996
03828,district,ndvi,0.273801,0.223695,480.019608,89.392729
03829,district,ndvi,0.255393,0.201567,1152.054902,90.508564
03830,district,ndvi,0.239354,0.192850,363.549020,90.339291
03831,district,ndvi,0.201710,0.157997,698.258824,92.778957
03832,district,ndvi,0.552972,0.587826,1099.133333,91.976420
03901,district,ndvi,0.359986,0.322893,699.552941,92.334124
03902,district,ndvi,0.340683,0.306342,1076.090196,92.825498
03903,district,ndvi,0.406954,0.375586,451.352941,90.817577
03904,district,ndvi,0.436067,0.412347,867.584314,86.905241
03905,district,ndvi,0.567201,0.580057,849.121569,92.482889
03906,district,ndvi,0.700045,0.841902,5837.309804,84.957654
03907,district,ndvi,0.421653,0.393102,603.274510,97.838782
03908,district,ndvi,0.467028,0.462238,517.094118,90.865447
03909,district,ndvi,0.541535,0.568656,976.349020,98.438854
03910,district,ndvi,0.621993,0.658399,1060.019608,95.047391
03911,district,ndvi,0.431335,0.423832,753.737255,96.900720
03912,district,ndvi,0.442559,0.431710,1621.352941,95.521939
03913,district,ndvi,0.539856,0.556240,794.678431,96.546952
03914,district,ndvi,0.545397,0.599993,1753.533333,92.391666
03915,district,ndvi,0.522029,0.521192,406.486275,97.892344
03916,district,ndvi,0.642224,0.673858,7693.803922,84.293904
03917,district,ndvi,0.481624,0.475277,2688.588235,91.960656
03918,district,ndvi,0.547882,0.580510,809.333333,89.551270
03919,district,ndvi,0.355307,0.314231,3231.839216,89.146108
03920,district,ndvi,0.350031,0.306962,443.607843,86.297640
03921,district,ndvi,0.329296,0.290957,4856.474510,91.935246
03922,district,ndvi,0.306284,0.271994,426.372549,86.906645
03923,district,ndvi,0.305896,0.247930,386.313725,91.880246
03924,district,ndvi,0.476850,0.458454,751.164706,91.726751
03925,district,ndvi,0.258068,0.228164,410.243137,90.697329
03926,district,ndvi,0.341656,0.288509,684.996078,90.441199
03927,district,ndvi,0.280869,0.228414,546.309804,90.126869
03928,district,ndvi,0.459753,0.462971,1383.874510,87.078079
03929,district,ndvi,0.283337,0.244373,437.854902,91.111578
03930,district,ndvi,0.445878,0.424029,743.431373,94.496553
03931,district,ndvi,0.299046,0.247738,464.231373,89.153988
03932,district,ndvi,0.288146,0.259607,793.619608,87.230890
03933,district,ndvi,0.335789,0.283830,353.027451,86.961454
03934,district,ndvi,0.357953,0.315344,364.313725,89.875576
03935,district,ndvi,0.391861,0.365718,783.674510,94.287514
03936,district,ndvi,0.346642,0.294216,567.564706,84.429845
03937,district,ndvi,0.351414,0.310600,434.352941,92.667922
03938,district,ndvi,0.275592,0.255520,1717.360784,96.812519
03939,district,ndvi,0.358970,0.349700,4180.211765,101.908167
04101,district,ndvi,0.747205,0.840117,18316.419608,88.077942
04102,district,ndvi,0.531950,0.541138,1342.733333,91.903296
04103,district,ndvi,0.514957,0.544519,1716.011765,92.486945
04104,district,ndvi,0.602503,0.661686,1461.690196,93.246467
04105,district,ndvi,0.527411,0.552615,1304.705882,91.692798
04106,district,ndvi,0.493883,0.548658,5311.149020,91.186363
04107,district,ndvi,0.478145,0.541047,23120.090196,96.493348
04108,district,ndvi,0.524861,0.541852,646.207843,96.884934
04109,district,ndvi,0.502841,0.520974,1238.568627,95.505219
04110,district,ndvi,0.520251,0.537375,919.047059,92.754191
04111,district,ndvi,0.420419,0.416369,2097.654902,92.987280
04112,district,ndvi,0.321151,0.279211,4698.470588,89.394594
04113,district,ndvi,0.342961,0.274736,705.521569,85.934822
04114,district,ndvi,0.422149,0.435280,6507.705882,90.316458
04115,district,ndvi,0.299401,0.244659,782.780392,90.562600
04116,district,ndvi,0.288800,0.239507,603.180392,87.355976
04117,district,ndvi,0.252768,0.201602,2607.560784,94.611699
04118,district,ndvi,0.344985,0.283243,1098.239216,96.237175
04119,district,ndvi,0.423082,0.388871,1747.078431,89.536438
04201,district,ndvi,0.709187,0.802676,17811.054902,90.945084
04202,district,ndvi,0.568053,0.652387,19413.929412,97.312073
04203,district,ndvi,0.599095,0.730666,5290.960784,95.063950
04204,district,ndvi,0.610051,0.685756,1191.870588,97.436055
04205,district,ndvi,0.615100,0.642444,5058.709804,92.220865
04206,district,ndvi,0.625618,0.642668,13551.529412,84.653857
04207,district,ndvi,0.537398,0.595903,8161.450980,86.632278
04208,district,ndvi,0.575046,0.669569,10068.886275,89.260245
04209,district,ndvi,0.547951,0.572112,1856.729412,91.651424
04210,district,ndvi,0.506388,0.505932,1539.713725,88.855570
04211,district,ndvi,0.574662,0.599652,3112.835294,87.744903
04212,district,ndvi,0.499728,0.513682,1846.058824,94.392444
04213,district,ndvi,0.688398,0.747796,10631.321569,97.114715
04214,district,ndvi,0.496092,0.505917,1941.188235,89.990826
04215,district,ndvi,0.366900,0.338686,905.772549,93.469793
04216,district,ndvi,0.470315,0.470861,1390.780392,94.535738
04217,district,ndvi,0.546367,0.564533,2636.662745,95.250693
04218,district,ndvi,0.393758,0.360726,1260.552941,91.037435
04219,district,ndvi,0.513778,0.541479,2212.129412,91.826509
04220,district,ndvi,0.633653,0.693474,12654.435294,92.412199
04221,district,ndvi,0.272751,0.193415,13849.662745,98.215005
04222,district,ndvi,0.493166,0.529342,6239.650980,93.734623
04223,district,ndvi,0.458262,0.450744,1444.235294,95.109876
04224,district,ndvi,0.581356,0.615066,4685.321569,90.175733
04225,district,ndvi,0.425280,0.408876,3136.623529,93.395675
04226,district,ndvi,0.493222,0.502239,1887.117647,87.356934
04227,district,ndvi,0.246106,0.197514,1618.600000,94.253233
04301,district,ndvi,0.382841,0.365371,1002.560784,88.447306
04302,district,ndvi,0.316754,0.282991,758.572549,86.046072
04303,district,ndvi,0.415336,0.373095,1135.184314,84.853806
04304,district,ndvi,0.302371,0.263759,547.725490,85.483640
04305,district,ndvi,0.460747,0.462517,863.552941,88.798761
04306,district,ndvi,0.411591,0.411187,565.631373,89.628387
04307,district,ndvi,0.396413,0.373744,633.803922,93.224273
04308,district,ndvi,0.504360,0.513706,1428.145098,91.226741
04309,district,ndvi,0.257619,0.205715,986.243137,94.567064
04310,district,ndvi,0.230601,0.193327,1023.611765,94.559955
04311,district,ndvi,0.479679,0.517153,1947.996078,93.309054
04312,district,ndvi,0.330737,0.287147,521.458824,95.033473
04313,district,ndvi,0.318617,0.271474,672.478431,96.259858
04314,district,ndvi,0.305341,0.248694,689.137255,93.843783
04315,district,ndvi,0.295321,0.251928,851.003922,96.281757
04316,district,ndvi,0.313083,0.255769,740.498039,94.259698
04317,district,ndvi,0.472128,0.482469,2002.541176,90.873529
04318,district,ndvi,0.313036,0.243821,536.105882,92.486076
04319,district,ndvi,0.359924,0.303094,1180.972549,95.830372
04320,district,ndvi,0.267621,0.227793,761.027451,90.975214
04321,district,ndvi,0.327480,0.294248,772.905882,95.167121
04322,district,ndvi,0.345755,0.306848,809.211765,94.454376
04323,district,ndvi,0.344067,0.306266,780.725490,97.196569
04324,district,ndvi,0.329349,0.271886,1287.498039,91.258008
04325,district,ndvi,0.351858,0.302616,799.521569,91.061424
04326,district,ndvi,0.382816,0.353051,579.505882,94.036319
04327,district,ndvi,0.336145,0.313896,541.239216,86.765085
04328,district,ndvi,0.314236,0.264201,1018.133333,95.815102
04329,district,ndvi,0.328515,0.289869,771.403922,92.397747
04401,district,ndvi,0.321039,0.251541,979.215686,88.017028
04402,district,ndvi,0.358459,0.333668,1616.368627,95.762561
04403,district,ndvi,0.214231,0.158220,3160.243137,102.675361
04404,district,ndvi,0.313275,0.256249,653.874510,94.483735
04405,district,ndvi,0.237103,0.204775,868.266667,91.891494
04406,district,ndvi,0.233170,0.181495,1118.470588,91.888279
04407,district,ndvi,0.288498,0.259670,932.243137,93.054505
04408,district,ndvi,0.297193,0.244514,932.874510,96.021292
04409,district,ndvi,0.274550,0.212809,1303.878431,98.094415
04410,district,ndvi,0.293164,0.260278,839.298039,90.745170
04411,district,ndvi,0.264677,0.239994,979.815686,92.915859
04412,district,ndvi,0.315057,0.251793,1065.976471,91.636894
04413,district,ndvi,0.292591,0.247420,754.811765,92.327665
04414,district,ndvi,0.329016,0.298165,755.611765,96.348566
04415,district,ndvi,0.263578,0.209529,3178.619608,99.970557
04416,district,ndvi,0.350047,0.306230,1114.968627,90.131705
04417,district,ndvi,0.330950,0.310806,738.839216,95.184784
04418,district,ndvi,0.337205,0.294885,779.643137,94.929128
04419,district,ndvi,0.315266,0.263599,1354.196078,95.675443
04420,district,ndvi,0.289304,0.224889,1379.615686,101.060187
04421,district,ndvi,0.266706,0.185481,1965.937255,104.594859
04422,district,ndvi,0.342092,0.294592,1668.329412,94.247219
04423,district,ndvi,0.257490,0.185454,1763.133333,95.203517
04424,district,ndvi,0.308069,0.267382,938.984314,86.370818
04425,district,ndvi,0.412960,0.407601,719.580392,91.152889
04426,district,ndvi,0.272721,0.232182,482.247059,91.837525
04427,district,ndvi,0.314741,0.283993,1139.301961,95.887516
04428,district,ndvi,0.388803,0.365159,982.035294,92.773859
04429,district,ndvi,0.309711,0.260023,8785.490196,98.492519
04501,district,ndvi,0.734333,0.816436,193732.039216,91.330936
04502,district,ndvi,0.621210,0.650402,5064.400000,90.758050
04503,district,ndvi,0.565192,0.607318,5377.760784,97.021701
04504,district,ndvi,0.357076,0.306603,2879.619608,93.587574
04505,district,ndvi,0.356426,0.334574,667.682353,90.748953
04506,district,ndvi,0.348237,0.310736,808.054902,91.513205
04507,district,ndvi,0.346283,0.326241,1064.588235,89.700847
04508,district,ndvi,0.318198,0.271425,582.509804,88.301811
04509,district,ndvi,0.343013,0.298592,808.694118,89.144217
04510,district,ndvi,0.336142,0.311377,953.278431,88.777367
04511,district,ndvi,0.444628,0.438969,1529.149020,90.983069
04512,district,ndvi,0.416510,0.412356,2414.992157,86.803502
04513,district,ndvi,0.327237,0.291927,496.443137,84.854866
04514,district,ndvi,0.411437,0.380934,511.517647,87.846133
04515,district,ndvi,0.509432,0.506516,555.172549,89.059639
04516,district,ndvi,0.505578,0.541115,1703.701961,88.728649
04517,district,ndvi,0.323578,0.286718,3230.588235,89.840398
04518,district,ndvi,0.347318,0.326102,1973.447059,89.523100
04519,district,ndvi,0.460500,0.470654,1091.545098,91.776291
04520,district,ndvi,0.579515,0.603712,3893.635294,93.596283
04521,district,ndvi,0.617273,0.642806,4162.329412,98.177803
04522,district,ndvi,0.633216,0.665873,4983.850980,88.563675
04523,district,ndvi,0.546743,0.568167,1783.964706,95.306847
04524,district,ndvi,0.618457,0.661797,6867.921569,91.492185
04525,district,ndvi,0.634315,0.673764,5218.886275,93.641561
04526,district,ndvi,0.539488,0.580086,1727.400000,93.832102
04527,district,ndvi,0.338164,0.302762,720.956863,87.092481
04528,district,ndvi,0.327577,0.272087,500.819608,90.603959
04601,district,ndvi,0.405062,0.372647,1022.286275,94.276566
04602,district,ndvi,0.368859,0.333317,857.454902,98.173857
04603,district,ndvi,0.426374,0.412198,1712.015686,102.524271
04604,district,ndvi,0.448295,0.454772,1370.894118,102.009855
04605,district,ndvi,0.451475,0.451011,687.486275,95.913906
04606,district,ndvi,0.425399,0.427370,1196.988235,98.098607
04607,district,ndvi,0.405695,0.379956,1182.450980,94.895806
04608,district,ndvi,0.367950,0.341811,873.047059,88.810692
04609,district,ndvi,0.468778,0.459091,1267.035294,87.744588
04610,district,ndvi,0.335548,0.287963,582.184314,90.717986
04611,district,ndvi,0.375104,0.334143,1178.788235,94.810347
04612,district,ndvi,0.470387,0.474878,822.807843,97.938823
04613,district,ndvi,0.392081,0.370135,761.168627,100.014189
04614,district,ndvi,0.346030,0.322080,808.752941,100.283521
04615,district,ndvi,0.396544,0.373245,716.066667,94.952277
04616,district,ndvi,0.359854,0.326513,530.509804,94.093251
04617,district,ndvi,0.313436,0.278921,753.600000,92.682720
04618,district,ndvi,0.352799,0.314316,787.184314,91.797815
04619,district,ndvi,0.306660,0.259924,1013.403922,92.087153
04620,district,ndvi,0.352421,0.298528,1275.180392,96.244290
04621,district,ndvi,0.534271,0.584327,2063.870588,106.254452
04622,district,ndvi,0.386462,0.356702,953.305882,106.476591
04623,district,ndvi,0.505701,0.513243,2294.823529,93.438826
04624,district,ndvi,0.371002,0.342525,928.235294,98.045205
04625,district,ndvi,0.368020,0.334359,1031.458824,100.235592
04626,district,ndvi,0.310076,0.274773,924.850980,101.227789
04627,district,ndvi,0.410741,0.357039,1652.635294,106.431845
04701,district,ndvi,0.384044,0.369075,1309.482353,92.009371
04702,district,ndvi,0.517434,0.571980,4089.607843,88.325820
04703,district,ndvi,0.240522,0.205075,1162.458824,95.091061
04704,district,ndvi,0.522382,0.552904,2505.431373,95.158022
04705,district,ndvi,0.300720,0.252080,531.843137,94.256739
04706,district,ndvi,0.380871,0.345545,599.101961,96.400043
04707,district,ndvi,0.359533,0.321965,852.898039,97.408513
04708,district,ndvi,0.365075,0.349611,3004.952941,100.369346
04709,district,ndvi,0.381264,0.357319,1362.549020,99.391541
04710,district,ndvi,0.478746,0.485435,945.372549,107.267752
04711,district,ndvi,0.469037,0.447262,1135.823529,102.410120
04712,district,ndvi,0.464432,0.463541,991.627451,107.969739
04713,district,ndvi,0.542200,0.572118,2649.466667,107.254894
04714,district,ndvi,0.460408,0.450233,666.470588,108.299565
04715,district,ndvi,0.482241,0.506289,2153.776471,105.928230
04716,district,ndvi,0.486855,0.501826,938.584314,108.958837
04717,district,ndvi,0.470427,0.483694,732.192157,107.433434
04718,district,ndvi,0.550184,0.568227,1778.223529,92.301874
04719,district,ndvi,0.487794,0.504355,5867.627451,94.341915
04720,district,ndvi,0.532989,0.552424,1785.223529,93.434126
04721,district,ndvi,0.499022,0.517179,2161.992157,93.325827
04722,district,ndvi,0.487151,0.489884,1513.741176,94.499220
04723,district,ndvi,0.503774,0.595672,4072.819608,94.816373
04724,district,ndvi,0.478903,0.474813,1558.235294,97.227475
04725,district,ndvi,0.411656,0.427906,2008.384314,95.212697
04726,district,ndvi,0.572052,0.646720,1677.439216,104.603555
04727,district,ndvi,0.561703,0.591830,2470.235294,97.932181
04801,district,ndvi,0.365087,0.305568,745.772549,91.117609
04802,district,ndvi,0.369331,0.342163,1110.701961,89.527736
04803,district,ndvi,0.406584,0.376630,809.654902,93.701698
04804,district,ndvi,0.341888,0.290623,2006.870588,94.615269
04805,district,ndvi,0.385524,0.341996,1938.098039,91.774246
04806,district,ndvi,0.336466,0.310826,1459.705882,95.661146
04807,district,ndvi,0.312223,0.240299,2655.917647,94.489706
05101,district,ndvi,0.762364,0.798834,65142.141176,84.602081
05102,district,ndvi,0.515309,0.597908,10632.364706,83.489833
05103,district,ndvi,0.720976,0.806676,8777.847059,81.462069
05104,district,ndvi,0.460205,0.535160,12746.690196,92.092486
05105,district,ndvi,0.756954,0.787100,78823.360784,83.939968
05106,district,ndvi,0.554483,0.580092,6855.780392,89.764693
05107,district,ndvi,0.662907,0.799012,2156.815686,79.347724
05108,district,ndvi,0.432240,0.419277,681.890196,86.370372
05109,district,ndvi,0.223596,0.167658,2970.062745,91.894636
05110,district,ndvi,0.452285,0.443298,1018.462745,87.797831
05111,district,ndvi,0.554631,0.560866,1207.517647,82.371525
05112,district,ndvi,0.463361,0.458972,1143.878431,87.441498
05113,district,ndvi,0.594622,0.619024,3782.192157,82.429043
05114,district,ndvi,0.365350,0.335162,572.490196,88.870404
05115,district,ndvi,0.410499,0.388123,1068.482353,93.087256
05116,district,ndvi,0.471277,0.463144,666.192157,93.243656
05117,district,ndvi,0.552202,0.579943,1112.529412,92.883745
05118,district,ndvi,0.402768,0.373449,1218.960784,89.378957
05119,district,ndvi,0.460136,0.451480,1031.505882,87.119825
05120,district,ndvi,0.318212,0.334110,1275.639216,91.889879
05121,district,ndvi,0.231080,0.238971,938.623529,91.346941
05122,district,ndvi,0.474528,0.485979,1267.788235,91.136866
05123,district,ndvi,0.499479,0.505923,1413.152941,90.771897
05124,district,ndvi,0.485502,0.478554,1911.133333,92.178196
05125,district,ndvi,0.548988,0.576487,1292.576471,91.899808
05126,district,ndvi,0.497614,0.518633,1231.247059,92.251643
05127,district,ndvi,0.537570,0.560133,917.584314,89.583078
05128,district,ndvi,0.699366,0.779357,7055.643137,79.207118
05129,district,ndvi,0.705252,0.783270,9399.462745,85.018716
05130,district,ndvi,0.589939,0.603211,3852.576471,78.990265
05131,district,ndvi,0.298078,0.206911,4239.129412,97.278314
05132,district,ndvi,0.362717,0.322164,4570.631373,93.135177
05133,district,ndvi,0.375803,0.342225,876.149020,89.180464
05134,district,ndvi,0.406076,0.372959,1190.462745,95.632063
05135,district,ndvi,0.418187,0.380776,1234.415686,92.312301
05136,district,ndvi,0.217070,0.153991,1422.937255,97.073664
05137,district,ndvi,0.267725,0.201246,1057.937255,91.433989
05138,district,ndvi,0.173401,0.115601,585.823529,92.212746
05201,district,ndvi,0.454645,0.439726,1324.623529,92.352059
05202,district,ndvi,0.497574,0.498632,1147.427451,93.977460
05203,district,ndvi,0.481679,0.490782,1181.737255,95.487368
05204,district,ndvi,0.283788,0.228728,2870.270588,95.517840
05205,district,ndvi,0.440916,0.447217,970.658824,95.714081
05206,district,ndvi,0.375547,0.361576,3445.513725,94.233823
05207,district,ndvi,0.535548,0.568579,941.666667,89.990043
05208,district,ndvi,0.468486,0.451094,1323.192157,98.971368
05209,district,ndvi,0.501648,0.509766,1805.109804,90.721998
05210,district,ndvi,0.282934,0.216504,756.603922,96.440529
05211,district,ndvi,0.365526,0.341748,580.368627,95.753801
05212,district,ndvi,0.459391,0.455165,799.494118,92.432332
05213,district,ndvi,0.559295,0.587986,5421.823529,91.114555
05214,district,ndvi,0.506123,0.525624,989.160784,89.966916
05215,district,ndvi,0.434777,0.396202,1042.752941,93.305199
05216,district,ndvi,0.479915,0.483026,1963.254902,94.441709
05217,district,ndvi,0.449046,0.447498,4202.521569,91.501506
05218,district,ndvi,0.413174,0.384649,2814.913725,97.086632
05219,district,ndvi,0.453460,0.450819,2040.596078,101.926803
05220,district,ndvi,0.539430,0.541251,2603.498039,93.821525
05221,district,ndvi,0.348393,0.271273,3206.043137,93.208239
05222,district,ndvi,0.339287,0.279048,1882.909804,97.665224
05223,district,ndvi,0.620802,0.642874,1601.905882,94.471997
05224,district,ndvi,0.621374,0.646071,2522.458824,95.106361
05225,district,ndvi,0.334009,0.286597,715.290196,96.777477
05226,district,ndvi,0.259718,0.217095,2279.325490,94.620645
05227,district,ndvi,0.062905,-0.042791,2736.643137,99.450748
05228,district,ndvi,0.481242,0.510305,1551.647059,93.040319
05229,district,ndvi,0.505049,0.514501,943.890196,92.779926
05230,district,ndvi,0.349098,0.314368,601.321569,94.481828
05301,district,ndvi,0.526526,0.557266,1460.423529,98.805345
05302,district,ndvi,0.537428,0.568117,991.988235,88.022008
05303,district,ndvi,0.650947,0.751898,14120.282353,87.040533
05304,district,ndvi,0.589070,0.660164,8195.105882,90.456614
05305,district,ndvi,0.418987,0.457012,4134.443137,97.351698
05306,district,ndvi,0.307601,0.229110,1442.474510,91.339797
05307,district,ndvi,0.521449,0.537220,1330.866667,93.954150
05308,district,ndvi,0.538891,0.556661,1486.286275,94.804959
05309,district,ndvi,0.542285,0.549861,1382.239216,93.116614
05310,district,ndvi,0.328081,0.295030,778.305882,94.382611
05311,district,ndvi,0.305606,0.275773,791.149020,96.169884
05312,district,ndvi,0.440614,0.474998,3799.741176,91.411107
05313,district,ndvi,0.306712,0.224479,23903.894118,94.354410
05314,district,ndvi,0.338777,0.302841,654.341176,92.164902
05315,district,ndvi,0.739325,0.810564,4619.827451,86.039990
05316,district,ndvi,0.411109,0.392973,824.717647,96.484753
05317,district,ndvi,0.347617,0.285623,17997.423529,97.309684
05318,district,ndvi,0.386109,0.372638,942.388235,95.490647
05319,district,ndvi,0.645128,0.693533,1124.733333,89.213691
05320,district,ndvi,0.500704,0.509787,957.745098,93.158747
05321,district,ndvi,0.452891,0.451415,883.211765,92.434413
05322,district,ndvi,0.411065,0.428006,2580.764706,90.512108
05323,district,ndvi,0.304356,0.279166,2337.023529,100.166503
05324,district,ndvi,0.589732,0.626565,3104.258824,86.109708
05325,district,ndvi,0.572195,0.579645,1988.682353,85.345970
05326,district,ndvi,0.499086,0.509292,1719.168627,93.598764
05327,district,ndvi,0.405771,0.340112,24753.737255,92.051839
05328,district,ndvi,0.440436,0.403996,1496.831373,87.095014
05329,district,ndvi,0.258048,0.212902,2573.898039,90.895942
05330,district,ndvi,0.124010,0.123334,922.419608,93.984138
05331,district,ndvi,0.301534,0.267734,1089.031373,94.956493
05332,district,ndvi,0.326738,0.309152,1824.443137,93.633758
05333,district,ndvi,0.286464,0.200790,8053.243137,92.942419
05334,district,ndvi,0.263019,0.165821,4326.831373,87.037911
05335,district,ndvi,0.419447,0.352853,4679.592157,90.112267
05336,district,ndvi,0.413531,0.419700,1959.678431,94.274837
05401,district,ndvi,0.597914,0.615466,3485.705882,82.487063
05402,district,ndvi,0.345489,0.353505,9170.862745,93.412600
05403,district,ndvi,0.542991,0.544933,4600.250980,83.914082
05404,district,ndvi,0.523922,0.568266,14922.847059,86.977343
05405,district,ndvi,0.529263,0.548682,6157.513725,87.224949
05406,district,ndvi,0.500003,0.502233,1363.819608,84.427680
05407,district,ndvi,0.544760,0.544938,4463.474510,94.051439
05408,district,ndvi,0.514770,0.525227,949.396078,94.652274
05409,district,ndvi,0.550275,0.556533,5253.447059,89.478730
05410,district,ndvi,0.623397,0.693239,6251.513725,88.981715
05411,district,ndvi,0.448196,0.450894,1083.070588,89.669896
05412,district,ndvi,0.497656,0.506122,1363.133333,91.429826
05413,district,ndvi,0.451176,0.486388,5422.286275,92.423033
05414,district,ndvi,0.608086,0.654744,1352.431373,94.770029
05415,district,ndvi,0.578902,0.626775,1896.819608,85.347889
05416,district,ndvi,0.552208,0.552665,3351.325490,84.233679
05417,district,ndvi,0.704904,0.767694,17168.752941,81.502756
05418,district,ndvi,0.535495,0.571498,409.894118,89.150283
05419,district,ndvi,0.559296,0.560320,5337.788235,81.094696
05420,district,ndvi,0.574116,0.580066,4186.588235,80.369097
05421,district,ndvi,0.478278,0.489773,1190.619608,95.824573
05422,district,ndvi,0.539307,0.551963,1004.239216,93.281403
05423,district,ndvi,0.502374,0.506209,1393.211765,88.871112
05424,district,ndvi,0.567922,0.595654,4506.631373,82.377788
05425,district,ndvi,0.489502,0.490717,2700.792157,83.061514
05426,district,ndvi,0.594168,0.630961,2974.047059,89.075492
05427,district,ndvi,0.453927,0.455194,1230.019608,98.392377
05428,district,ndvi,0.542298,0.580040,2714.152941,79.361105
05429,district,ndvi,0.502065,0.517496,4244.847059,87.070449
05430,district,ndvi,0.592971,0.619359,2269.337255,84.434879
05431,district,ndvi,0.541295,0.545064,2506.321569,85.450959
05432,district,ndvi,0.558011,0.579954,1398.117647,82.005775
05501,district,ndvi,0.400397,0.392894,955.643137,87.333774
05502,district,ndvi,0.564661,0.642353,4865.478431,89.572862
05503,district,ndvi,0.617783,0.626881,5542.811765,83.920206
05504,district,ndvi,0.293444,0.370654,10368.850980,90.285394
05505,district,ndvi,0.415886,0.503915,17417.447059,90.057004
05506,district,ndvi,0.585695,0.591899,4724.133333,87.682252
05507,district,ndvi,0.607197,0.642608,53810.878431,87.828973
05508,district,ndvi,0.629592,0.785362,34751.980392,88.356490
05509,district,ndvi,0.481328,0.652507,39361.156863,94.848357
05510,district,ndvi,0.637082,0.658430,6381.133333,96.240424
05511,district,ndvi,0.697736,0.720703,7883.270588,88.640990
05512,district,ndvi,0.658802,0.658083,12600.164706,86.686929
05513,district,ndvi,0.560415,0.544952,3899.737255,96.432418
05514,district,ndvi,0.476269,0.478490,1073.384314,87.630920
05515,district,ndvi,0.521904,0.552983,1956.788235,91.490842
05516,district,ndvi,0.625628,0.650403,11003.949020,94.313912
05517,district,ndvi,0.487208,0.502101,1064.364706,92.091094
05518,district,ndvi,0.485110,0.621183,10914.031373,93.772041
05519,district,ndvi,0.497758,0.493914,1394.611765,88.499913
05520,district,ndvi,0.698450,0.720747,9225.294118,88.627707
05521,district,ndvi,0.454347,0.451257,1889.509804,88.742969
05522,district,ndvi,0.390009,0.480221,9578.607843,101.629973
05523,district,ndvi,0.634751,0.673766,28855.388235,91.729836
05524,district,ndvi,0.412234,0.519630,7418.686275,99.077974
05525,district,ndvi,0.255180,0.136512,12516.960784,92.020804
05526,district,ndvi,0.553296,0.568403,3051.435294,84.478695
05527,district,ndvi,0.492414,0.494193,635.235294,83.164472
05528,district,ndvi,0.207868,-0.066218,10410.905882,98.661071
05529,district,ndvi,0.660764,0.665979,4676.039216,89.271091
05530,district,ndvi,0.446880,0.486572,7144.654902,94.133251
05531,district,ndvi,0.541091,0.568203,4857.909804,96.187849
05532,district,ndvi,0.446641,0.435293,2479.352941,97.919206
05533,district,ndvi,0.524979,0.556222,437.000000,91.243397
06101,district,ndvi,0.549224,0.568210,3837.270588,105.390236
06102,district,ndvi,0.478184,0.474716,1421.521569,111.792575
06103,district,ndvi,0.441720,0.432008,557.941176,106.778050
06104,district,ndvi,0.367388,0.337793,528.486275,109.738677
06105,district,ndvi,0.299791,0.256180,831.415686,108.209470
06106,district,ndvi,0.445557,0.447735,907.952941,103.678138
06107,district,ndvi,0.399400,0.388838,934.384314,106.749622
06108,district,ndvi,0.398677,0.373221,753.149020,105.766346
06109,district,ndvi,0.500276,0.505076,795.509804,107.788267
06110,district,ndvi,0.462062,0.444062,657.223529,108.074437
06111,district,ndvi,0.467013,0.463538,722.803922,105.476944
06112,district,ndvi,0.453673,0.450913,1100.623529,106.851296
06113,district,ndvi,0.368779,0.356947,1406.474510,104.247820
06114,district,ndvi,0.353047,0.318413,1193.105882,108.919117
06115,district,ndvi,0.334054,0.307243,1453.800000,114.161041
06116,district,ndvi,0.401301,0.368711,839.313725,112.709525
06117,district,ndvi,0.545158,0.556590,1326.976471,113.198136
06118,district,ndvi,0.630797,0.669798,2851.392157,107.221866
06119,district,ndvi,0.543051,0.552292,1505.298039,112.874790
06120,district,ndvi,0.481224,0.470058,845.584314,116.332264
06121,district,ndvi,0.414966,0.397118,586.521569,113.565835
06122,district,ndvi,0.341391,0.306983,1761.188235,110.856046
06123,district,ndvi,0.610111,0.669741,9144.478431,111.053068
06124,district,ndvi,0.462403,0.463530,1755.090196,109.701145
06125,district,ndvi,0.477899,0.518268,1520.788235,105.966367
06126,district,ndvi,0.488866,0.493784,1130.415686,100.581348
06127,district,ndvi,0.483111,0.482176,1132.360784,103.413251
06128,district,ndvi,0.528877,0.544862,1108.886275,103.113928
06129,district,ndvi,0.527053,0.545019,1518.219608,103.135138
06130,district,ndvi,0.549567,0.595526,3620.152941,102.712245
06201,district,ndvi,0.358545,0.338642,1091.976471,103.002704
06202,district,ndvi,0.434474,0.412517,806.768627,98.167252
06203,district,ndvi,0.644146,0.740120,5918.066667,102.548142
06204,district,ndvi,0.405432,0.396673,1026.717647,100.774923
06205,district,ndvi,0.469762,0.467313,935.968627,96.744377
06206,district,ndvi,0.408111,0.404209,757.517647,102.919520
06207,district,ndvi,0.504730,0.494395,788.392157,102.845071
06208,district,ndvi,0.488359,0.517275,1674.156863,108.072294
06209,district,ndvi,0.607061,0.636484,2271.341176,104.451474
06210,district,ndvi,0.597691,0.627042,1864.498039,103.854962
06211,district,ndvi,0.532347,0.552988,2230.894118,101.903788
06212,district,ndvi,0.570498,0.579978,2559.596078,100.146154
06213,district,ndvi,0.593197,0.631012,1694.098039,105.007563
06214,district,ndvi,0.635123,0.681156,961.239216,105.398962
06215,district,ndvi,0.419188,0.404054,573.815686,102.663853
06216,district,ndvi,0.413177,0.405105,824.545098,102.456466
06217,district,ndvi,0.389910,0.365536,571.258824,101.768149
06218,district,ndvi,0.420318,0.400675,614.258824,106.293317
06219,district,ndvi,0.493004,0.466584,670.337255,100.098259
06220,district,ndvi,0.662420,0.740233,3264.568627,94.502103
06221,district,ndvi,0.380251,0.352927,1024.164706,105.053695
06222,district,ndvi,0.471306,0.466089,933.074510,109.836152
06223,district,ndvi,0.438736,0.427833,664.921569,111.851110
06224,district,ndvi,0.553859,0.583992,1526.988235,104.390488
06225,district,ndvi,0.644423,0.720555,1824.235294,103.966998
06226,district,ndvi,0.433428,0.424299,1313.164706,103.317909
06227,district,ndvi,0.555759,0.571861,1235.392157,99.859087
06228,district,ndvi,0.563678,0.607235,4074.400000,101.157626
06229,district,ndvi,0.558151,0.579510,1278.905882,103.343728
06230,district,ndvi,0.528356,0.532829,962.345098,102.615217
06301,district,ndvi,0.412532,0.412432,3550.239216,97.638980
06302,district,ndvi,0.536567,0.564487,1879.505882,100.005129
06303,district,ndvi,0.576599,0.611512,3752.819608,104.897018
06304,district,ndvi,0.464396,0.470983,1601.313725,101.553803
06305,district,ndvi,0.563841,0.584026,1801.843137,99.173744
06306,district,ndvi,0.597749,0.623212,2480.337255,96.213496
06307,district,ndvi,0.589718,0.618860,2355.098039,93.832993
06308,district,ndvi,0.607991,0.627113,2302.376471,96.928447
06309,district,ndvi,0.627468,0.642749,3306.666667,96.119741
06310,district,ndvi,0.613014,0.627018,3042.141176,97.544321
06311,district,ndvi,0.542451,0.587631,3392.372549,94.537983
06312,district,ndvi,0.537062,0.544967,1785.211765,101.348831
06313,district,ndvi,0.593420,0.619298,2429.403922,104.491364
06314,district,ndvi,0.615643,0.634743,6843.427451,96.387923
06315,district,ndvi,0.587123,0.603521,4062.925490,92.512288
06316,district,ndvi,0.603122,0.634790,5128.631373,91.184393
06317,district,ndvi,0.630585,0.665905,4588.619608,91.081173
06318,district,ndvi,0.633242,0.658019,4646.541176,88.782534
06319,district,ndvi,0.633380,0.650783,2977.200000,90.360154
06320,district,ndvi,0.738987,0.829914,5468.145098,97.428849
06321,district,ndvi,0.561392,0.564641,3403.709804,93.230322
06322,district,ndvi,0.555658,0.556860,2625.200000,100.993871
06323,district,ndvi,0.390505,0.372878,1971.741176,104.152283
06324,district,ndvi,0.423084,0.427929,12341.541176,106.761105
06325,district,ndvi,0.547500,0.587759,3959.466667,101.439460
06326,district,ndvi,0.574628,0.587718,2881.392157,96.047005
06327,district,ndvi,0.640099,0.677942,1392.223529,94.650831
06328,district,ndvi,0.530659,0.521982,1054.800000,96.857313
06329,district,ndvi,0.626877,0.681713,6547.423529,101.125550
06401,district,ndvi,0.547725,0.568135,2755.349020,95.039801
06402,district,ndvi,0.568759,0.599702,2343.337255,96.141923
06403,district,ndvi,0.586629,0.607368,3684.482353,96.547133
06404,district,ndvi,0.543646,0.564300,2123.905882,96.639671
06405,district,ndvi,0.466006,0.478652,2439.654902,106.853362
06406,district,ndvi,0.446687,0.459219,1531.552941,103.980852
06407,district,ndvi,0.538041,0.560551,1541.701961,103.211648
06408,district,ndvi,0.538978,0.572487,2391.364706,100.300450
06409,district,ndvi,0.577817,0.583740,2997.913725,97.444229
06410,district,ndvi,0.523332,0.576109,4301.443137,96.081390
06411,district,ndvi,0.439312,0.486166,3773.301961,94.871942
06412,district,ndvi,0.602112,0.631414,2432.984314,100.005474
06413,district,ndvi,0.525631,0.533589,2116.141176,93.695205
06414,district,ndvi,0.612311,0.650149,4909.898039,100.730763
06415,district,ndvi,0.420638,0.439619,5747.600000,109.501504
06416,district,ndvi,0.634556,0.693355,3234.376471,105.818687
06417,district,ndvi,0.556273,0.584100,3097.525490,100.318329
06418,district,ndvi,0.548476,0.568579,3011.023529,101.498133
06419,district,ndvi,0.535802,0.556381,1331.588235,99.582436
06420,district,ndvi,0.603435,0.643441,1119.549020,98.688176
06421,district,ndvi,0.595221,0.622753,1690.780392,99.554263
06422,district,ndvi,0.581359,0.599656,2083.447059,101.603094
06423,district,ndvi,0.554010,0.556797,2644.878431,102.894731
06424,district,ndvi,0.603595,0.618992,2587.780392,98.952246
06425,district,ndvi,0.596560,0.611389,2840.356863,102.779387
06426,district,ndvi,0.582829,0.587855,3782.737255,102.247468
06427,district,ndvi,0.545355,0.544583,2927.623529,100.868435
06428,district,ndvi,0.601801,0.630926,3922.247059,102.791046
06429,district,ndvi,0.725706,0.759726,14911.752941,96.816923
06430,district,ndvi,0.595358,0.599530,3332.125490,105.087733
06501,district,ndvi,0.655426,0.697205,2833.623529,102.418248
06502,district,ndvi,0.529609,0.580053,4699.423529,107.962547
06503,district,ndvi,0.621998,0.654273,3055.831373,106.915907
06504,district,ndvi,0.530303,0.549487,1601.047059,105.608847
06505,district,ndvi,0.617462,0.650771,2491.956863,106.415665
06506,district,ndvi,0.602860,0.622950,2661.698039,103.895822
06507,district,ndvi,0.473946,0.501746,3282.603922,106.420559
06508,district,ndvi,0.581871,0.638507,3722.274510,109.544908
06509,district,ndvi,0.545791,0.587613,4686.564706,103.143165
06510,district,ndvi,0.556501,0.564656,2559.823529,99.530798
06511,district,ndvi,0.504862,0.510350,948.125490,103.887022
06512,district,ndvi,0.544868,0.552701,2346.180392,106.283409
06513,district,ndvi,0.488916,0.486222,1253.741176,105.414333
06514,district,ndvi,0.497573,0.525697,1446.643137,109.601783
06515,district,ndvi,0.486228,0.498247,1496.086275,106.952089
06516,district,ndvi,0.494799,0.490483,1053.443137,111.224668
06517,district,ndvi,0.562563,0.583940,948.027451,105.244814
06518,district,ndvi,0.636530,0.697243,2635.219608,106.722593
06519,district,ndvi,0.499961,0.521723,1830.733333,108.630766
06520,district,ndvi,0.421605,0.436066,4304.309804,102.261950
06521,district,ndvi,0.547530,0.545049,1844.654902,101.288250
06522,district,ndvi,0.542241,0.532999,977.694118,104.344348
06523,district,ndvi,0.565527,0.587705,3159.576471,102.722939
06524,district,ndvi,0.525272,0.564485,5992.109804,99.258336
06525,district,ndvi,0.594399,0.631228,1131.635294,102.433345
06526,district,ndvi,0.503444,0.522129,975.807843,97.643778
06527,district,ndvi,0.463751,0.470627,1339.137255,102.408041
06528,district,ndvi,0.588932,0.627127,3399.341176,98.137253
06529,district,ndvi,0.599424,0.611169,3027.941176,93.462825
06601,district,ndvi,0.793359,0.824181,34617.431373,94.668377
06602,district,ndvi,0.768280,0.814587,13496.066667,95.471738
06603,district,ndvi,0.793621,0.833984,12308.247059,100.035414
06604,district,ndvi,0.659283,0.697336,6861.560784,99.305085
06605,district,ndvi,0.639065,0.669787,6996.039216,99.009864
06606,district,ndvi,0.662080,0.701322,8637.643137,99.328101
06607,district,ndvi,0.520246,0.540921,11454.121569,105.081874
06608,district,ndvi,0.592237,0.619207,3384.101961,99.983517
06609,district,ndvi,0.559757,0.591855,6724.407843,98.791727
06610,district,ndvi,0.484334,0.498451,2838.121569,103.285295
06611,district,ndvi,0.530144,0.536963,1896.749020,101.801119
06612,district,ndvi,0.671128,0.724909,3336.058824,90.083489
06613,district,ndvi,0.516258,0.529318,1438.254902,91.740328
06614,district,ndvi,0.606711,0.654357,6595.258824,92.854329
06615,district,ndvi,0.646204,0.677899,2805.952941,91.502261
06616,district,ndvi,0.650205,0.689608,2813.929412,97.246627
06617,district,ndvi,0.628803,0.654257,4387.796078,96.253949
06618,district,ndvi,0.607027,0.630928,6601.321569,95.662214
06619,district,ndvi,0.541557,0.552779,2988.129412,91.991487
06620,district,ndvi,0.528288,0.529139,1584.435294,94.737854
06621,district,ndvi,0.613912,0.635036,2960.666667,94.666891
06622,district,ndvi,0.639308,0.681803,4805.658824,91.402610
06623,district,ndvi,0.446544,0.439908,3183.352941,97.257374
06624,district,ndvi,0.572116,0.595764,1582.223529,93.207360
06625,district,ndvi,0.546136,0.580045,1258.874510,91.127294
06626,district,ndvi,0.505032,0.533410,2203.894118,89.763666
06627,district,ndvi,0.501079,0.494008,1798.023529,88.233950
06628,district,ndvi,0.550749,0.548752,1132.823529,88.932603
06629,district,ndvi,0.610747,0.634657,2371.741176,87.332060
06630,district,ndvi,0.539975,0.567934,2499.415686,94.299060
06701,district,ndvi,0.648514,0.816476,108687.200000,99.405736
06702,district,ndvi,0.638374,0.662125,4562.956863,101.901830
06703,district,ndvi,0.656459,0.747708,12708.639216,95.782092
06704,district,ndvi,0.730063,0.806659,30931.741176,91.426638
06705,district,ndvi,0.645951,0.673803,3648.549020,99.752629
06706,district,ndvi,0.477284,0.761892,55247.043137,97.625755
06707,district,ndvi,0.337093,0.378927,35945.945098,98.233950
06708,district,ndvi,0.540335,0.793118,128859.109804,97.604064
06709,district,ndvi,0.630799,0.716547,10241.392157,92.817195
06710,district,ndvi,0.712567,0.818316,16541.156863,89.098155
06711,district,ndvi,0.641071,0.677736,5248.462745,94.318962
06712,district,ndvi,0.637440,0.673883,4648.203922,89.245233
06713,district,ndvi,0.607705,0.630729,4310.631373,94.166641
06714,district,ndvi,0.634612,0.661830,3294.180392,86.845665
06715,district,ndvi,0.610149,0.646716,2612.584314,89.464200
06716,district,ndvi,0.638276,0.662556,2961.231373,89.345112
06717,district,ndvi,0.683798,0.712645,4771.062745,93.752882
06718,district,ndvi,0.664827,0.704791,5310.129412,94.646214
06719,district,ndvi,0.687817,0.732267,5891.082353,95.037337
06720,district,ndvi,0.612476,0.650317,5306.360784,92.152826
06721,district,ndvi,0.767081,0.806518,11045.603922,88.318694
06722,district,ndvi,0.577001,0.603553,3427.721569,88.568937
06723,district,ndvi,0.530476,0.537066,1732.482353,87.169773
06724,district,ndvi,0.635144,0.697291,11094.556863,91.780735
06725,district,ndvi,0.546517,0.564394,4769.454902,98.073921
06726,district,ndvi,0.567370,0.591763,2809.129412,89.836809
06727,district,ndvi,0.579536,0.595545,2291.776471,90.457453
06728,district,ndvi,0.550274,0.552847,4041.988235,94.781260
07101,district,ndvi,0.225890,0.173864,1481.219608,100.564461
07102,district,ndvi,0.342487,0.291082,1701.160784,101.788548
07103,district,ndvi,0.376960,0.358621,1122.227451,93.503515
07104,district,ndvi,0.292963,0.232383,865.109804,100.380416
07105,district,ndvi,0.395882,0.356667,1017.913725,102.203438
07106,district,ndvi,0.390054,0.360973,941.239216,103.794464
07107,district,ndvi,0.323603,0.291153,503.964706,100.975955
07108,district,ndvi,0.417970,0.396842,733.172549,99.966533
07109,district,ndvi,0.342663,0.294680,793.807843,99.247786
07110,district,ndvi,0.397222,0.363997,815.619608,99.095311
07111,district,ndvi,0.322123,0.274505,521.768627,94.145448
07112,district,ndvi,0.362830,0.333110,679.525490,95.748221
07113,district,ndvi,0.331439,0.278976,1080.258824,91.921736
07114,district,ndvi,0.344189,0.291191,1351.627451,94.738923
07115,district,ndvi,0.491151,0.502299,1240.733333,94.186044
07116,district,ndvi,0.388188,0.337581,1140.835294,97.222651
07117,district,ndvi,0.334973,0.267394,946.937255,97.031921
07118,district,ndvi,0.426244,0.396688,876.639216,95.130919
07119,district,ndvi,0.397595,0.372797,514.211765,98.154159
07120,district,ndvi,0.395572,0.349431,724.784314,95.350985
07121,district,ndvi,0.422942,0.417019,782.803922,95.484202
07122,district,ndvi,0.428223,0.419936,918.294118,100.964794
07123,district,ndvi,0.485333,0.481409,704.411765,101.979574
07124,district,ndvi,0.459427,0.428427,747.937255,99.969453
07125,district,ndvi,0.380836,0.341846,901.192157,102.299050
07126,district,ndvi,0.353305,0.314636,755.054902,97.694452
07127,district,ndvi,0.345607,0.303336,675.090196,103.436038
07128,district,ndvi,0.370355,0.333688,798.156863,103.241439
07129,district,ndvi,0.346770,0.271822,669.964706,104.777331
07130,district,ndvi,0.390004,0.365227,1235.615686,97.302861
07131,district,ndvi,0.422805,0.392342,1388.952941,97.502805
07132,district,ndvi,0.387946,0.353383,833.980392,93.057428
07133,district,ndvi,0.336202,0.291049,806.886275,104.254014
07134,district,ndvi,0.495266,0.497901,1781.811765,109.433771
07201,district,ndvi,0.311133,0.267862,571.945098,108.249763
07202,district,ndvi,0.390643,0.380270,833.345098,100.372056
07203,district,ndvi,0.264591,0.224201,883.294118,106.538661
07204,district,ndvi,0.306337,0.274479,756.952941,108.157209
07205,district,ndvi,0.359512,0.318208,925.709804,101.791185
07206,district,ndvi,0.320354,0.274684,711.274510,104.538608
07207,district,ndvi,0.279475,0.247652,392.039216,102.465850
07208,district,ndvi,0.209904,0.177273,556.749020,102.913771
07209,district,ndvi,0.456249,0.455100,1533.278431,108.802558
07210,district,ndvi,0.445452,0.411712,1013.741176,107.816370
07211,district,ndvi,0.471343,0.455063,2289.356863,108.539439
07212,district,ndvi,0.251169,0.204690,622.749020,112.912998
07213,district,ndvi,0.300047,0.228567,1034.266667,109.044969
07214,district,ndvi,0.188157,0.154019,447.356863,108.357928
07215,district,ndvi,0.298595,0.247627,1023.239216,108.434729
07216,district,ndvi,0.267310,0.212603,675.698039,104.031317
07217,district,ndvi,0.274284,0.240578,775.035294,103.504271
07218,district,ndvi,0.383921,0.318271,930.082353,103.720012
07219,district,ndvi,0.328736,0.299334,534.592157,99.727379
07220,district,ndvi,0.573938,0.693646,1329.619608,100.824732
07221,district,ndvi,0.397634,0.369208,2014.568627,103.001620
07222,district,ndvi,0.314569,0.275879,376.294118,105.341285
07223,district,ndvi,0.231617,0.177921,453.282353,106.231773
07224,district,ndvi,0.306676,0.275986,374.905882,105.935482
07225,district,ndvi,0.396792,0.361724,1614.494118,103.900866
07226,district,ndvi,0.325406,0.291838,482.431373,107.239896
07227,district,ndvi,0.435807,0.423857,2411.192157,106.311267
07228,district,ndvi,0.482057,0.474349,515.243137,104.372739
07229,district,ndvi,0.556844,0.611517,1388.764706,105.846361
07230,district,ndvi,0.512557,0.541018,2895.701961,105.308838
07231,district,ndvi,0.288514,0.263399,3120.423529,110.151368
07232,district,ndvi,0.308343,0.263770,3982.670588,105.265238
07233,district,ndvi,0.410796,0.400006,3568.733333,110.145692
07234,district,ndvi,0.520604,0.556840,2261.239216,107.624230
07301,district,ndvi,0.485125,0.481787,1096.901961,98.544775
07302,district,ndvi,0.436599,0.446827,985.619608,99.523361
07303,district,ndvi,0.237359,0.177840,1270.156863,110.671169
07304,district,ndvi,0.375537,0.336491,722.047059,106.208709
07305,district,ndvi,0.431495,0.431642,884.341176,102.359244
07306,district,ndvi,0.403500,0.385461,703.858824,102.839551
07307,district,ndvi,0.410525,0.387873,733.235294,100.861292
07308,district,ndvi,0.406921,0.392879,565.584314,101.651757
07309,district,ndvi,0.435935,0.416431,762.156863,103.635287
07310,district,ndvi,0.417338,0.387434,721.752941,105.854934
07311,district,ndvi,0.449262,0.458766,744.156863,106.240293
07312,district,ndvi,0.370246,0.358003,864.403922,105.348489
07313,district,ndvi,0.407475,0.372895,936.349020,105.734924
07314,district,ndvi,0.402662,0.385569,764.505882,101.541075
07315,district,ndvi,0.443506,0.447193,655.835294,107.332221
07316,district,ndvi,0.428108,0.415964,449.376471,104.984240
07317,district,ndvi,0.314462,0.271842,863.137255,105.006270
07318,district,ndvi,0.332774,0.299169,758.960784,103.377244
07319,district,ndvi,0.369632,0.350158,917.811765,104.223797
07320,district,ndvi,0.386820,0.376396,850.827451,106.150502
07321,district,ndvi,0.432659,0.436394,863.443137,101.950454
07322,district,ndvi,0.444009,0.436391,764.176471,105.021569
07323,district,ndvi,0.438094,0.447926,1333.882353,103.413486
07324,district,ndvi,0.375406,0.345002,767.411765,100.431918
07325,district,ndvi,0.435406,0.408462,503.678431,101.785266
07326,district,ndvi,0.424407,0.416464,574.407843,104.284719
07327,district,ndvi,0.390292,0.373277,574.227451,102.358470
07328,district,ndvi,0.501040,0.501711,1226.168627,108.816684
07329,district,ndvi,0.505299,0.521154,1068.368627,104.963789
07330,district,ndvi,0.616414,0.662218,11660.666667,104.639982
07331,district,ndvi,0.388916,0.334036,11259.854902,103.830316
07332,district,ndvi,0.640979,0.717192,2689.168627,105.491723
07333,district,ndvi,0.561174,0.631198,8182.819608,101.273994
07334,district,ndvi,0.558856,0.603280,2537.898039,105.997154
07401,district,ndvi,0.405593,0.372622,1122.101961,102.597716
07402,district,ndvi,0.495357,0.595629,36545.858824,94.661037
07403,district,ndvi,0.498888,0.505216,1252.607843,97.584954
07404,district,ndvi,0.537017,0.528881,1327.309804,95.470124
07405,district,ndvi,0.555712,0.568553,2647.145098,99.221796
07406,district,ndvi,0.539701,0.557271,2207.564706,102.918929
07407,district,ndvi,0.485869,0.517986,2050.117647,103.277317
07408,district,ndvi,0.419018,0.396696,3482.066667,100.886657
07409,district,ndvi,0.314809,0.271139,2743.941176,110.147755
07410,district,ndvi,0.299825,0.259775,1908.592157,105.887113
07411,district,ndvi,0.228164,0.166195,2253.458824,99.039448
07412,district,ndvi,0.354550,0.310320,817.721569,101.152878
07413,district,ndvi,0.444116,0.438821,883.537255,100.879806
07414,district,ndvi,0.370647,0.349541,7748.196078,98.508453
07415,district,ndvi,0.598697,0.662027,2821.223529,98.009184
07416,district,ndvi,0.530073,0.584385,1413.964706,103.231578
07417,district,ndvi,0.504706,0.498555,1274.207843,105.062049
07418,district,ndvi,0.498718,0.501661,1656.525490,104.091671
07419,district,ndvi,0.566009,0.591689,1115.803922,102.077039
07420,district,ndvi,0.484840,0.466500,873.901961,104.068824
07421,district,ndvi,0.448579,0.440220,1045.235294,107.370623
07422,district,ndvi,0.354789,0.345771,830.878431,105.819718
07423,district,ndvi,0.384615,0.372899,3063.741176,103.349314
07424,district,ndvi,0.240013,0.173876,2028.819608,106.404796
07425,district,ndvi,0.299116,0.275957,768.823529,112.571844
07426,district,ndvi,0.397225,0.380961,734.984314,103.095784
07427,district,ndvi,0.443582,0.427758,845.074510,102.580680
07428,district,ndvi,0.454878,0.423924,759.258824,103.150957
07429,district,ndvi,0.407876,0.373852,967.635294,104.211431
07430,district,ndvi,0.398505,0.365423,1267.278431,111.098457
07431,district,ndvi,0.484008,0.478781,1052.968627,106.491540
07432,district,ndvi,0.458201,0.443534,825.890196,100.619909
07501,district,ndvi,0.505738,0.529669,3169.403922,97.577290
07502,district,ndvi,0.346752,0.306695,5605.827451,97.502634
07503,district,ndvi,0.590165,0.631004,7699.086275,89.021973
07504,district,ndvi,0.433851,0.498047,9957.090196,95.941481
07505,district,ndvi,0.487660,0.540544,5717.039216,101.549693
07506,district,ndvi,0.466998,0.478876,1247.027451,101.969949
07507,district,ndvi,0.430516,0.398812,865.988235,104.488183
07508,district,ndvi,0.453307,0.428106,1507.466667,107.454746
07509,district,ndvi,0.591539,0.638717,2032.784314,102.971275
07510,district,ndvi,0.477580,0.470988,873.125490,99.397585
07511,district,ndvi,0.471871,0.474878,1020.705882,100.032653
07512,district,ndvi,0.404760,0.380887,904.396078,101.322174
07513,district,ndvi,0.413681,0.392694,1391.639216,100.026976
07514,district,ndvi,0.410690,0.396693,987.968627,95.904034
07515,district,ndvi,0.446355,0.423430,773.145098,93.341488
07516,district,ndvi,0.498632,0.505470,998.211765,98.611218
07517,district,ndvi,0.549478,0.572158,948.270588,100.519050
07518,district,ndvi,0.520031,0.521469,1371.835294,95.884408
07519,district,ndvi,0.559073,0.595828,1529.427451,94.138811
07520,district,ndvi,0.555220,0.626396,2084.262745,94.070600
07521,district,ndvi,0.535067,0.529272,1676.254902,96.254360
07522,district,ndvi,0.572904,0.645143,3806.996078,98.390917
07523,district,ndvi,0.453020,0.443015,1340.478431,98.001843
07524,district,ndvi,0.338077,0.267285,4996.250980,97.863282
07525,district,ndvi,0.392632,0.389037,5626.219608,101.637077
07526,district,ndvi,0.248597,0.173878,7295.439216,99.455638
07527,district,ndvi,0.461392,0.450729,1038.376471,102.952751
07528,district,ndvi,0.463431,0.459152,1376.125490,98.115747
07529,district,ndvi,0.531635,0.560358,1486.815686,102.373062
07530,district,ndvi,0.597112,0.658503,5263.905882,100.004821
07531,district,ndvi,0.615981,0.638589,4160.517647,94.009212
07532,district,ndvi,0.563739,0.588302,3124.666667,96.924046
07533,district,ndvi,0.548165,0.568260,739.439216,102.465355
07534,district,ndvi,0.641835,0.681439,1975.160784,100.120117
07601,district,ndvi,0.324429,0.283396,9089.729412,103.097776
07602,district,ndvi,0.543632,0.553103,4070.439216,101.799199
07603,district,ndvi,0.555579,0.572352,2552.898039,104.018266
07604,district,ndvi,0.556541,0.568023,2606.800000,105.437777
07605,district,ndvi,0.536960,0.548941,2814.184314,102.476109
07606,district,ndvi,0.515112,0.513750,2181.501961,103.536401
07607,district,ndvi,0.311740,0.236088,5637.725490,102.220182
07608,district,ndvi,0.313119,0.295136,6363.396078,100.633779
07609,district,ndvi,0.515842,0.548642,2095.972549,98.544531
07610,district,ndvi,0.486804,0.501766,2925.941176,99.621400
07611,district,ndvi,0.493090,0.486409,1801.188235,103.451591
07612,district,ndvi,0.545919,0.568529,2283.513725,99.798597
07613,district,ndvi,0.464922,0.466499,4699.305882,95.380155
07614,district,ndvi,0.565976,0.587535,4648.188235,93.109872
07615,district,ndvi,0.454577,0.450722,1793.760784,98.769851
07616,district,ndvi,0.452466,0.466929,2414.443137,96.906358
07617,district,ndvi,0.524051,0.549207,1473.882353,93.506843
07618,district,ndvi,0.554032,0.588211,867.172549,91.149894
07619,district,ndvi,0.508705,0.521795,1017.447059,90.224591
07620,district,ndvi,0.537146,0.541782,675.235294,93.304033
07621,district,ndvi,0.504199,0.552706,1269.960784,95.142867
07622,district,ndvi,0.501515,0.505634,1355.172549,103.995868
07623,district,ndvi,0.700685,0.810640,1316.788235,104.311807
07624,district,ndvi,0.562080,0.565461,553.286275,101.668838
07625,district,ndvi,0.554847,0.560128,1050.439216,105.157152
07626,district,ndvi,0.544628,0.575684,880.760784,99.489960
07627,district,ndvi,0.518092,0.533140,3360.541176,99.579380
07628,district,ndvi,0.644576,0.697156,15215.815686,92.357783
07629,district,ndvi,0.571383,0.619094,13523.721569,89.462248
07630,district,ndvi,0.330652,0.271721,12496.337255,94.785790
07631,district,ndvi,0.506248,0.541116,7315.019608,96.554040
07632,district,ndvi,0.581670,0.595552,3042.086275,90.901280
07701,district,ndvi,0.549227,0.560856,3239.976471,100.585343
07702,district,ndvi,0.531859,0.533339,2770.466667,98.850315
07703,district,ndvi,0.536340,0.537295,2541.070588,92.659841
07704,district,ndvi,0.500996,0.493693,2866.607843,93.239038
07705,district,ndvi,0.571524,0.584120,2448.623529,95.511337
07706,district,ndvi,0.570635,0.588160,2859.188235,89.443263
07707,district,ndvi,0.570548,0.599392,4771.545098,92.120082
07708,district,ndvi,0.515813,0.525779,2499.556863,87.338584
07709,district,ndvi,0.519649,0.521975,1676.596078,91.678108
07710,district,ndvi,0.477133,0.490292,2454.505882,91.865189
07711,district,ndvi,0.522360,0.517671,3038.015686,89.659580
07712,district,ndvi,0.538271,0.537219,2560.003922,87.065381
07713,district,ndvi,0.599667,0.611487,3102.364706,86.983064
07714,district,ndvi,0.564120,0.584137,1188.717647,93.211785
07715,district,ndvi,0.550748,0.573730,566.952941,92.422147
07716,district,ndvi,0.548925,0.548644,2158.298039,92.496530
07717,district,ndvi,0.504974,0.497741,788.203922,91.258070
07718,district,ndvi,0.516529,0.533515,2337.490196,83.306571
07719,district,ndvi,0.560268,0.595768,1709.396078,85.318076
07720,district,ndvi,0.549196,0.567888,1142.635294,86.667453
07721,district,ndvi,0.543346,0.580500,1140.988235,91.873642
07722,district,ndvi,0.507572,0.525819,2927.423529,95.626823
07723,district,ndvi,0.453237,0.459125,2157.000000,87.826118
07724,district,ndvi,0.513806,0.521233,3270.164706,86.558607
07725,district,ndvi,0.549468,0.576000,2420.984314,87.644027
07726,district,ndvi,0.541065,0.572317,2509.862745,89.327481
07727,district,ndvi,0.700287,0.728474,4405.858824,89.041824
07728,district,ndvi,0.621391,0.630929,3053.443137,90.479106
07729,district,ndvi,0.554572,0.588260,3748.490196,87.376417
07730,district,ndvi,0.582450,0.603536,2938.462745,91.194350
07731,district,ndvi,0.573383,0.580035,3413.929412,90.583952
07732,district,ndvi,0.568008,0.580063,2929.474510,88.729419
07733,district,ndvi,0.738077,0.810564,4619.168627,91.651905
08101,district,ndvi,0.302033,0.259771,641.219608,102.258221
08102,district,ndvi,0.306535,0.267742,461.337255,102.572343
08103,district,ndvi,0.285928,0.248519,614.486275,103.063927
08104,district,ndvi,0.249167,0.216744,423.007843,104.775446
08105,district,ndvi,0.258521,0.213409,836.988235,111.876865
08106,district,ndvi,0.371388,0.338832,544.639216,101.912833
08107,district,ndvi,0.370229,0.322569,674.388235,108.611546
08108,district,ndvi,0.280446,0.241075,612.870588,106.145749
08109,district,ndvi,0.263310,0.212778,477.588235,107.194893
08110,district,ndvi,0.366312,0.334404,620.117647,101.153475
08111,district,ndvi,0.448713,0.416443,748.635294,104.683943
08112,district,ndvi,0.355925,0.318248,644.784314,100.217376
08113,district,ndvi,0.494766,0.505764,1585.325490,99.506753
08114,district,ndvi,0.368937,0.349381,1084.000000,102.789426
08115,district,ndvi,0.374471,0.341891,513.133333,100.084448
08116,district,ndvi,0.451303,0.435588,717.878431,100.895378
08117,district,ndvi,0.398585,0.372561,653.400000,99.586153
08118,district,ndvi,0.314373,0.292068,546.027451,101.849666
08119,district,ndvi,0.266794,0.235799,599.752941,98.794425
08120,district,ndvi,0.328389,0.302361,887.780392,97.435446
08121,district,ndvi,0.393835,0.353764,557.003922,99.516883
08122,district,ndvi,0.436627,0.404329,464.101961,103.757525
08123,district,ndvi,0.427905,0.385262,497.407843,98.625801
08124,district,ndvi,0.410978,0.392320,731.690196,95.702140
08125,district,ndvi,0.466511,0.474695,1489.274510,95.961932
08126,district,ndvi,0.475063,0.486223,980.294118,95.137638
08127,district,ndvi,0.395419,0.396134,2395.164706,99.707759
08128,district,ndvi,0.419267,0.407969,662.894118,102.670258
08129,district,ndvi,0.290121,0.274130,452.698039,99.075980
08130,district,ndvi,0.500924,0.521354,1173.513725,99.528314
08131,district,ndvi,0.336815,0.286961,1836.047059,103.311567
08201,district,ndvi,0.336444,0.259558,867.164706,110.232152
08202,district,ndvi,0.427548,0.322214,842.756863,109.258991
08203,district,ndvi,0.245681,0.209120,703.564706,110.455183
08204,district,ndvi,0.704725,0.769554,10615.592157,100.147482
08205,district,ndvi,0.425133,0.412157,1326.623529,108.789668
08206,district,ndvi,0.303771,0.278725,675.819608,106.312550
08207,district,ndvi,0.246551,0.209296,575.439216,102.340194
08208,district,ndvi,0.381081,0.326411,448.745098,100.821638
08209,district,ndvi,0.205550,0.150151,1267.286275,101.307193
08210,district,ndvi,0.223888,0.193574,509.349020,108.602122
08211,district,ndvi,0.366866,0.329738,1188.000000,101.216937
08212,district,ndvi,0.250944,0.208934,1599.662745,108.171210
08213,district,ndvi,0.448768,0.466666,827.474510,106.004663
08214,district,ndvi,0.447168,0.408892,569.282353,101.150716
08215,district,ndvi,0.382289,0.318719,514.862745,96.578163
08216,district,ndvi,0.411114,0.373470,588.372549,97.215836
08217,district,ndvi,0.587071,0.661997,4646.937255,98.247141
08218,district,ndvi,0.476778,0.466992,625.772549,97.341138
08219,district,ndvi,0.296774,0.255377,503.615686,99.267400
08220,district,ndvi,0.609579,0.724495,1835.670588,99.815320
08221,district,ndvi,0.524228,0.545895,1393.643137,103.889585
08222,district,ndvi,0.388534,0.350157,1016.482353,103.185893
08223,district,ndvi,0.314351,0.282955,881.823529,100.865719
08224,district,ndvi,0.498398,0.494276,1455.188235,106.265716
08225,district,ndvi,0.287674,0.248108,442.062745,100.610720
08226,district,ndvi,0.362696,0.337772,440.964706,102.123152
08227,district,ndvi,0.384663,0.349531,620.439216,102.756536
08228,district,ndvi,0.623766,0.724562,2827.878431,94.599241
08229,district,ndvi,0.273585,0.236800,516.670588,102.347785
08230,district,ndvi,0.265420,0.231866,366.635294,101.206467
08231,district,ndvi,0.298505,0.263199,543.337255,105.385728
08301,district,ndvi,0.397270,0.377300,708.243137,103.336624
08302,district,ndvi,0.331581,0.310499,565.168627,103.596879
08303,district,ndvi,0.295103,0.256213,615.129412,103.832772
08304,district,ndvi,0.405509,0.370060,949.223529,104.789000
08305,district,ndvi,0.393726,0.345885,752.188235,101.671593
08306,district,ndvi,0.298315,0.263444,474.341176,104.528031
08307,district,ndvi,0.365215,0.333495,633.149020,103.123578
08308,district,ndvi,0.377430,0.345098,722.964706,104.214308
08309,district,ndvi,0.340096,0.302658,10088.949020,108.390341
08310,district,ndvi,0.647756,0.677878,1717.168627,99.822852
08311,district,ndvi,0.240909,0.162221,16237.188235,106.811826
08312,district,ndvi,0.572635,0.615094,2883.309804,100.782246
08313,district,ndvi,0.619492,0.666043,1766.572549,101.180522
08314,district,ndvi,0.465967,0.443437,1554.250980,96.696233
08315,district,ndvi,0.315048,0.251846,3893.819608,101.977806
08316,district,ndvi,0.534805,0.564733,1789.584314,101.311852
08317,district,ndvi,0.448131,0.419964,1300.121569,101.574863
08318,district,ndvi,0.502934,0.512961,1184.109804,102.244542
08319,district,ndvi,0.625756,0.712863,2108.219608,99.632648
08320,district,ndvi,0.580185,0.627002,2596.243137,98.516877
08321,district,ndvi,0.429455,0.419689,1228.219608,102.944389
08322,district,ndvi,0.301100,0.271527,1683.584314,105.018914
08323,district,ndvi,0.302909,0.278936,980.274510,105.315582
08324,district,ndvi,0.309978,0.279064,1256.580392,105.021178
08325,district,ndvi,0.337314,0.315089,697.149020,106.715283
08326,district,ndvi,0.476873,0.475134,2104.145098,105.295859
08327,district,ndvi,0.519176,0.563969,2202.862745,107.573793
08328,district,ndvi,0.596983,0.630963,1789.050980,101.695424
08329,district,ndvi,0.378318,0.369134,5060.913725,106.337024
08330,district,ndvi,0.538378,0.568590,2934.823529,101.482218
08331,district,ndvi,0.368701,0.377037,1606.223529,100.049098
08332,district,ndvi,0.386875,0.353529,1433.164706,100.192020
08401,district,ndvi,0.572107,0.613144,13525.615686,100.606862
08402,district,ndvi,0.421886,0.399965,644.317647,98.751669
08403,district,ndvi,0.446585,0.447560,1603.431373,97.291962
08404,district,ndvi,0.513829,0.505738,2148.725490,102.491920
08405,district,ndvi,0.516872,0.517931,2470.517647,100.510488
08406,district,ndvi,0.503311,0.505929,4147.768627,103.669594
08407,district,ndvi,0.518521,0.521281,3234.023529,102.890333
08408,district,ndvi,0.531057,0.529727,1583.168627,99.013844
08409,district,ndvi,0.621497,0.681599,2582.611765,97.028356
08410,district,ndvi,0.519573,0.521564,1630.203922,97.771683
08411,district,ndvi,0.420360,0.419821,3942.454902,98.765935
08412,district,ndvi,0.585480,0.622994,1077.349020,95.645950
08413,district,ndvi,0.590461,0.634520,2094.513725,92.299735
08414,district,ndvi,0.479837,0.482725,1380.086275,95.807065
08415,district,ndvi,0.523641,0.553093,584.745098,92.924284
08416,district,ndvi,0.432810,0.427538,2438.752941,100.739516
08417,district,ndvi,0.540666,0.540769,1001.184314,100.472993
08418,district,ndvi,0.370327,0.353590,1352.850980,94.761526
08419,district,ndvi,0.560376,0.587846,1322.192157,93.428643
08420,district,ndvi,0.461470,0.458939,1888.984314,98.698687
08421,district,ndvi,0.485072,0.486835,631.682353,100.759882
08422,district,ndvi,0.584384,0.646019,1924.866667,92.271302
08423,district,ndvi,0.672338,0.736047,1074.352941,95.552508
08424,district,ndvi,0.558728,0.579234,392.600000,92.630468
08425,district,ndvi,0.559843,0.591497,1357.376471,92.069994
08426,district,ndvi,0.489613,0.497820,4536.647059,97.827586
08427,district,ndvi,0.663805,0.739923,1041.266667,96.951108
08428,district,ndvi,0.501442,0.521898,693.427451,96.272378
08429,district,ndvi,0.585370,0.610588,800.874510,93.732753
08430,district,ndvi,0.555225,0.587873,668.192157,98.219615
08431,district,ndvi,0.472274,0.479791,2444.745098,96.824729
08501,district,ndvi,0.445105,0.513760,16541.011765,94.538181
08502,district,ndvi,0.558119,0.579977,5653.466667,94.477023
08503,district,ndvi,0.482036,0.494405,3760.341176,95.132323
08504,district,ndvi,0.612594,0.634608,15015.109804,94.998634
08505,district,ndvi,0.557267,0.599826,1417.788235,96.677982
08506,district,ndvi,0.586857,0.622991,1668.207843,95.172090
08507,district,ndvi,0.524945,0.509936,1316.541176,96.773596
08508,district,ndvi,0.625967,0.693307,4057.137255,95.045648
08509,district,ndvi,0.525445,0.529106,2487.894118,99.237408
08510,district,ndvi,0.686409,0.763283,1905.749020,97.308357
08511,district,ndvi,0.663121,0.728748,2685.576471,98.902002
08512,district,ndvi,0.572135,0.611499,8402.160784,97.312698
08513,district,ndvi,0.530909,0.525619,3839.019608,93.881358
08514,district,ndvi,0.677448,0.708909,15848.478431,94.257974
08515,district,ndvi,0.500676,0.497649,1292.858824,98.995153
08516,district,ndvi,0.560226,0.584250,1053.717647,104.740106
08517,district,ndvi,0.498976,0.501949,1879.278431,101.182525
08518,district,ndvi,0.540282,0.537357,3072.203922,95.055588
08519,district,ndvi,0.512201,0.517880,2972.301961,99.944271
08520,district,ndvi,0.590773,0.599612,2043.321569,95.846012
08521,district,ndvi,0.514865,0.517760,1969.164706,99.593083
08522,district,ndvi,0.540427,0.540502,1333.568627,101.401323
08523,district,ndvi,0.539195,0.552866,3036.466667,99.999229
08524,district,ndvi,0.461988,0.466957,3775.635294,94.150146
08525,district,ndvi,0.532969,0.537032,1269.560784,100.985970
08526,district,ndvi,0.508370,0.501744,1250.662745,102.455928
08527,district,ndvi,0.500186,0.502116,2609.043137,98.729072
08528,district,ndvi,0.433810,0.447770,2029.011765,107.033226
08529,district,ndvi,0.331418,0.283201,2386.807843,101.905479
08530,district,ndvi,0.479430,0.478070,1441.670588,102.612549
08531,district,ndvi,0.474823,0.478761,2865.980392,100.633476
08532,district,ndvi,0.476476,0.474655,1215.317647,102.309613
08533,district,ndvi,0.463847,0.462916,1841.647059,103.631615
08534,district,ndvi,0.483657,0.478674,2614.231373,95.976005
08535,district,ndvi,0.519215,0.521563,2992.941176,92.833751
08601,district,ndvi,0.456390,0.443075,715.105882,96.822969
08602,district,ndvi,0.459639,0.431309,565.439216,97.577417
08603,district,ndvi,0.587691,0.626515,1581.298039,95.821217
08604,district,ndvi,0.471481,0.494394,873.529412,99.124458
08605,district,ndvi,0.578179,0.630843,750.145098,98.882135
08606,district,ndvi,0.450097,0.466747,4004.243137,106.695300
08607,district,ndvi,0.505553,0.505673,3095.407843,102.868572
08608,district,ndvi,0.506004,0.505759,1934.121569,102.235476
08609,district,ndvi,0.480237,0.486405,3359.984314,101.754415
08610,district,ndvi,0.565171,0.583556,1596.270588,103.772664
08611,district,ndvi,0.518877,0.517719,3207.603922,97.027129
08612,district,ndvi,0.549226,0.564341,756.929412,101.371532
08613,district,ndvi,0.471825,0.470563,2583.564706,103.275892
08614,district,ndvi,0.550227,0.553025,2383.043137,103.350466
08615,district,ndvi,0.554512,0.556281,3491.666667,95.694017
08616,district,ndvi,0.511334,0.509805,3628.800000,94.841598
08617,district,ndvi,0.567912,0.572533,4392.729412,101.213333
08618,district,ndvi,0.517161,0.509336,2210.615686,101.820471
08619,district,ndvi,0.567249,0.568623,3882.333333,98.632739
08620,district,ndvi,0.340799,0.357530,6811.749020,107.231162
08621,district,ndvi,0.309646,0.302681,6244.686275,107.079087
08622,district,ndvi,0.526624,0.533287,3135.600000,99.759190
08623,district,ndvi,0.650514,0.674004,1989.662745,99.125340
08624,district,ndvi,0.585154,0.603383,6220.266667,105.833873
08625,district,ndvi,0.574856,0.591741,3213.839216,100.463115
08626,district,ndvi,0.607471,0.630792,5842.203922,97.809980
08627,district,ndvi,0.543711,0.540668,2698.956863,91.626165
08628,district,ndvi,0.496419,0.490372,2907.737255,93.539277
08629,district,ndvi,0.594497,0.610738,2206.764706,97.932258
08630,district,ndvi,0.460970,0.470859,4545.580392,98.408275
08631,district,ndvi,0.615203,0.685789,1729.145098,93.516084
08632,district,ndvi,0.488664,0.478758,1809.482353,98.694401
08633,district,ndvi,0.518894,0.536851,1616.294118,91.494593
08634,district,ndvi,0.600395,0.619190,6339.176471,91.507037
08635,district,ndvi,0.563593,0.587727,9062.015686,88.437976
09101,district,ndvi,0.477103,0.487272,705.639216,97.876207
09102,district,ndvi,0.543947,0.557216,794.564706,100.483096
09103,district,ndvi,0.436638,0.412862,643.819608,97.113916
09104,district,ndvi,0.414971,0.401046,5697.345098,93.958423
09105,district,ndvi,0.429465,0.419442,909.662745,101.168009
09106,district,ndvi,0.382938,0.357366,432.498039,106.219718
09107,district,ndvi,0.376294,0.336267,491.717647,97.033337
09108,district,ndvi,0.259846,0.208701,1651.768627,99.629236
09109,district,ndvi,0.513803,0.579942,6489.423529,100.027055
09110,district,ndvi,0.388547,0.353299,863.678431,104.019016
09111,district,ndvi,0.689108,0.744311,11464.890196,100.121945
09112,district,ndvi,0.567132,0.602884,1291.607843,103.133456
09113,district,ndvi,0.755713,0.857409,14072.564706,89.883918
09114,district,ndvi,0.542834,0.564202,985.690196,103.103513
09115,district,ndvi,0.530313,0.548869,1073.388235,101.403980
09116,district,ndvi,0.593878,0.619519,1156.454902,102.339340
09117,district,ndvi,0.496294,0.521782,1009.509804,98.159293
09118,district,ndvi,0.577292,0.618833,3531.360784,97.389960
09119,district,ndvi,0.488301,0.475048,1394.129412,91.648279
09120,district,ndvi,0.572535,0.611216,2685.215686,91.794268
09121,district,ndvi,0.396253,0.365268,756.109804,92.903266
09122,district,ndvi,0.493489,0.521497,2273.156863,89.198673
09123,district,ndvi,0.589270,0.619924,1580.396078,96.975752
09124,district,ndvi,0.538338,0.560330,1324.854902,94.149370
09125,district,ndvi,0.419417,0.388687,1042.619608,96.927976
09126,district,ndvi,0.450096,0.435379,1328.086275,95.569429
09127,district,ndvi,0.412539,0.376688,740.470588,94.869299
09128,district,ndvi,0.505477,0.544904,1971.901961,100.545205
09129,district,ndvi,0.461614,0.436203,658.184314,99.928651
09130,district,ndvi,0.584957,0.631029,1625.588235,98.204907
09201,district,ndvi,0.338380,0.349334,13100.584314,92.244574
09202,district,ndvi,0.623663,0.685477,6588.643137,92.382153
09203,district,ndvi,0.447352,0.436321,632.392157,93.347799
09204,district,ndvi,0.453906,0.420068,562.592157,94.872809
09205,district,ndvi,0.365981,0.322036,737.235294,94.541477
09206,district,ndvi,0.748829,0.816422,37825.980392,129.315738
09207,district,ndvi,0.477525,0.470963,1152.890196,94.972740
09208,district,ndvi,0.465461,0.463245,530.254902,100.117842
09209,district,ndvi,0.175000,0.099483,2269.184314,96.185725
09210,district,ndvi,0.344512,0.302561,428.980392,103.232160
09211,district,ndvi,0.436722,0.435360,587.007843,100.911215
09212,district,ndvi,0.464062,0.459597,1089.831373,114.456041
09213,district,ndvi,0.498282,0.505811,885.137255,126.445767
09214,district,ndvi,0.141981,0.072395,6428.207843,108.835360
09215,district,ndvi,0.276242,0.228516,1070.321569,146.433057
09216,district,ndvi,0.446906,0.439953,1560.388235,152.516234
09217,district,ndvi,0.213108,0.128987,5778.254902,147.900779
09218,district,ndvi,0.322725,0.276650,3839.615686,104.643270
09219,district,ndvi,0.490117,0.501692,1626.223529,102.294562
09220,district,ndvi,0.445187,0.416487,1476.760784,102.532769
09221,district,ndvi,0.667689,0.806570,7267.968627,98.922203
09222,district,ndvi,0.478529,0.470949,4031.411765,94.468271
09223,district,ndvi,0.531727,0.568811,1584.149020,100.733160
09224,district,ndvi,0.298996,0.255474,829.517647,99.886501
09225,district,ndvi,0.530311,0.607211,5451.101961,99.451608
09226,district,ndvi,0.328919,0.302357,2323.690196,102.493951
09227,district,ndvi,0.320576,0.248025,3194.603922,99.282945
09228,district,ndvi,0.634109,0.716130,5438.521569,99.220388
09229,district,ndvi,0.522084,0.513917,1733.070588,101.633603
09230,district,ndvi,0.729328,0.845688,4027.019608,95.571630
09301,district,ndvi,0.567778,0.603420,17946.670588,97.616071
09302,district,ndvi,0.546463,0.564397,10767.415686,94.237642
09303,district,ndvi,0.759793,0.806724,19454.435294,86.685970
09304,district,ndvi,0.649396,0.697217,7466.129412,97.128987
09305,district,ndvi,0.529506,0.537326,2292.901961,94.679914
09306,district,ndvi,0.470156,0.470837,1363.694118,99.299150
09307,district,ndvi,0.386803,0.365086,837.384314,101.391495
09308,district,ndvi,0.546845,0.571969,812.145098,101.437312
09309,district,ndvi,0.501968,0.510468,986.941176,100.028959
09310,district,ndvi,0.438528,0.467213,3070.701961,105.124353
09311,district,ndvi,0.445998,0.458590,3915.247059,104.854848
09312,district,ndvi,0.534553,0.591750,10679.392157,96.816915
09313,district,ndvi,0.476321,0.489944,1587.192157,97.870928
09314,district,ndvi,0.416250,0.393074,934.639216,100.080845
09315,district,ndvi,0.391060,0.357630,822.537255,99.722718
09316,district,ndvi,0.504444,0.509217,1918.729412,97.513816
09317,district,ndvi,0.527131,0.537614,2048.400000,94.374973
09318,district,ndvi,0.352928,0.322604,709.176471,93.348236
09319,district,ndvi,0.347615,0.302735,13110.152941,98.856427
09320,district,ndvi,0.278967,0.213111,7971.658824,93.246729
09321,district,ndvi,0.315183,0.255128,1087.733333,96.935253
09322,district,ndvi,0.384355,0.327143,1345.345098,99.592853
09323,district,ndvi,0.519874,0.533343,1523.678431,97.781687
09324,district,ndvi,0.445592,0.423130,972.705882,100.599694
09325,district,ndvi,0.502364,0.501935,3339.792157,143.392672
09326,district,ndvi,0.551336,0.599678,5600.686275,139.701784
09327,district,ndvi,0.550477,0.568145,2303.933333,136.986165
09328,district,ndvi,0.520645,0.517789,1950.827451,136.880704
09329,district,ndvi,0.391684,0.365157,21661.815686,140.069120
09330,district,ndvi,0.333008,0.322393,4737.623529,142.270938
09401,district,ndvi,0.619126,0.626948,7987.000000,147.491477
09402,district,ndvi,0.515598,0.560061,7510.964706,112.042958
09403,district,ndvi,0.521926,0.556860,2940.145098,147.264323
09404,district,ndvi,0.496464,0.506127,2955.525490,143.767094
09405,district,ndvi,0.527591,0.537228,3366.149020,154.384901
09406,district,ndvi,0.534035,0.545000,3603.925490,150.528402
09407,district,ndvi,0.540872,0.541024,3598.482353,154.692522
09408,district,ndvi,0.560420,0.591814,3774.643137,112.947552
09409,district,ndvi,0.506221,0.514115,1641.200000,135.279153
09410,district,ndvi,0.496053,0.494189,2165.654902,159.277214
09411,district,ndvi,0.485799,0.498239,1928.066667,156.944539
09412,district,ndvi,0.432148,0.451088,2732.952941,156.025391
09413,district,ndvi,0.523332,0.536812,2302.258824,154.595485
09414,district,ndvi,0.557024,0.603091,1304.168627,154.122070
09415,district,ndvi,0.403283,0.379871,1484.439216,153.573706
09416,district,ndvi,0.657563,0.681451,8932.117647,91.364950
09417,district,ndvi,0.599383,0.603759,5131.898039,136.964036
09418,district,ndvi,0.504141,0.509943,4060.639216,142.494042
09419,district,ndvi,0.458649,0.466486,617.400000,100.618108
09420,district,ndvi,0.535526,0.619435,3121.819608,96.474011
09421,district,ndvi,0.545189,0.564472,3219.313725,126.073822
09422,district,ndvi,0.506010,0.509733,2837.231373,133.413673
09423,district,ndvi,0.473015,0.478253,1504.305882,154.351334
09424,district,ndvi,0.478529,0.537220,21667.796078,127.208194
09425,district,ndvi,0.460169,0.439393,3717.439216,93.372945
09426,district,ndvi,0.538896,0.548829,3916.490196,91.749500
09427,district,ndvi,0.512339,0.517155,3702.396078,87.722629
09428,district,ndvi,0.595960,0.650072,4570.968627,92.466341
09429,district,ndvi,0.568942,0.587721,7196.909804,90.972484
09430,district,ndvi,0.541880,0.548859,4860.141176,93.487672
09431,district,ndvi,0.551758,0.552990,5819.870588,91.382157
09432,district,ndvi,0.548901,0.552925,4428.874510,92.308123
09433,district,ndvi,0.565175,0.568458,5436.494118,90.813922
09501,district,ndvi,0.530714,0.568351,5205.415686,107.215450
09502,district,ndvi,0.475516,0.475020,932.054902,103.831648
09503,district,ndvi,0.451812,0.474266,1581.631373,102.647190
09504,district,ndvi,0.286338,0.271247,1319.639216,101.296064
09505,district,ndvi,0.595172,0.642301,2114.439216,102.463309
09506,district,ndvi,0.362554,0.338346,582.474510,97.312891
09507,district,ndvi,0.567962,0.607811,1918.874510,100.707290
09508,district,ndvi,0.395700,0.357044,7600.572549,101.877624
09509,district,ndvi,0.234960,0.144864,4132.278431,102.609604
09510,district,ndvi,0.422140,0.439691,6097.207843,135.164081
09511,district,ndvi,0.486669,0.502021,2148.827451,151.740991
09512,district,ndvi,0.434771,0.403752,1203.431373,154.686410
09513,district,ndvi,0.754051,0.806602,9185.380392,135.775023
09514,district,ndvi,0.425913,0.408087,761.850980,151.382073
09515,district,ndvi,0.527810,0.536794,4226.023529,145.420780
09516,district,ndvi,0.383764,0.345416,904.121569,148.575890
09517,district,ndvi,0.416682,0.407963,1719.749020,153.085931
09518,district,ndvi,0.526166,0.544822,1207.050980,148.140615
09519,district,ndvi,0.433051,0.410998,951.341176,157.205489
09520,district,ndvi,0.334705,0.303141,2026.223529,162.434234
09521,district,ndvi,0.456096,0.458733,7447.305882,121.719202
09522,district,ndvi,0.642912,0.730418,11732.945098,92.959471
09523,district,ndvi,0.541453,0.552765,1121.247059,97.413468
09524,district,ndvi,0.205255,0.206826,1915.450980,98.095127
09525,district,ndvi,0.482391,0.535369,2924.482353,97.198363
09526,district,ndvi,0.378724,0.425845,2724.254902,101.016458
09527,district,ndvi,0.621345,0.792958,50170.156863,92.501076
09528,district,ndvi,0.642624,0.658231,5604.933333,96.025497
09529,district,ndvi,0.759220,0.791000,34486.882353,86.439424
09530,district,ndvi,0.546959,0.769634,34820.254902,90.385844
09531,district,ndvi,0.524492,0.769724,78228.380392,71.707213
09532,district,ndvi,0.579858,0.777454,28265.337255,97.691742
09601,district,ndvi,0.483700,0.513398,3541.094118,104.605393
09602,district,ndvi,0.535815,0.552337,665.156863,107.153506
09603,district,ndvi,0.435682,0.408230,1188.439216,104.441449
09604,district,ndvi,0.574096,0.653854,1321.772549,103.800894
09605,district,ndvi,0.418812,0.373348,755.160784,108.658683
09606,district,ndvi,0.658758,0.685319,4661.372549,98.094277
09607,district,ndvi,0.703907,0.771485,5589.792157,95.242067
09608,district,ndvi,0.501316,0.513608,533.474510,101.893014
09609,district,ndvi,0.776184,0.783179,18255.839216,94.553451
09610,district,ndvi,0.553840,0.588196,1703.333333,103.234795
09611,district,ndvi,0.233327,0.200947,1961.223529,98.313110
09612,district,ndvi,0.389324,0.329997,776.098039,95.297350
09613,district,ndvi,0.337898,0.302430,940.960784,100.878376
09614,district,ndvi,0.474893,0.471164,1220.396078,106.522665
09615,district,ndvi,0.364861,0.402028,4474.258824,102.089236
09616,district,ndvi,0.602106,0.611408,4953.713725,103.043889
09617,district,ndvi,0.497474,0.486326,1748.898039,100.196065
09618,district,ndvi,0.577171,0.591991,2539.960784,100.941154
09619,district,ndvi,0.674771,0.740116,8809.529412,98.948251
09620,district,ndvi,0.299331,0.231932,3962.858824,103.661668
09621,district,ndvi,0.385927,0.480949,5142.070588,100.164868
09622,district,ndvi,0.429798,0.428343,913.431373,96.683229
09623,district,ndvi,0.741442,0.808564,31285.309804,93.515847
09624,district,ndvi,0.373835,0.496123,5069.576471,99.147056
09625,district,ndvi,0.680113,0.785210,56900.843137,89.160454
09626,district,ndvi,0.678696,0.740189,10939.568627,87.673722
09627,district,ndvi,0.567542,0.580035,6665.666667,97.988046
09628,district,ndvi,0.562493,0.738345,72685.631373,73.031715
09629,district,ndvi,0.245841,-0.058573,118765.686275,87.237791
09630,district,ndvi,0.780802,0.791049,102829.545098,49.883839
09701,district,ndvi,0.637887,0.712899,14046.176471,109.608628
09702,district,ndvi,0.525919,0.541916,1233.305882,94.945023
09703,district,ndvi,0.565626,0.587787,1836.827451,97.203633
09704,district,ndvi,0.516857,0.548658,1697.341176,96.483956
09705,district,ndvi,0.526247,0.533561,2772.109804,92.926905
09706,district,ndvi,0.779971,0.833971,16260.141176,92.845301
09707,district,ndvi,0.540073,0.540838,2867.184314,99.702046
09708,district,ndvi,0.540778,0.548715,1207.945098,93.120740
09709,district,ndvi,0.453145,0.439753,2429.486275,94.944192
09710,district,ndvi,0.549765,0.560258,2419.341176,95.978944
09711,district,ndvi,0.739929,0.791051,14157.321569,90.233995
09712,district,ndvi,0.789051,0.814439,87003.698039,90.004143
09713,district,ndvi,0.524046,0.525328,2485.784314,97.133689
09714,district,ndvi,0.515021,0.498430,1564.650980,95.860975
09715,district,ndvi,0.631542,0.712671,3262.478431,99.408854
09716,district,ndvi,0.321499,0.252024,5675.956863,101.274356
09717,district,ndvi,0.471033,0.471454,803.039216,96.518589
09718,district,ndvi,0.474293,0.466638,2001.117647,94.300024
09719,district,ndvi,0.529728,0.541475,1191.196078,95.708462
09720,district,ndvi,0.425485,0.415307,2362.839216,102.171578
09721,district,ndvi,0.633595,0.662220,2353.752941,98.653814
09722,district,ndvi,0.540053,0.544786,1152.654902,105.741398
09723,district,ndvi,0.491274,0.478576,1015.521569,105.381324
09724,district,ndvi,0.699094,0.767622,15978.776471,92.810629
09725,district,ndvi,0.752750,0.824057,65042.423529,51.600690
09726,district,ndvi,0.632688,0.654330,6299.901961,46.948848
09727,district,ndvi,0.796216,0.814425,74117.831373,46.278266
09728,district,ndvi,0.653573,0.699329,14927.741176,49.430727
09729,district,ndvi,0.617893,0.626977,6239.858824,51.312038
09730,district,ndvi,0.620108,0.642657,10861.117647,50.587793
09731,district,ndvi,0.682066,0.763942,6911.400000,47.242336
09732,district,ndvi,0.514342,0.698901,16020.411765,46.561699
10101,district,ndvi,0.598204,0.642455,2955.639216,144.173498
10102,district,ndvi,0.467953,0.458795,733.325490,146.362175
10103,district,ndvi,0.520487,0.545141,1714.901961,143.894885
10104,district,ndvi,0.432954,0.427791,2502.141176,149.008711
10105,district,ndvi,0.417059,0.392850,1036.580392,148.995154
10106,district,ndvi,0.491475,0.486142,1577.031373,108.711060
10107,district,ndvi,0.487099,0.498326,1427.894118,92.432234
10108,district,ndvi,0.595536,0.638481,1309.215686,94.933866
10109,district,ndvi,0.673868,0.716568,3518.686275,91.415627
10110,district,ndvi,0.476951,0.476886,753.411765,151.736274
10111,district,ndvi,0.457847,0.446729,874.862745,137.240038
10112,district,ndvi,0.486354,0.493939,657.360784,146.874131
10113,district,ndvi,0.593990,0.658172,3586.835294,135.156692
10114,district,ndvi,0.427434,0.407571,1095.901961,124.279798
10115,district,ndvi,0.461115,0.440245,588.141176,101.286159
10116,district,ndvi,0.481054,0.470425,579.360784,98.525143
10117,district,ndvi,0.629290,0.673896,1624.066667,97.655641
10118,district,ndvi,0.336287,0.306205,896.121569,140.446364
10119,district,ndvi,0.478324,0.477420,613.349020,141.371378
10120,district,ndvi,0.489780,0.475018,865.725490,146.107968
10121,district,ndvi,0.489043,0.494454,964.956863,143.834632
10122,district,ndvi,0.435757,0.431688,385.580392,142.095054
10123,district,ndvi,0.582731,0.619562,1248.643137,141.118111
10124,district,ndvi,0.531988,0.544835,956.603922,110.353981
10125,district,ndvi,0.483930,0.525438,1473.588235,106.677833
10126,district,ndvi,0.503477,0.510327,1723.811765,95.195486
10127,district,ndvi,0.537016,0.541509,1148.294118,94.737438
10128,district,ndvi,0.524282,0.536521,805.466667,93.616109
10129,district,ndvi,0.527309,0.556508,831.345098,98.245036
10130,district,ndvi,0.559663,0.572217,993.556863,92.578516
10131,district,ndvi,0.747903,0.830045,6531.070588,91.435895
10132,district,ndvi,0.484801,0.478527,877.368627,99.260297
10201,district,ndvi,0.473517,0.474239,1557.686275,139.105330
10202,district,ndvi,0.454780,0.427683,843.141176,145.367301
10203,district,ndvi,0.586288,0.627005,1201.039216,138.415284
10204,district,ndvi,0.586350,0.607433,755.921569,138.524237
10205,district,ndvi,0.535767,0.536915,846.105882,142.699671
10206,district,ndvi,0.428835,0.404924,1082.352941,148.904442
10207,district,ndvi,0.487714,0.505654,821.843137,143.001613
10208,district,ndvi,0.600946,0.646651,2036.921569,146.268275
10209,district,ndvi,0.429738,0.438671,765.866667,146.525930
10210,district,ndvi,0.483782,0.486233,3697.054902,131.352895
10211,district,ndvi,0.487921,0.494015,706.258824,146.111318
10212,district,ndvi,0.459921,0.462744,870.741176,141.331536
10213,district,ndvi,0.437152,0.435720,1270.360784,138.865269
10214,district,ndvi,0.553314,0.591777,627.611765,141.271424
10215,district,ndvi,0.484501,0.474594,776.784314,139.857305
10216,district,ndvi,0.507027,0.572335,37041.835294,139.916044
10217,district,ndvi,0.532181,0.544707,562.639216,146.200623
10218,district,ndvi,0.546130,0.572829,584.164706,147.353412
10219,district,ndvi,0.416217,0.409008,907.768627,146.347895
10220,district,ndvi,0.371473,0.349732,2146.580392,147.055868
10221,district,ndvi,0.452074,0.463164,3119.788235,146.328137
10222,district,ndvi,0.521990,0.529418,3241.772549,147.482596
10223,district,ndvi,0.492589,0.490336,3330.941176,144.431778
10224,district,ndvi,0.510157,0.505955,2062.239216,148.791801
10225,district,ndvi,0.485105,0.497952,1423.250980,151.035732
10226,district,ndvi,0.522073,0.529045,1364.364706,150.784162
10227,district,ndvi,0.478851,0.482277,695.572549,153.704518
10228,district,ndvi,0.500639,0.509714,689.647059,153.980797
10229,district,ndvi,0.438027,0.415547,1351.094118,150.236607
10230,district,ndvi,0.481057,0.478329,1161.992157,153.762716
10231,district,ndvi,0.512637,0.513731,1303.227451,148.642255
10232,district,ndvi,0.546616,0.579796,845.580392,130.775242
10233,district,ndvi,0.480597,0.467465,826.666667,122.564364
10234,district,ndvi,0.408625,0.384962,1787.078431,110.565256
10301,district,ndvi,0.698783,0.763754,10060.792157,94.860765
10302,district,ndvi,0.426619,0.423571,769.996078,92.010573
10303,district,ndvi,0.530756,0.619299,4303.039216,91.061830
10304,district,ndvi,0.621747,0.669878,2994.694118,91.821510
10305,district,ndvi,0.450225,0.436806,475.678431,96.736912
10306,district,ndvi,0.413409,0.407995,1709.368627,97.624214
10307,district,ndvi,0.474291,0.466906,1083.427451,99.594862
10308,district,ndvi,0.621743,0.717437,2128.937255,97.852359
10309,district,ndvi,0.684927,0.759902,2750.952941,93.811994
10310,district,ndvi,0.432535,0.416029,1033.807843,99.429108
10311,district,ndvi,0.390288,0.376707,769.898039,97.410923
10312,district,ndvi,0.646757,0.732507,5827.749020,96.390513
10313,district,ndvi,0.511525,0.505550,941.247059,91.579019
10314,district,ndvi,0.486983,0.491589,599.980392,91.561267
10315,district,ndvi,0.526791,0.544621,776.349020,92.767509
10316,district,ndvi,0.426523,0.411493,807.047059,95.509147
10317,district,ndvi,0.386994,0.353354,1462.431373,93.807128
10318,district,ndvi,0.432878,0.392829,876.878431,98.378991
10319,district,ndvi,0.446391,0.440182,808.964706,98.262078
10320,district,ndvi,0.384123,0.369548,713.035294,98.372184
10321,district,ndvi,0.584398,0.619078,1596.125490,96.440953
10322,district,ndvi,0.559007,0.560904,816.466667,96.861479
10323,district,ndvi,0.556880,0.599692,2827.458824,95.030018
10324,district,ndvi,0.486490,0.486360,798.211765,89.461202
10325,district,ndvi,0.440493,0.439060,2692.447059,96.075518
10326,district,ndvi,0.331007,0.314033,916.729412,96.484720
10327,district,ndvi,0.454982,0.454906,724.101961,96.599986
10328,district,ndvi,0.318757,0.302619,1507.145098,94.200891
10329,district,ndvi,0.381122,0.345404,903.890196,94.181191
10330,district,ndvi,0.591610,0.658725,2300.749020,97.856495
10331,district,ndvi,0.505753,0.471405,690.227451,100.170123
10332,district,ndvi,0.348930,0.306876,773.686275,99.967733
10333,district,ndvi,0.438450,0.411970,1136.490196,99.931885
10334,district,ndvi,0.498337,0.490171,1380.184314,98.983307
10335,district,ndvi,0.489407,0.486200,1394.992157,102.318411
10336,district,ndvi,0.458662,0.411701,641.180392,103.885634
10337,district,ndvi,0.437862,0.439344,1227.701961,105.650142
10401,district,ndvi,0.353946,0.310624,26816.054902,128.891947
10402,district,ndvi,0.520560,0.548906,12624.650980,154.414928
10403,district,ndvi,0.560529,0.592247,1375.313725,142.424887
10404,district,ndvi,0.564344,0.611870,715.921569,142.415502
10405,district,ndvi,0.475800,0.470691,1001.701961,147.047034
10406,district,ndvi,0.522090,0.560077,678.847059,146.609962
10407,district,ndvi,0.509577,0.549480,529.447059,150.348266
10408,district,ndvi,0.364185,0.326014,1252.435294,148.741573
10409,district,ndvi,0.555228,0.595984,1527.050980,151.184986
10410,district,ndvi,0.467530,0.474537,1152.509804,149.665263
10411,district,ndvi,0.571245,0.603629,817.643137,146.528765
10412,district,ndvi,0.504506,0.524943,813.501961,151.443447
10413,district,ndvi,0.563448,0.588014,1770.466667,147.447827
10414,district,ndvi,0.523058,0.533200,4739.850980,148.608998
10415,district,ndvi,0.589580,0.607422,3561.149020,139.276140
10416,district,ndvi,0.533791,0.541339,3191.894118,138.754411
10417,district,ndvi,0.499885,0.529183,6410.541176,144.454566
10418,district,ndvi,0.405369,0.385177,899.325490,91.030288
10419,district,ndvi,0.468643,0.474793,1076.443137,90.580408
10420,district,ndvi,0.498808,0.501858,4065.803922,101.915919
10421,district,ndvi,0.639257,0.677951,3704.105882,90.011926
10422,district,ndvi,0.599136,0.650285,10658.619608,100.048449
10423,district,ndvi,0.569303,0.579940,5029.815686,134.961927
10424,district,ndvi,0.585353,0.592134,3607.443137,141.057356
10425,district,ndvi,0.622605,0.681602,12954.831373,120.976402
10426,district,ndvi,0.649239,0.730559,11508.403922,143.064696
10427,district,ndvi,0.350267,0.298730,1078.529412,141.422805
10428,district,ndvi,0.445241,0.482175,6613.627451,136.680371
10429,district,ndvi,0.474195,0.447343,2766.976471,102.089487
10430,district,ndvi,0.519765,0.513493,3711.443137,95.855570
10431,district,ndvi,0.489312,0.494282,4152.960784,134.058437
10432,district,ndvi,0.602942,0.599912,4522.494118,135.879679
10433,district,ndvi,0.636985,0.646435,11266.235294,136.346672
10434,district,ndvi,0.617394,0.638293,4620.074510,121.486926
10435,district,ndvi,0.585432,0.595808,8011.721569,129.254475
10436,district,ndvi,0.682574,0.724357,6237.517647,113.982569
10501,district,ndvi,0.539207,0.540873,3641.337255,97.424788
10502,district,ndvi,0.550972,0.556321,4251.800000,95.322042
10503,district,ndvi,0.538185,0.540854,4917.756863,98.524322
10504,district,ndvi,0.566679,0.583890,5140.317647,96.566969
10505,district,ndvi,0.587424,0.607338,8025.352941,88.534886
10506,district,ndvi,0.520626,0.525314,5082.482353,97.176810
10507,district,ndvi,0.555867,0.560478,4302.694118,97.889222
10508,district,ndvi,0.565232,0.576319,3456.321569,95.946521
10509,district,ndvi,0.560907,0.576531,5405.411765,94.879880
10510,district,ndvi,0.536004,0.556601,5266.152941,101.324075
10511,district,ndvi,0.536097,0.544553,2268.015686,105.864169
10512,district,ndvi,0.496759,0.509671,4616.066667,103.500119
10513,district,ndvi,0.471646,0.478453,6075.741176,104.757376
10514,district,ndvi,0.541671,0.548769,5584.772549,102.808872
10515,district,ndvi,0.571198,0.592024,7356.850980,99.171580
10516,district,ndvi,0.543300,0.537064,4058.266667,96.332365
10517,district,ndvi,0.546607,0.552686,4165.345098,96.116223
10518,district,ndvi,0.674590,0.693517,6627.878431,90.987714
10519,district,ndvi,0.599551,0.611215,3857.270588,101.042535
10520,district,ndvi,0.575288,0.583970,3950.266667,100.851419
10521,district,ndvi,0.574454,0.584195,4509.796078,97.326814
10522,district,ndvi,0.588124,0.595814,4118.439216,94.504426
10523,district,ndvi,0.556519,0.568426,3537.925490,97.647195
10524,district,ndvi,0.579232,0.587815,3901.905882,95.077195
10525,district,ndvi,0.553177,0.556521,4354.972549,98.435029
10526,district,ndvi,0.573682,0.580219,4799.223529,95.759552
10527,district,ndvi,0.605990,0.668066,15371.333333,97.676656
10528,district,ndvi,0.594226,0.607148,4087.898039,90.168616
10529,district,ndvi,0.526864,0.532975,4295.737255,96.862185
10530,district,ndvi,0.545571,0.544928,5193.870588,99.309416
10531,district,ndvi,0.577571,0.583881,3712.572549,91.283007
10532,district,ndvi,0.423292,0.447117,6449.486275,99.748826
10533,district,ndvi,0.509925,0.548891,11817.133333,98.624145
10534,district,ndvi,0.505675,0.525527,3938.235294,95.192091
10535,district,ndvi,0.519176,0.529588,4072.631373,97.281196
10536,district,ndvi,0.425985,0.439449,6802.121569,101.138838
10537,district,ndvi,0.595279,0.599473,4511.211765,101.436883
10601,district,ndvi,0.583497,0.649918,2146.886275,97.540235
10602,district,ndvi,0.457618,0.435026,1496.513725,93.645285
10603,district,ndvi,0.463883,0.462700,1826.043137,91.878026
10604,district,ndvi,0.380969,0.358548,459.098039,87.725387
10605,district,ndvi,0.534787,0.552643,1098.525490,84.349460
10606,district,ndvi,0.378472,0.360978,972.854902,90.833726
10607,district,ndvi,0.530062,0.556122,1412.278431,94.588669
10608,district,ndvi,0.456079,0.415508,595.980392,91.268255
10609,district,ndvi,0.514646,0.521868,2346.011765,88.196933
10610,district,ndvi,0.589021,0.634427,2342.713725,88.059785
10611,district,ndvi,0.521733,0.535759,956.325490,89.785437
10612,district,ndvi,0.530116,0.537337,766.372549,91.682850
10613,district,ndvi,0.628844,0.638288,2196.407843,91.917486
10614,district,ndvi,0.481422,0.466878,595.278431,92.026549
10615,district,ndvi,0.509287,0.508980,1371.980392,96.784848
10616,district,ndvi,0.481539,0.467123,1178.168627,104.211069
10617,district,ndvi,0.549894,0.552812,3176.337255,97.082457
10618,district,ndvi,0.561178,0.556527,3713.921569,91.379792
10619,district,ndvi,0.573289,0.580141,3319.058824,100.214180
10620,district,ndvi,0.541563,0.552696,3412.925490,92.426453
10621,district,ndvi,0.573881,0.603448,808.325490,92.416378
10622,district,ndvi,0.527407,0.541049,1081.505882,101.947060
10623,district,ndvi,0.372524,0.353636,1434.976471,101.975336
10624,district,ndvi,0.538088,0.572837,796.349020,101.490597
10625,district,ndvi,0.401501,0.396338,1007.717647,100.142103
10626,district,ndvi,0.481486,0.486738,603.760784,96.450958
10627,district,ndvi,0.646363,0.697480,2072.525490,91.433280
10628,district,ndvi,0.614074,0.662325,1131.427451,97.497376
10629,district,ndvi,0.625783,0.677060,1908.905882,95.603319
10630,district,ndvi,0.479741,0.474318,953.423529,97.445273
10631,district,ndvi,0.523398,0.548468,900.945098,101.371914
10632,district,ndvi,0.512254,0.533305,3611.341176,104.336148
10633,district,ndvi,0.580702,0.587911,4719.349020,103.817660
11101,district,ndvi,0.586935,0.626789,17828.074510,94.982097
11102,district,ndvi,0.521954,0.505907,45583.466667,120.280068
11103,district,ndvi,0.647385,0.673837,25121.384314,137.696604
11104,district,ndvi,0.558670,0.587701,5003.047059,145.477971
11105,district,ndvi,0.551659,0.560568,1343.156863,96.347735
11106,district,ndvi,0.533013,0.533196,1293.039216,101.137715
11107,district,ndvi,0.512900,0.522029,601.733333,101.327472
11108,district,ndvi,0.480127,0.470491,991.733333,99.647221
11109,district,ndvi,0.570914,0.584024,5289.709804,103.142938
11110,district,ndvi,0.508755,0.536858,1962.470588,98.394729
11111,district,ndvi,0.526041,0.539891,710.200000,98.868328
11112,district,ndvi,0.483877,0.480536,416.274510,100.482996
11113,district,ndvi,0.393725,0.364889,814.121569,100.425798
11114,district,ndvi,0.631444,0.708762,3315.631373,124.246297
11115,district,ndvi,0.460781,0.490927,951.003922,96.386143
11116,district,ndvi,0.490627,0.498207,979.796078,100.020288
11117,district,ndvi,0.488078,0.459190,325.937255,99.023486
11118,district,ndvi,0.519349,0.516951,754.623529,108.599790
11119,district,ndvi,0.478048,0.491344,538.223529,138.728905
11120,district,ndvi,0.520669,0.618951,4528.607843,143.743902
11121,district,ndvi,0.529194,0.517961,1292.537255,90.022913
11122,district,ndvi,0.484617,0.497782,832.698039,106.649413
11123,district,ndvi,0.441914,0.463255,918.662745,146.138624
11124,district,ndvi,0.635159,0.740459,5297.890196,130.608109
11125,district,ndvi,0.448415,0.428654,482.215686,146.018314
11126,district,ndvi,0.621637,0.737492,627.913725,100.819958
11127,district,ndvi,0.669037,0.751739,1309.352941,97.201677
11128,district,ndvi,0.534316,0.573029,430.090196,102.414532
11129,district,ndvi,0.385174,0.361080,200.619608,103.789417
11130,district,ndvi,0.600479,0.654923,1413.000000,98.551770
11131,district,ndvi,0.404368,0.415921,307.121569,104.769268
11132,district,ndvi,0.430020,0.365474,371.866667,101.970093
11133,district,ndvi,0.402174,0.380676,1257.356863,103.746203
11134,district,ndvi,0.499261,0.501920,1793.352941,98.692463
11135,district,ndvi,0.495305,0.494675,847.701961,96.153481
11136,district,ndvi,0.479208,0.458804,698.996078,99.070033
11137,district,ndvi,0.466652,0.470637,1128.698039,95.741660
11138,district,ndvi,0.522352,0.492973,350.909804,95.128104
11201,district,ndvi,0.662527,0.738175,18561.337255,93.859344
11202,district,ndvi,0.387953,0.356595,680.301961,105.453386
11203,district,ndvi,0.529021,0.556650,502.250980,102.371504
11204,district,ndvi,0.467501,0.458553,663.152941,99.669150
11205,district,ndvi,0.533799,0.553137,695.192157,105.729425
11206,district,ndvi,0.537312,0.556590,5662.333333,100.241707
11207,district,ndvi,0.492446,0.485784,692.988235,108.259586
11208,district,ndvi,0.435086,0.388136,700.552941,102.189273
11209,district,ndvi,0.422084,0.443517,3265.435294,100.895558
11210,district,ndvi,0.548350,0.545237,4453.470588,95.835778
11211,district,ndvi,0.443103,0.443703,668.968627,92.341456
11212,district,ndvi,0.545199,0.533287,2703.960784,93.429215
11213,district,ndvi,0.542936,0.545083,4638.270588,90.252229
11214,district,ndvi,0.485162,0.494067,1615.180392,91.213062
11215,district,ndvi,0.544876,0.564574,5021.815686,89.434818
11216,district,ndvi,0.441884,0.431239,1167.450980,90.708700
11217,district,ndvi,0.587209,0.613587,2342.231373,97.758762
11218,district,ndvi,0.480647,0.474855,883.219608,96.796600
11219,district,ndvi,0.434781,0.439959,1329.623529,91.313776
11220,district,ndvi,0.335143,0.283285,23498.576471,103.413677
11221,district,ndvi,0.550998,0.605255,3839.729412,96.745235
11222,district,ndvi,0.456725,0.447621,936.403922,94.739286
11223,district,ndvi,0.501791,0.498955,456.807843,92.560694
11224,district,ndvi,0.408054,0.373091,513.741176,92.213276
11225,district,ndvi,0.260188,0.193076,2122.952941,94.878451
11226,district,ndvi,0.465503,0.501914,13356.309804,94.025677
11227,district,ndvi,0.429451,0.408053,592.341176,90.431985
11228,district,ndvi,0.356142,0.325390,1840.294118,95.349880
11229,district,ndvi,0.328507,0.318366,3756.811765,96.619389
11230,district,ndvi,0.449395,0.419922,836.498039,92.794400
11231,district,ndvi,0.451505,0.439090,1153.435294,91.408852
11232,district,ndvi,0.467957,0.435357,662.270588,93.189887
11233,district,ndvi,0.371053,0.341712,638.349020,91.559679
11234,district,ndvi,0.549727,0.568299,895.760784,92.499398
11235,district,ndvi,0.440663,0.427924,693.486275,94.939861
11236,district,ndvi,0.542126,0.557075,711.164706,92.547387
11237,district,ndvi,0.322769,0.291425,1871.941176,94.777440
11301,district,ndvi,0.436401,0.455113,2140.164706,88.175993
11302,district,ndvi,0.423348,0.400551,580.243137,94.812614
11303,district,ndvi,0.504043,0.505402,671.905882,92.865679
11304,district,ndvi,0.456308,0.447609,873.901961,95.121479
11305,district,ndvi,0.491697,0.499226,629.403922,99.461352
11306,district,ndvi,0.425200,0.424625,767.454902,99.155881
11307,district,ndvi,0.443891,0.444999,986.203922,97.663399
11308,district,ndvi,0.545917,0.627091,2354.858824,97.547978
11309,district,ndvi,0.375740,0.357331,1961.117647,98.139362
11310,district,ndvi,0.475403,0.471095,1194.203922,96.043330
11311,district,ndvi,0.508835,0.509997,679.701961,92.002458
11312,district,ndvi,0.541654,0.596959,528.807843,97.002047
11313,district,ndvi,0.477542,0.428134,565.196078,96.223882
11314,district,ndvi,0.515405,0.510313,396.972549,94.527818
11315,district,ndvi,0.369319,0.338261,1166.294118,93.863190
11316,district,ndvi,0.508793,0.502412,963.133333,93.018628
11317,district,ndvi,0.482759,0.471233,566.043137,96.937966
11318,district,ndvi,0.526714,0.548190,525.800000,95.657031
11319,district,ndvi,0.455263,0.455510,725.678431,95.309104
11320,district,ndvi,0.439330,0.419510,371.168627,97.790962
11321,district,ndvi,0.318883,0.240455,9160.815686,101.298070
11322,district,ndvi,0.369387,0.318393,552.078431,97.486085
11323,district,ndvi,0.447458,0.404634,524.023529,99.519599
11324,district,ndvi,0.459201,0.431511,12097.109804,101.547499
11325,district,ndvi,0.295458,0.181821,4498.670588,102.831186
11326,district,ndvi,0.659557,0.705086,10701.972549,99.420461
11327,district,ndvi,0.540981,0.556735,1245.313725,95.255420
11328,district,ndvi,0.471101,0.454620,1019.145098,96.242475
11329,district,ndvi,0.431595,0.397073,526.705882,93.937466
11330,district,ndvi,0.312553,0.267251,1579.941176,97.148593
11331,district,ndvi,0.466585,0.474513,1473.086275,93.837511
11332,district,ndvi,0.409233,0.372647,570.984314,94.281715
11333,district,ndvi,0.558308,0.611192,1012.023529,96.329292
11334,district,ndvi,0.387032,0.380604,540.556863,98.031130
11335,district,ndvi,0.494126,0.517596,1829.721569,99.270477
11336,district,ndvi,0.531256,0.555932,836.133333,146.619654
11337,district,ndvi,0.457617,0.450704,844.584314,148.437203
11338,district,ndvi,0.479241,0.447521,753.835294,155.599580
11339,district,ndvi,0.582761,0.564618,824.054902,154.027468
11401,district,ndvi,0.481742,0.489975,1374.858824,97.767665
11402,district,ndvi,0.493723,0.502551,772.274510,98.396577
11403,district,ndvi,0.376483,0.341426,1390.047059,98.314073
11404,district,ndvi,0.487570,0.501925,421.615686,97.228867
11405,district,ndvi,0.451951,0.447512,424.427451,97.304438
11406,district,ndvi,0.573033,0.639032,557.360784,93.613494
11407,district,ndvi,0.564763,0.626859,505.807843,95.417154
11408,district,ndvi,0.461547,0.451598,1096.698039,94.832402
11409,district,ndvi,0.444727,0.438958,545.301961,99.077978
11410,district,ndvi,0.349289,0.302478,635.596078,104.170703
11411,district,ndvi,0.300380,0.220856,2661.894118,105.008134
11412,district,ndvi,0.472103,0.454547,1751.705882,95.687740
11413,district,ndvi,0.330360,0.275013,4235.933333,105.249732
11414,district,ndvi,0.588776,0.666157,1700.580392,101.031664
11415,district,ndvi,0.454315,0.440121,791.490196,107.106119
11416,district,ndvi,0.367214,0.322967,559.462745,108.494242
11417,district,ndvi,0.476670,0.431386,764.419608,104.631231
11418,district,ndvi,0.430950,0.411759,3524.831373,100.656323
11419,district,ndvi,0.413657,0.400148,1053.043137,100.583225
11420,district,ndvi,0.449968,0.430592,922.513725,97.946191
11421,district,ndvi,0.495045,0.509771,1168.141176,103.193275
11422,district,ndvi,0.408961,0.378435,463.431373,98.302814
11423,district,ndvi,0.375583,0.306753,547.133333,95.168034
11424,district,ndvi,0.348674,0.283154,1072.984314,101.594201
11425,district,ndvi,0.469005,0.403776,760.215686,103.659575
11426,district,ndvi,0.251447,0.193461,1671.945098,105.456474
11427,district,ndvi,0.330523,0.279641,870.729412,100.327204
11428,district,ndvi,0.335716,0.282123,834.050980,96.435973
11429,district,ndvi,0.368666,0.358045,683.411765,102.342273
11430,district,ndvi,0.458848,0.502004,565.227451,102.537927
11431,district,ndvi,0.469035,0.474224,1149.694118,99.699787
11432,district,ndvi,0.520164,0.525560,903.419608,98.666361
11433,district,ndvi,0.226875,0.181987,3178.203922,98.869660
11434,district,ndvi,0.462913,0.486097,1322.713725,98.841565
11435,district,ndvi,0.387740,0.377175,3200.101961,97.088976
11436,district,ndvi,0.359604,0.330040,1089.513725,102.340836
11437,district,ndvi,0.306412,0.267889,1810.043137,101.961398
11438,district,ndvi,0.399327,0.356918,868.592157,91.649462
11501,district,ndvi,0.323144,0.263473,939.658824,93.641718
11502,district,ndvi,0.399696,0.369642,871.227451,93.240778
11503,district,ndvi,0.395139,0.373442,624.784314,95.665874
11504,district,ndvi,0.396503,0.361650,443.698039,99.125487
11505,district,ndvi,0.456191,0.451336,815.525490,99.561822
11506,district,ndvi,0.376849,0.346374,534.215686,102.365366
11507,district,ndvi,0.413920,0.385158,2254.090196,128.926525
11508,district,ndvi,0.321865,0.283095,568.396078,91.228893
11509,district,ndvi,0.502137,0.513432,934.015686,94.611356
11510,district,ndvi,0.475314,0.470195,729.713725,93.512831
11511,district,ndvi,0.546990,0.552380,860.345098,94.190384
11512,district,ndvi,0.441362,0.419419,874.745098,98.408724
11513,district,ndvi,0.441075,0.399733,999.741176,98.441059
11514,district,ndvi,0.425244,0.423343,687.619608,95.657095
11515,district,ndvi,0.388112,0.326321,524.121569,96.655416
11516,district,ndvi,0.466585,0.460014,715.321569,94.188770
11517,district,ndvi,0.520960,0.525329,1570.650980,96.892646
11518,district,ndvi,0.596082,0.618686,920.435294,98.050053
11519,district,ndvi,0.573108,0.608019,1845.494118,95.944813
11520,district,ndvi,0.341303,0.299179,1655.600000,99.844149
11521,district,ndvi,0.692267,0.771384,12508.858824,131.096075
11522,district,ndvi,0.447347,0.426566,645.737255,96.549097
11523,district,ndvi,0.424302,0.392880,793.207843,93.647858
11524,district,ndvi,0.449342,0.435985,588.964706,92.792025
11525,district,ndvi,0.456011,0.422128,493.345098,93.464536
11526,district,ndvi,0.430680,0.412207,421.564706,93.087331
11527,district,ndvi,0.443024,0.412490,599.443137,90.243409
11528,district,ndvi,0.452773,0.459236,753.984314,93.573632
11529,district,ndvi,0.474713,0.501734,2939.556863,88.778251
11530,district,ndvi,0.444041,0.404069,1604.470588,89.408405
11531,district,ndvi,0.595475,0.642543,1514.501961,93.895240
11532,district,ndvi,0.586702,0.666228,1077.674510,95.910457
11533,district,ndvi,0.560581,0.580371,999.576471,96.389106
11534,district,ndvi,0.602546,0.634627,1089.949020,98.148904
11535,district,ndvi,0.514591,0.541559,880.752941,98.088480
11536,district,ndvi,0.560510,0.592154,577.325490,98.476436
11537,district,ndvi,0.449477,0.434579,446.501961,99.534938
11538,district,ndvi,0.585909,0.650558,3959.027451,124.117482
11601,district,ndvi,0.337059,0.329781,2022.815686,95.862165
11602,district,ndvi,0.413479,0.364549,1280.262745,91.078216
11603,district,ndvi,0.255039,0.183935,19321.031373,92.814768
11604,district,ndvi,0.470957,0.506201,2216.658824,91.322283
11605,district,ndvi,0.573432,0.607620,1100.850980,93.454020
11606,district,ndvi,0.578227,0.634583,842.588235,90.004943
11607,district,ndvi,0.595684,0.669728,1503.494118,91.442976
11608,district,ndvi,0.410671,0.384349,550.960784,96.307534
11609,district,ndvi,0.515074,0.529705,1297.007843,97.251502
11610,district,ndvi,0.612677,0.669979,503.090196,97.648704
11611,district,ndvi,0.578032,0.623094,490.411765,97.214290
11612,district,ndvi,0.395087,0.361174,1196.349020,96.651564
11613,district,ndvi,0.555046,0.591633,2045.976471,97.520588
11614,district,ndvi,0.563952,0.603412,1973.823529,95.827002
11615,district,ndvi,0.413805,0.384547,1930.411765,99.940547
11616,district,ndvi,0.614013,0.630471,3327.478431,131.851712
11617,district,ndvi,0.599261,0.634764,3029.788235,136.651082
11618,district,ndvi,0.513678,0.513032,805.090196,96.662252
11619,district,ndvi,0.434292,0.411092,745.003922,115.054760
11620,district,ndvi,0.530237,0.544787,1660.894118,142.497389
11621,district,ndvi,0.574913,0.592075,2962.729412,136.188374
11622,district,ndvi,0.544672,0.560580,3320.666667,137.908486
11623,district,ndvi,0.529101,0.568424,4165.670588,136.073293
11624,district,ndvi,0.497129,0.489772,1023.082353,94.927796
11625,district,ndvi,0.449620,0.435607,736.882353,95.410090
11626,district,ndvi,0.411909,0.400216,1213.631373,96.167784
11627,district,ndvi,0.463463,0.450599,1142.266667,135.275204
11628,district,ndvi,0.504579,0.517216,985.298039,137.266399
11629,district,ndvi,0.568207,0.611321,12208.639216,143.720370
11630,district,ndvi,0.370856,0.330200,3472.572549,95.473183
11631,district,ndvi,0.578371,0.576733,1552.094118,94.907247
11632,district,ndvi,0.441857,0.439253,1736.305882,92.061901
11633,district,ndvi,0.541062,0.591911,4491.168627,90.943046
11634,district,ndvi,0.686881,0.728581,3593.890196,91.150998
11635,district,ndvi,0.479613,0.466824,6006.462745,123.400834
11636,district,ndvi,0.499932,0.509554,3519.309804,146.437346
12101,district,ndvi,0.383893,0.353270,18585.701961,104.012299
12102,district,ndvi,0.629977,0.681605,2230.921569,101.940123
12103,district,ndvi,0.502418,0.498121,913.741176,90.003888
12104,district,ndvi,0.446834,0.427315,1510.082353,99.614172
12105,district,ndvi,0.545269,0.548242,1329.839216,99.720347
12106,district,ndvi,0.412305,0.376768,1319.321569,102.607609
12107,district,ndvi,0.479322,0.501603,1315.235294,104.470131
12108,district,ndvi,0.517928,0.532864,1035.607843,105.872391
12109,district,ndvi,0.562144,0.564709,1094.662745,105.568423
12110,district,ndvi,0.517323,0.529522,1305.250980,103.407984
12111,district,ndvi,0.450431,0.423769,3631.066667,95.744121
12112,district,ndvi,0.495348,0.489871,848.796078,87.000005
12113,district,ndvi,0.514258,0.536713,1540.407843,90.317601
12114,district,ndvi,0.620310,0.650479,1283.960784,89.749684
12115,district,ndvi,0.488878,0.497702,1665.478431,97.609990
12116,district,ndvi,0.439175,0.415789,1046.764706,101.815604
12117,district,ndvi,0.554442,0.607357,2814.784314,98.117734
12118,district,ndvi,0.536296,0.587905,1985.192157,100.689481
12119,district,ndvi,0.468124,0.470493,702.843137,105.105108
12120,district,ndvi,0.417604,0.403849,1009.141176,104.938643
12121,district,ndvi,0.418429,0.396903,1502.552941,107.637579
12122,district,ndvi,0.485317,0.510242,2424.862745,102.756061
12123,district,ndvi,0.551001,0.580529,1092.976471,97.884457
12124,district,ndvi,0.487824,0.489835,857.396078,98.511956
12125,district,ndvi,0.368645,0.353782,981.321569,103.722803
12126,district,ndvi,0.343105,0.318344,2015.556863,107.222629
12127,district,ndvi,0.466139,0.474027,1727.815686,105.003620
12128,district,ndvi,0.415044,0.400811,723.474510,106.222022
12129,district,ndvi,0.507870,0.528933,1298.219608,96.371399
12201,district,ndvi,0.547606,0.561161,1690.705882,100.042862
12202,district,ndvi,0.521669,0.525271,1877.603922,93.938395
12203,district,ndvi,0.582766,0.576057,4009.364706,89.803710
12204,district,ndvi,0.510739,0.509629,3102.984314,94.633226
12205,district,ndvi,0.441247,0.447097,3347.639216,88.702742
12206,district,ndvi,0.480766,0.534791,20498.490196,90.550607
12207,district,ndvi,0.550099,0.595985,2139.592157,99.310603
12208,district,ndvi,0.556079,0.607210,2552.145098,93.286748
12209,district,ndvi,0.410167,0.376743,1996.745098,99.536939
12210,district,ndvi,0.401766,0.380604,2898.615686,101.422085
12211,district,ndvi,0.628901,0.662098,4816.376471,95.058143
12212,district,ndvi,0.538978,0.556655,1040.925490,98.466606
12213,district,ndvi,0.361680,0.329652,1734.976471,102.287266
12214,district,ndvi,0.630450,0.685867,3243.682353,90.148082
12215,district,ndvi,0.446376,0.435833,774.168627,99.622188
12216,district,ndvi,0.353482,0.318078,980.439216,98.893113
12217,district,ndvi,0.425870,0.435538,1940.756863,104.158693
12218,district,ndvi,0.584573,0.689340,5546.396078,101.726625
12219,district,ndvi,0.565948,0.576011,2079.458824,99.800849
12220,district,ndvi,0.435728,0.436052,936.356863,94.761407
12221,district,ndvi,0.442002,0.420435,1049.427451,99.910184
12222,district,ndvi,0.353435,0.322088,3750.905882,101.886844
12223,district,ndvi,0.532953,0.548893,77090.678431,88.027473
12224,district,ndvi,0.441310,0.431709,2594.478431,94.427064
12225,district,ndvi,0.538634,0.553051,2258.541176,100.068352
12226,district,ndvi,0.466997,0.459211,1265.082353,97.812819
12227,district,ndvi,0.449415,0.462928,2956.113725,95.030586
12228,district,ndvi,0.523112,0.525468,1459.666667,95.691066
12229,district,ndvi,0.346356,0.306769,3179.349020,103.348219
12301,district,ndvi,0.503355,0.549184,6128.403922,90.647744
12302,district,ndvi,0.653821,0.689463,4824.858824,88.144582
12303,district,ndvi,0.742399,0.806629,23657.215686,86.586366
12304,district,ndvi,0.721936,0.839907,144366.670588,87.250717
12305,district,ndvi,0.381232,0.488382,7401.823529,85.428946
12306,district,ndvi,0.630634,0.643184,3874.494118,91.222657
12307,district,ndvi,0.623875,0.634778,7217.952941,84.476861
12308,district,ndvi,0.614876,0.630925,3070.380392,88.755711
12309,district,ndvi,0.635609,0.650681,4091.419608,88.537870
12310,district,ndvi,0.277627,0.175576,16651.003922,88.183560
12311,district,ndvi,0.591223,0.588043,4175.988235,86.430754
12312,district,ndvi,0.564973,0.568572,3935.031373,85.135462
12313,district,ndvi,0.534146,0.628936,5120.247059,85.259018
12314,district,ndvi,0.441619,0.435597,1195.321569,101.197584
12315,district,ndvi,0.594778,0.628883,4739.250980,86.249169
12316,district,ndvi,0.319448,0.275676,743.776471,100.261643
12317,district,ndvi,0.294715,0.232407,6486.490196,99.135931
12318,district,ndvi,0.512471,0.644836,7637.203922,91.400128
12319,district,ndvi,0.253744,0.128922,7639.431373,92.653596
12320,district,ndvi,0.502271,0.505067,796.560784,91.671376
12321,district,ndvi,0.444864,0.443552,855.396078,88.757819
12322,district,ndvi,0.578283,0.595813,1482.741176,86.821877
12323,district,ndvi,0.463133,0.535418,3898.156863,95.795670
12324,district,ndvi,0.404182,0.550854,28182.721569,89.122026
12325,district,ndvi,0.201329,0.057922,4788.035294,94.519171
12326,district,ndvi,0.609992,0.615224,3419.172549,89.148169
12327,district,ndvi,0.591325,0.595927,4557.850980,86.175748
12328,district,ndvi,0.681360,0.705044,15725.360784,82.142516
12329,district,ndvi,0.573136,0.584205,1428.094118,89.575071
12330,district,ndvi,0.451455,0.439825,809.490196,103.044380
12401,district,ndvi,0.500104,0.494109,2267.847059,102.946440
12402,district,ndvi,0.490070,0.509823,3689.937255,98.615956
12403,district,ndvi,0.525898,0.553034,3315.984314,100.014054
12404,district,ndvi,0.473084,0.490320,815.031373,98.345946
12405,district,ndvi,0.483779,0.501763,829.603922,99.442474
12406,district,ndvi,0.438984,0.435878,2126.321569,96.625113
12407,district,ndvi,0.604262,0.634818,3664.235294,91.002764
12408,district,ndvi,0.649862,0.752042,7499.564706,94.605847
12409,district,ndvi,0.499345,0.537180,2538.423529,100.157810
12410,district,ndvi,0.545940,0.579830,2883.231373,99.111916
12411,district,ndvi,0.473876,0.486362,8962.023529,96.658491
12412,district,ndvi,0.571764,0.603572,4248.545098,96.338611
12413,district,ndvi,0.654022,0.677518,7172.984314,92.943726
12414,district,ndvi,0.498675,0.545037,4120.929412,95.265224
12415,district,ndvi,0.409972,0.360986,1437.568627,100.502540
12416,district,ndvi,0.557794,0.576547,1572.686275,94.891044
12417,district,ndvi,0.587359,0.626866,3676.207843,100.949356
12418,district,ndvi,0.500562,0.506039,2057.568627,95.031497
12419,district,ndvi,0.506520,0.521809,4558.807843,100.085969
12420,district,ndvi,0.557731,0.560460,1877.125490,95.166838
12421,district,ndvi,0.523190,0.548874,5204.039216,94.989938
12422,district,ndvi,0.237506,0.150302,8460.470588,101.944886
12423,district,ndvi,0.280554,0.228504,5094.007843,96.589577
12424,district,ndvi,0.654063,0.752032,5585.082353,101.085846
12425,district,ndvi,0.427903,0.415296,2073.109804,94.426439
12426,district,ndvi,0.510174,0.525209,1521.125490,99.361757
12427,district,ndvi,0.537707,0.572773,2156.180392,102.664156
12428,district,ndvi,0.646534,0.669922,2812.243137,99.090865
12429,district,ndvi,0.482268,0.466128,1006.019608,95.228745
12430,district,ndvi,0.524469,0.521384,1300.913725,96.017981
12501,district,ndvi,0.667973,0.722708,11361.721569,94.108414
12502,district,ndvi,0.626062,0.642559,24367.749020,88.817324
12503,district,ndvi,0.643553,0.669643,5028.160784,96.379439
12504,district,ndvi,0.574280,0.626184,752.639216,87.646353
12505,district,ndvi,0.536826,0.533075,546.301961,91.059093
12506,district,ndvi,0.476412,0.455040,4517.976471,86.373856
12507,district,ndvi,0.498363,0.482684,916.007843,90.506777
12508,district,ndvi,0.547215,0.595452,435.129412,94.347312
12509,district,ndvi,0.328224,0.232373,3460.164706,98.042808
12510,district,ndvi,0.643054,0.673944,3147.839216,90.670783
12511,district,ndvi,0.569613,0.604058,2098.854902,90.219147
12512,district,ndvi,0.551177,0.578700,983.015686,89.704060
12513,district,ndvi,0.550944,0.576396,2056.694118,95.464170
12514,district,ndvi,0.431962,0.404149,1813.603922,96.691192
12515,district,ndvi,0.593086,0.666324,653.674510,91.261928
12516,district,ndvi,0.585351,0.626699,525.125490,91.211520
12517,district,ndvi,0.477099,0.478802,1096.152941,101.363074
12518,district,ndvi,0.458313,0.447558,1315.929412,101.644394
12519,district,ndvi,0.614387,0.673523,1128.643137,97.719340
12520,district,ndvi,0.578378,0.623428,609.482353,92.498707
12521,district,ndvi,0.513374,0.513978,2074.498039,101.718473
12522,district,ndvi,0.507947,0.493569,918.478431,96.148660
12523,district,ndvi,0.549376,0.583630,1012.619608,94.558970
12524,district,ndvi,0.589619,0.649209,937.752941,98.218315
12525,district,ndvi,0.482053,0.482450,2726.600000,97.129970
12526,district,ndvi,0.507648,0.498179,657.298039,94.651168
12527,district,ndvi,0.557954,0.580236,5304.333333,97.427012
12528,district,ndvi,0.510198,0.572217,1131.592157,94.970189
12601,district,ndvi,0.808189,0.830042,20040.835294,87.309890
12602,district,ndvi,0.677355,0.701168,4564.164706,88.517994
12603,district,ndvi,0.664181,0.681579,3660.788235,90.919609
12604,district,ndvi,0.694011,0.720794,4613.537255,83.736526
12605,district,ndvi,0.677280,0.697230,4357.580392,88.545245
12606,district,ndvi,0.670795,0.685609,4048.905882,86.798449
12607,district,ndvi,0.700168,0.728231,3183.964706,83.463135
12608,district,ndvi,0.627807,0.638745,3809.400000,88.810518
12609,district,ndvi,0.636128,0.658228,4250.756863,86.678821
12610,district,ndvi,0.706047,0.732531,5481.364706,91.010897
12611,district,ndvi,0.650037,0.666120,3410.031373,85.268665
12612,district,ndvi,0.675886,0.705031,5709.329412,91.059046
12613,district,ndvi,0.687504,0.712649,4949.074510,93.483254
12614,district,ndvi,0.671158,0.724520,5679.254902,94.625187
12615,district,ndvi,0.584423,0.587668,3134.815686,96.176315
12616,district,ndvi,0.614949,0.627057,4656.878431,97.936223
12617,district,ndvi,0.551502,0.564274,2163.356863,100.545610
12618,district,ndvi,0.576951,0.599416,3223.650980,96.068404
12619,district,ndvi,0.699360,0.787083,9997.015686,96.844115
12620,district,ndvi,0.704388,0.767526,6548.607843,93.620189
12621,district,ndvi,0.589660,0.607161,2908.219608,96.016804
12622,district,ndvi,0.709354,0.755807,6686.721569,91.041778
12623,district,ndvi,0.680965,0.705114,4501.588235,97.923779
12624,district,ndvi,0.611951,0.638966,5456.294118,93.983305
12625,district,ndvi,0.618757,0.635119,3536.325490,95.938181
12626,district,ndvi,0.608880,0.626996,3840.737255,94.025039
12627,district,ndvi,0.612957,0.638732,3055.317647,96.798185
12628,district,ndvi,0.743401,0.810649,7278.756863,84.876128
12629,district,ndvi,0.738999,0.802855,4156.525490,94.620606
12630,district,ndvi,0.655276,0.673701,2974.207843,97.898570
12631,district,ndvi,0.599095,0.619319,3239.552941,97.499603
01101,residential,ndvi,0.318724,0.271478,441.580392,101.344209
01102,residential,ndvi,0.365191,0.329446,370.074510,94.842438
01103,residential,ndvi,0.279196,0.233450,429.172549,98.526631
01104,residential,ndvi,0.313076,0.267748,496.992157,91.392060
01105,residential,ndvi,0.325712,0.286486,844.741176,105.810310
01106,residential,ndvi,0.190281,0.154355,1739.458824,107.470994
01107,residential,ndvi,0.396466,0.353090,474.705882,91.702437
01108,residential,ndvi,0.379085,0.346499,554.556863,92.751216
01109,residential,ndvi,0.362421,0.272369,283.411765,93.828200
01110,residential,ndvi,0.513621,0.537015,618.819608,93.970355
01111,residential,ndvi,0.426259,0.432699,394.309804,104.354355
01112,residential,ndvi,0.257045,0.205173,1290.756863,101.838140
01113,residential,ndvi,0.327808,0.271744,356.133333,94.510483
01114,residential,ndvi,0.196014,0.178360,918.211765,105.707330
01115,residential,ndvi,0.441846,0.432332,950.803922,95.705488
01116,residential,ndvi,0.294422,0.250831,436.039216,91.112177
01117,residential,ndvi,0.366182,0.337663,747.235294,105.192611
01118,residential,ndvi,0.352671,0.285728,351.113725,92.279302
01119,residential,ndvi,0.228249,0.158704,649.549020,101.803936
01120,residential,ndvi,0.343458,0.290781,583.439216,92.055620
01121,residential,ndvi,0.282168,0.228635,2697.443137,103.028419
01122,residential,ndvi,0.261478,0.198117,793.133333,92.900904
01123,residential,ndvi,0.273335,0.212727,476.525490,94.301076
01124,residential,ndvi,0.271435,0.216722,1129.419608,103.244012
01125,residential,ndvi,0.376203,0.341633,1085.870588,101.179236
01126,residential,ndvi,0.304780,0.247864,482.709804,96.730516
01127,residential,ndvi,0.181118,0.130707,1236.815686,90.712516
01128,residential,ndvi,0.280030,0.216505,715.584314,96.033265
01129,residential,ndvi,0.288508,0.228346,591.552941,94.321865
01130,residential,ndvi,0.275363,0.208187,1335.925490,98.704859
01131,residential,ndvi,0.238122,0.170240,519.149020,95.689099
01132,residential,ndvi,0.183395,0.130555,2871.427451,90.394351
01133,residential,ndvi,0.182771,0.154297,593.172549,106.018273
01201,residential,ndvi,0.446356,0.415840,730.109804,98.295749
01202,residential,ndvi,0.285090,0.235796,519.788235,94.634293
01203,residential,ndvi,0.280542,0.193656,589.600000,91.602263
01204,residential,ndvi,0.283722,0.225013,822.498039,97.322075
01205,residential,ndvi,0.179189,0.123062,1317.462745,94.677041
01206,residential,ndvi,0.286814,0.228589,496.592157,95.301403
01207,residential,ndvi,0.274295,0.196938,876.737255,86.977193
01208,residential,ndvi,0.385211,0.359307,500.274510,99.693118
01209,residential,ndvi,0.518090,0.541213,904.494118,110.816142
01210,residential,ndvi,0.270179,0.193143,1040.901961,92.016166
01211,residential,ndvi,0.192629,0.150792,691.749020,94.025222
01212,residential,ndvi,0.473744,0.506195,822.117647,102.451579
01213,residential,ndvi,0.332252,0.280039,976.780392,98.711818
01214,residential,ndvi,0.307689,0.251443,1017.717647,103.190688
01215,residential,ndvi,0.549728,0.587348,539.654902,101.443355
01216,residential,ndvi,0.413709,0.425544,267.239216,95.680744
01217,residential,ndvi,0.207095,0.138381,1897.203922,92.903023
01218,residential,ndvi,0.193823,0.111254,603.345098,96.680195
01219,residential,ndvi,0.150396,0.091778,2317.509804,91.135250
01220,residential,ndvi,0.221936,0.169997,2924.776471,95.836833
01221,residential,ndvi,0.201786,0.130375,1500.443137,99.330854
01222,residential,ndvi,0.381322,0.301736,409.266667,93.161264
01223,residential,ndvi,0.259254,0.239813,312.952941,100.842086
01224,residential,ndvi,0.249939,0.197469,764.368627,98.171517
01225,residential,ndvi,0.295861,0.255726,1165.090196,93.001494
01226,residential,ndvi,0.189478,0.150454,895.047059,96.329237
01227,residential,ndvi,0.384267,0.344867,683.654902,98.112699
01228,residential,ndvi,0.258715,0.161607,192.486275,96.303683
01229,residential,ndvi,0.416923,0.383984,787.345098,98.933836
01230,residential,ndvi,0.297496,0.227564,454.776471,95.252087
01231,residential,ndvi,0.526650,0.556462,875.031373,95.903986
01232,residential,ndvi,0.433243,0.415694,564.474510,96.256341
01233,residential,ndvi,0.385088,0.387940,390.717647,97.067708
01234,residential,ndvi,0.461456,0.454952,498.482353,96.996389
01301,residential,ndvi,0.205481,0.154295,1301.403922,97.465175
01302,residential,ndvi,0.361774,0.290125,274.945098,96.423828
01303,residential,ndvi,0.345384,0.298382,372.341176,96.496003
01304,residential,ndvi,0.441380,0.443709,841.250980,102.145353
01305,residential,ndvi,0.280923,0.225066,392.972549,97.593535
01306,residential,ndvi,0.363719,0.318118,1331.803922,99.554483
01307,residential,ndvi,0.382273,0.288704,397.874510,98.712886
01308,residential,ndvi,0.322689,0.263361,374.474510,95.222251
01309,residential,ndvi,0.275841,0.239836,264.203922,95.715995
01310,residential,ndvi,0.279260,0.256332,711.352941,99.501315
01311,residential,ndvi,0.308506,0.256295,328.231373,94.527904
01312,residential,ndvi,0.340666,0.286410,624.172549,93.786239
01313,residential,ndvi,0.424813,0.388209,354.207843,100.667338
01314,residential,ndvi,0.500925,0.497393,538.623529,100.500171
01315,residential,ndvi,0.322229,0.260554,437.384314,94.196121
01316,residential,ndvi,0.385011,0.352789,435.556863,103.989421
01317,residential,ndvi,0.411145,0.404885,491.058824,102.211787
01318,residential,ndvi,0.431818,0.393102,364.698039,90.507570
01319,residential,ndvi,0.525502,0.556897,627.756863,96.988156
01320,residential,ndvi,0.497334,0.525238,843.011765,98.697932
01321,residential,ndvi,0.357168,0.326255,385.196078,94.459934
01322,residential,ndvi,0.421347,0.395996,367.784314,93.717545
01323,residential,ndvi,0.430363,0.408970,634.380392,97.764927
01324,residential,ndvi,0.550290,0.588908,1220.756863,96.962839
01325,residential,ndvi,0.298194,0.255732,3198.400000,96.192419
01326,residential,ndvi,0.546439,0.595102,4003.878431,100.013481
01327,residential,ndvi,0.338967,0.298393,1479.003922,96.457242
01328,residential,ndvi,0.343944,0.302741,1091.611765,95.995635
01329,residential,ndvi,0.325701,0.263482,1384.549020,94.582281
01330,residential,ndvi,0.317201,0.275296,568.839216,102.465751
01331,residential,ndvi,0.268094,0.197803,880.776471,93.402679
01332,residential,ndvi,0.276013,0.220686,841.176471,99.287473
01401,residential,ndvi,0.281263,0.236171,422.396078,104.849867
01402,residential,ndvi,0.196398,0.158529,396.360784,102.376148
01403,residential,ndvi,0.343525,0.290910,495.474510,102.734792
01404,residential,ndvi,0.350406,0.318481,3914.968627,98.687796
01405,residential,ndvi,0.390597,0.385035,991.564706,106.579073
01406,residential,ndvi,0.209172,0.163215,305.356863,109.192613
01407,residential,ndvi,0.228306,0.150112,2068.176471,101.481957
01408,residential,ndvi,0.201998,0.138343,1572.352941,101.125597
01409,residential,ndvi,0.400319,0.343607,531.235294,103.409124
01410,residential,ndvi,0.282041,0.232114,345.180392,97.521126
01411,residential,ndvi,0.391433,0.349169,502.078431,95.627767
01412,residential,ndvi,0.344022,0.307008,421.188235,98.852369
01413,residential,ndvi,0.380840,0.348725,519.725490,100.243349
01414,residential,ndvi,0.406254,0.385172,1040.592157,97.209315
01415,residential,ndvi,0.515115,0.521612,420.270588,93.382069
01416,residential,ndvi,0.388054,0.329654,354.980392,100.684346
01417,residential,ndvi,0.293554,0.239505,336.254902,95.213680
01418,residential,ndvi,0.339712,0.278993,413.317647,97.152624
01419,residential,ndvi,0.389655,0.369671,518.756863,101.112962
01420,residential,ndvi,0.369416,0.334844,435.172549,96.027161
01421,residential,ndvi,0.234713,0.197871,526.831373,96.199699
01422,residential,ndvi,0.319470,0.263493,604.776471,96.119370
01423,residential,ndvi,0.268649,0.217142,370.152941,95.338175
01424,residential,ndvi,0.340983,0.287216,394.180392,100.419515
01425,residential,ndvi,0.275188,0.244341,508.301961,100.983065
01426,residential,ndvi,0.383609,0.349995,578.686275,99.126066
01427,residential,ndvi,0.426291,0.389024,431.219608,94.759306
01428,residential,ndvi,0.426317,0.399807,1293.149020,93.985805
01429,residential,ndvi,0.342452,0.299826,519.721569,93.529092
01430,residential,ndvi,0.278523,0.208193,455.596078,99.891545
01501,residential,ndvi,0.545101,0.583929,949.180392,98.978991
01502,residential,ndvi,0.519525,0.537036,441.952941,98.606355
01503,residential,ndvi,0.535062,0.572618,846.078431,98.226429
01504,residential,ndvi,0.537583,0.580184,10437.996078,96.015445
01505,residential,ndvi,0.511090,0.513893,729.847059,98.302868
01506,residential,ndvi,0.436165,0.416116,802.223529,99.863228
01507,residential,ndvi,0.484299,0.470084,459.003922,99.393811
01508,residential,ndvi,0.444812,0.454823,857.023529,102.890130
01509,residential,ndvi,0.460340,0.466721,699.282353,98.195489
01510,residential,ndvi,0.516844,0.545472,937.788235,98.085738
01511,residential,ndvi,0.296358,0.248391,1481.917647,102.511960
01512,residential,ndvi,0.522585,0.553086,1036.592157,96.499495
01513,residential,ndvi,0.283727,0.216311,299.141176,98.852899
01514,residential,ndvi,0.468568,0.455576,850.054902,96.911531
01515,residential,ndvi,0.332199,0.276861,464.764706,98.098595
01516,residential,ndvi,0.378675,0.345712,1237.933333,97.261663
01517,residential,ndvi,0.369834,0.330305,401.545098,101.604078
01518,residential,ndvi,0.329593,0.251814,396.490196,99.869354
01519,residential,ndvi,0.315482,0.259762,449.819608,100.656594
01520,residential,ndvi,0.226146,0.173994,702.635294,99.831793
01521,residential,ndvi,0.362531,0.275146,416.862745,103.771825
01522,residential,ndvi,0.405805,0.361273,393.286275,98.964014
01523,residential,ndvi,0.357763,0.302707,615.027451,101.724756
01524,residential,ndvi,0.482237,0.490323,448.188235,105.812150
01525,residential,ndvi,0.259495,0.208602,411.333333,100.867290
01526,residential,ndvi,0.256979,0.181713,539.560784,103.996504
01527,residential,ndvi,0.518448,0.568295,761.007843,105.214762
01528,residential,ndvi,0.240396,0.201048,259.086275,103.577747
01529,residential,ndvi,0.491464,0.501860,992.431373,99.695811
01530,residential,ndvi,0.247192,0.204195,272.694118,106.285201
01601,residential,ndvi,0.255479,0.193274,1409.854902,99.406500
01602,residential,ndvi,0.452332,0.459437,505.729412,93.090089
01603,residential,ndvi,0.409179,0.364569,562.098039,94.224851
01604,residential,ndvi,0.518663,0.503198,446.941176,89.689313
01605,residential,ndvi,0.419517,0.388246,663.749020,90.107612
01606,residential,ndvi,0.426076,0.411703,577.007843,92.885433
01607,residential,ndvi,0.326968,0.279491,331.184314,103.208284
01608,residential,ndvi,0.367992,0.345629,470.403922,101.828158
01609,residential,ndvi,0.381230,0.352688,694.427451,98.357151
01610,residential,ndvi,0.359980,0.321589,424.309804,97.192322
01611,residential,ndvi,0.369206,0.322884,756.200000,94.087865
01612,residential,ndvi,0.482501,0.460203,461.686275,93.415663
01613,residential,ndvi,0.428150,0.423706,498.866667,94.506411
01614,residential,ndvi,0.396475,0.361363,564.258824,99.275579
01615,residential,ndvi,0.392551,0.361263,563.792157,96.237801
01616,residential,ndvi,0.328129,0.279853,1122.043137,97.832595
01617,residential,ndvi,0.342030,0.298873,690.729412,98.200833
01618,residential,ndvi,0.290854,0.240136,310.376471,98.346663
01619,residential,ndvi,0.350033,0.310725,565.976471,100.679908
01620,residential,ndvi,0.369891,0.341572,345.290196,95.305966
01621,residential,ndvi,0.307343,0.215570,669.862745,98.949003
01622,residential,ndvi,0.264051,0.201047,424.925490,99.561769
01623,residential,ndvi,0.439731,0.435846,667.647059,98.755689
01624,residential,ndvi,0.421321,0.393655,423.031373,95.308085
01625,residential,ndvi,0.374513,0.326533,449.635294,97.075643
01626,residential,ndvi,0.258053,0.201331,1735.141176,97.003910
01627,residential,ndvi,0.370041,0.360359,468.047059,97.468907
01628,residential,ndvi,0.356634,0.306287,614.341176,100.744940
01629,residential,ndvi,0.384696,0.349120,752.266667,98.659492
01630,residential,ndvi,0.427103,0.392521,575.415686,93.865311
01701,residential,ndvi,0.286194,0.216125,285.627451,97.384609
01702,residential,ndvi,0.264302,0.219466,235.882353,100.695777
01703,residential,ndvi,0.386186,0.334473,498.674510,97.601705
01704,residential,ndvi,0.277194,0.208457,565.564706,105.894133
01705,residential,ndvi,0.450232,0.436216,409.890196,101.677322
01706,residential,ndvi,0.210772,0.146623,1921.894118,99.302541
01707,residential,ndvi,0.315734,0.244897,360.749020,102.582307
01708,residential,ndvi,0.372583,0.338671,475.313725,101.491250
01709,residential,ndvi,0.451784,0.458263,347.545098,101.865206
01710,residential,ndvi,0.427042,0.384841,829.490196,100.850132
01711,residential,ndvi,0.406121,0.380520,875.866667,97.136107
01712,residential,ndvi,0.224918,0.169514,933.678431,105.962627
01713,residential,ndvi,0.463322,0.466038,520.745098,102.312132
01714,residential,ndvi,0.288343,0.224426,588.600000,96.161893
01715,residential,ndvi,0.359262,0.315053,496.596078,99.191010
01716,residential,ndvi,0.348537,0.299016,463.866667,110.535372
01717,residential,ndvi,0.444896,0.427744,512.643137,98.742312
01718,residential,ndvi,0.362963,0.322053,530.031373,108.031319
01719,residential,ndvi,0.238477,0.182269,1193.031373,110.490279
01720,residential,ndvi,0.319863,0.271071,374.560784,107.339409
01721,residential,ndvi,0.431989,0.415034,424.678431,101.480068
01722,residential,ndvi,0.324863,0.271479,362.427451,104.223709
01723,residential,ndvi,0.363622,0.314208,314.015686,106.393698
01724,residential,ndvi,0.267474,0.232828,306.121569,102.427128
01725,residential,ndvi,0.395774,0.369212,586.980392,99.151370
01726,residential,ndvi,0.315794,0.280074,241.450980,98.325548
01727,residential,ndvi,0.401548,0.392609,337.886275,97.889509
01728,residential,ndvi,0.449520,0.436175,611.560784,97.351438
01729,residential,ndvi,0.451327,0.443827,579.325490,99.375630
01730,residential,ndvi,0.414711,0.411360,514.333333,99.060173
01731,residential,ndvi,0.319161,0.267310,900.568627,97.820109
02101,residential,ndvi,0.194318,0.130572,1286.666667,104.143703
02102,residential,ndvi,0.349317,0.306294,1059.407843,99.984771
02103,residential,ndvi,0.297231,0.259621,1495.290196,105.869606
02104,residential,ndvi,0.360598,0.306859,758.588235,109.427838
02105,residential,ndvi,0.415680,0.377423,453.968627,107.145911
02106,residential,ndvi,0.296752,0.255879,353.796078,108.947416
02107,residential,ndvi,0.296229,0.233127,715.145098,99.913239
02108,residential,ndvi,0.373558,0.341927,1100.003922,99.100588
02109,residential,ndvi,0.372483,0.349236,624.560784,100.945631
02110,residential,ndvi,0.240997,0.209972,1762.058824,95.439898
02111,residential,ndvi,0.467147,0.439049,391.282353,96.852591
02112,residential,ndvi,0.353925,0.306670,714.070588,94.846096
02113,residential,ndvi,0.443370,0.450646,846.686275,91.587740
02114,residential,ndvi,0.443016,0.454850,1225.717647,96.903471
02115,residential,ndvi,0.460047,0.471005,510.752941,98.292033
02116,residential,ndvi,0.260626,0.212711,1301.752941,97.167521
02117,residential,ndvi,0.534619,0.572305,832.129412,97.651944
02118,residential,ndvi,0.362770,0.314643,1224.549020,97.251403
02119,residential,ndvi,0.550134,0.579335,600.850980,101.867025
02120,residential,ndvi,0.416623,0.397195,340.580392,97.931881
02121,residential,ndvi,0.453585,0.454354,494.200000,99.948659
02122,residential,ndvi,0.340110,0.290242,522.584314,98.127323
02123,residential,ndvi,0.314457,0.259225,477.439216,97.212358
02124,residential,ndvi,0.378245,0.333971,648.082353,95.497256
02125,residential,ndvi,0.464543,0.443668,695.192157,98.914776
02126,residential,ndvi,0.287447,0.224606,847.227451,101.231023
02127,residential,ndvi,0.350375,0.306294,524.643137,97.855678
02128,residential,ndvi,0.433774,0.397534,350.592157,100.665787
02129,residential,ndvi,0.303537,0.232788,1712.015686,99.765830
02130,residential,ndvi,0.410430,0.392347,430.996078,100.941240
02131,residential,ndvi,0.285513,0.225213,708.980392,94.492383
02132,residential,ndvi,0.311895,0.236055,438.439216,92.375780
02133,residential,ndvi,0.353459,0.291325,942.623529,92.271711
02201,residential,ndvi,0.294449,0.264075,330.607843,110.035716
02202,residential,ndvi,0.267476,0.204954,349.411765,102.439865
02203,residential,ndvi,0.345667,0.294758,548.941176,103.110473
02204,residential,ndvi,0.242718,0.185866,441.349020,109.431565
02205,residential,ndvi,0.285915,0.204869,541.619608,103.987250
02206,residential,ndvi,0.254341,0.198113,460.478431,105.007852
02207,residential,ndvi,0.293558,0.232494,1201.776471,102.073085
02208,residential,ndvi,0.243519,0.177880,784.596078,102.915111
02209,residential,ndvi,0.269123,0.200935,675.458824,100.974356
02210,residential,ndvi,0.383994,0.342815,694.247059,99.909966
02211,residential,ndvi,0.252673,0.204525,513.211765,93.818727
02212,residential,ndvi,0.257545,0.197651,520.227451,92.695827
02213,residential,ndvi,0.282075,0.244089,319.098039,88.701512
02214,residential,ndvi,0.264249,0.208155,306.933333,91.337890
02215,residential,ndvi,0.314105,0.243781,370.619608,96.422239
02216,residential,ndvi,0.211721,0.157347,333.364706,102.950134
02217,residential,ndvi,0.233462,0.165474,394.368627,98.631677
02218,residential,ndvi,0.351701,0.295724,624.678431,96.881169
02219,residential,ndvi,0.455399,0.438783,462.670588,100.408684
02220,residential,ndvi,0.388874,0.353507,384.568627,96.480926
02221,residential,ndvi,0.232658,0.177906,346.250980,97.013410
02222,residential,ndvi,0.450063,0.452173,750.552941,91.351918
02223,residential,ndvi,0.272992,0.232637,463.419608,90.816877
02224,residential,ndvi,0.323718,0.270670,237.125490,93.560752
02225,residential,ndvi,0.285753,0.233150,397.109804,88.274167
02226,residential,ndvi,0.391574,0.341641,1238.639216,95.104868
02227,residential,ndvi,0.412257,0.365195,445.576471,96.837144
02228,residential,ndvi,0.308293,0.239024,440.984314,91.472170
02229,residential,ndvi,0.328000,0.271442,467.356863,96.609108
02230,residential,ndvi,0.333874,0.286787,341.164706,100.464165
02231,residential,ndvi,0.253711,0.200732,417.505882,101.038520
02232,residential,ndvi,0.440771,0.419848,453.317647,106.545867
02233,residential,ndvi,0.296071,0.236484,936.874510,109.323813
02234,residential,ndvi,0.250175,0.193647,486.411765,104.593139
02301,residential,ndvi,0.374672,0.324907,407.290196,97.418539
02302,residential,ndvi,0.411294,0.381190,527.647059,92.842482
02303,residential,ndvi,0.296245,0.255434,464.647059,95.617150
02304,residential,ndvi,0.351782,0.314461,397.576471,100.724073
02305,residential,ndvi,0.271348,0.212522,393.815686,100.771387
02306,residential,ndvi,0.317805,0.271719,478.898039,99.919538
02307,residential,ndvi,0.304234,0.267869,755.090196,100.967296
02308,residential,ndvi,0.390481,0.361976,520.403922,103.213138
02309,residential,ndvi,0.340647,0.302877,689.592157,101.062657
02310,residential,ndvi,0.341878,0.274124,486.243137,96.480539
02311,residential,ndvi,0.316077,0.272697,485.835294,91.308375
02312,residential,ndvi,0.359326,0.334870,402.698039,90.436516
02313,residential,ndvi,0.348345,0.294906,424.847059,93.084847
02314,residential,ndvi,0.351359,0.326837,540.870588,96.206929
02315,residential,ndvi,0.509644,0.524721,763.247059,95.153472
02316,residential,ndvi,0.305406,0.267622,327.811765,89.646485
02317,residential,ndvi,0.353567,0.302731,564.901961,93.667074
02318,residential,ndvi,0.391591,0.353897,472.176471,95.426386
02319,residential,ndvi,0.340383,0.307494,452.474510,95.926816
02320,residential,ndvi,0.229881,0.166081,1113.745098,96.163564
02321,residential,ndvi,0.172338,0.126812,1375.862745,97.662244
02322,residential,ndvi,0.342910,0.275587,634.403922,100.025282
02323,residential,ndvi,0.286140,0.224128,334.086275,98.161506
02324,residential,ndvi,0.253217,0.204165,368.494118,96.177245
02325,residential,ndvi,0.425000,0.392128,513.082353,98.329084
02326,residential,ndvi,0.236618,0.197199,223.858824,96.360206
02327,residential,ndvi,0.344711,0.297796,332.564706,99.814855
02328,residential,ndvi,0.320720,0.282783,332.611765,101.841575
02329,residential,ndvi,0.391145,0.362271,282.670588,98.808216
02330,residential,ndvi,0.375383,0.314471,659.639216,96.352861
02331,residential,ndvi,0.476169,0.501344,529.521569,97.437976
02332,residential,ndvi,0.310565,0.271378,316.188235,93.627983
02333,residential,ndvi,0.355401,0.333574,801.337255,102.969991
02334,residential,ndvi,0.470785,0.454322,654.568627,99.585609
02335,residential,ndvi,0.429300,0.400765,578.450980,98.053964
02336,residential,ndvi,0.485603,0.493521,1199.109804,98.544159
02401,residential,ndvi,0.405074,0.374757,488.415686,97.411848
02402,residential,ndvi,0.467720,0.497884,497.337255,101.329015
02403,residential,ndvi,0.439970,0.399980,317.474510,97.243231
02404,residential,ndvi,0.390672,0.352392,312.843137,103.484375
02405,residential,ndvi,0.471783,0.493682,246.960784,100.407940
02406,residential,ndvi,0.459664,0.458598,672.031373,98.056498
02407,residential,ndvi,0.359836,0.337703,511.133333,92.174445
02408,residential,ndvi,0.264572,0.212930,649.925490,90.926833
02409,residential,ndvi,0.437846,0.431511,546.545098,91.735874
02410,residential,ndvi,0.389254,0.338358,538.352941,91.681534
02411,residential,ndvi,0.373896,0.341204,545.250980,91.087220
02412,residential,ndvi,0.383931,0.318868,309.976471,89.422663
02413,residential,ndvi,0.300086,0.248109,283.760784,87.625216
02414,residential,ndvi,0.317374,0.263515,282.035294,93.811135
02415,residential,ndvi,0.364169,0.323117,381.000000,95.110751
02416,residential,ndvi,0.298369,0.228796,385.596078,87.856275
02417,residential,ndvi,0.438964,0.415265,533.713725,93.527425
02418,residential,ndvi,0.401862,0.369085,323.458824,91.977862
02419,residential,ndvi,0.303639,0.247531,559.929412,91.388032
02420,residential,ndvi,0.390504,0.350280,470.796078,95.746520
02421,residential,ndvi,0.245552,0.162120,294.168627,103.458947
02422,residential,ndvi,0.513025,0.541926,643.878431,100.642570
02423,residential,ndvi,0.531268,0.604028,492.901961,97.529326
02424,residential,ndvi,0.432076,0.400197,776.525490,89.178189
02425,residential,ndvi,0.425917,0.419754,484.745098,93.758507
02426,residential,ndvi,0.479574,0.462819,536.662745,93.615883
02427,residential,ndvi,0.558549,0.608191,774.749020,100.290513
02428,residential,ndvi,0.389195,0.361370,741.356863,100.985141
02429,residential,ndvi,0.330826,0.271133,458.541176,99.916333
02430,residential,ndvi,0.329789,0.275104,451.650980,97.023131
02431,residential,ndvi,0.496504,0.518756,481.788235,99.769022
02432,residential,ndvi,0.375242,0.325788,892.878431,93.186803
02433,residential,ndvi,0.498628,0.517773,589.058824,89.239172
02434,residential,ndvi,0.508628,0.549064,501.376471,92.470516
02435,residential,ndvi,0.200177,0.138352,895.882353,94.440622
02501,residential,ndvi,0.247285,0.200854,309.254902,90.141060
02502,residential,ndvi,0.251664,0.201346,343.572549,93.915890
02503,residential,ndvi,0.433349,0.381254,408.917647,93.082427
02504,residential,ndvi,0.406427,0.344993,431.862745,98.294801
02505,residential,ndvi,0.314945,0.263314,425.949020,101.626283
02506,residential,ndvi,0.314804,0.263693,486.682353,103.638843
02507,residential,ndvi,0.326019,0.260246,308.274510,104.973082
02508,residential,ndvi,0.239369,0.217426,236.643137,102.823926
02509,residential,ndvi,0.268842,0.211601,291.231373,98.054064
02510,residential,ndvi,0.243586,0.197619,416.925490,101.239663
02511,residential,ndvi,0.298172,0.267791,289.870588,101.332400
02512,residential,ndvi,0.225875,0.216322,229.835294,102.731538
02513,residential,ndvi,0.302042,0.267488,414.980392,99.433840
02514,residential,ndvi,0.315385,0.278566,319.525490,105.283496
02515,residential,ndvi,0.255323,0.212469,526.643137,103.911515
02516,residential,ndvi,0.342108,0.302996,343.890196,103.016410
02517,residential,ndvi,0.351431,0.295442,648.231373,101.517983
02518,residential,ndvi,0.337247,0.283661,443.345098,98.032339
02519,residential,ndvi,0.283828,0.232972,502.047059,98.450899
02520,residential,ndvi,0.332235,0.264196,348.019608,100.866111
02521,residential,ndvi,0.262746,0.231839,305.611765,97.518305
02522,residential,ndvi,0.261095,0.231197,258.498039,96.346466
02523,residential,ndvi,0.363055,0.326403,355.800000,99.749595
02524,residential,ndvi,0.407569,0.357181,419.270588,100.892465
02525,residential,ndvi,0.334135,0.248430,314.737255,95.279411
02526,residential,ndvi,0.266734,0.231943,253.639216,96.020826
02527,residential,ndvi,0.349562,0.298169,342.611765,101.559451
02528,residential,ndvi,0.320265,0.276583,273.086275,99.779571
02529,residential,ndvi,0.272361,0.248295,340.917647,101.060356
02530,residential,ndvi,0.333525,0.270556,445.023529,102.435888
02531,residential,ndvi,0.364321,0.314928,434.713725,105.130507
02532,residential,ndvi,0.293715,0.259830,331.180392,106.116612
02533,residential,ndvi,0.274430,0.252500,615.176471,104.283133
02534,residential,ndvi,0.337002,0.286518,414.019608,103.302723
03101,residential,ndvi,0.601105,0.681804,2923.301961,93.039390
03102,residential,ndvi,0.525618,0.533516,2762.639216,92.439267
03103,residential,ndvi,0.654739,0.677510,4172.058824,98.066661
03104,residential,ndvi,0.592414,0.595733,3195.078431,95.842849
03105,residential,ndvi,0.548147,0.584229,7475.796078,92.953346
03106,residential,ndvi,0.578542,0.608004,1764.717647,92.140828
03107,residential,ndvi,0.514688,0.525417,3795.160784,95.777166
03108,residential,ndvi,0.497737,0.513479,560.266667,90.414620
03109,residential,ndvi,0.539644,0.568819,744.847059,87.711319
03110,residential,ndvi,0.480253,0.486606,2188.607843,91.652323
03111,residential,ndvi,0.557694,0.568794,572.698039,86.665471
03112,residential,ndvi,0.541935,0.544936,312.815686,92.832050
03113,residential,ndvi,0.537868,0.556313,317.894118,90.567324
03114,residential,ndvi,0.551838,0.583951,753.066667,93.110232
03115,residential,ndvi,0.412100,0.380623,780.074510,87.098764
03116,residential,ndvi,0.593695,0.603712,2756.850980,98.951584
03117,residential,ndvi,0.385713,0.345239,430.584314,89.930355
03118,residential,ndvi,0.564058,0.572304,3649.188235,90.234259
03119,residential,ndvi,0.438489,0.431439,885.980392,87.957946
03120,residential,ndvi,0.541341,0.548678,930.282353,85.830576
03121,residential,ndvi,0.525214,0.529166,2067.509804,91.512819
03122,residential,ndvi,0.609101,0.618985,3556.227451,95.139792
03123,residential,ndvi,0.571034,0.587642,3395.854902,98.732054
03124,residential,ndvi,0.520164,0.521153,2061.823529,90.408911
03125,residential,ndvi,0.595580,0.599499,3681.682353,98.992207
03126,residential,ndvi,0.451871,0.419604,437.929412,93.706265
03127,residential,ndvi,0.527964,0.568548,1819.901961,94.456978
03128,residential,ndvi,0.480124,0.498017,4160.105882,98.486916
03129,residential,ndvi,0.406245,0.399634,1932.964706,93.170653
03130,residential,ndvi,0.418089,0.397022,496.458824,95.710902
03131,residential,ndvi,0.559183,0.572134,2235.992157,98.289254
03132,residential,ndvi,0.576139,0.587841,3741.145098,99.278622
03133,residential,ndvi,0.566253,0.580025,3422.811765,97.188172
03134,residential,ndvi,0.482228,0.497729,3006.200000,97.410925
03135,residential,ndvi,0.555829,0.552770,2339.694118,94.454435
03136,residential,ndvi,0.525344,0.525442,2135.129412,92.426791
03137,residential,ndvi,0.553584,0.556794,3302.580392,96.188180
03138,residential,ndvi,0.530793,0.541024,2328.576471,93.354435
03139,residential,ndvi,0.483679,0.501419,3334.776471,93.112057
03140,residential,ndvi,0.529599,0.533342,2789.772549,90.780714
03201,residential,ndvi,0.529749,0.525100,2005.011765,91.835457
03202,residential,ndvi,0.571330,0.603126,4777.901961,95.205232
03203,residential,ndvi,0.481099,0.474920,937.886275,96.724897
03204,residential,ndvi,0.515626,0.532960,1136.901961,96.363734
03205,residential,ndvi,0.492154,0.506061,797.894118,98.735692
03206,residential,ndvi,0.453212,0.466767,617.047059,99.922808
03207,residential,ndvi,0.539774,0.552635,2262.172549,90.087365
03208,residential,ndvi,0.516628,0.529552,1101.325490,96.728256
03209,residential,ndvi,0.551186,0.548166,1200.200000,96.678704
03210,residential,ndvi,0.586783,0.595495,1581.129412,88.374247
03211,residential,ndvi,0.466882,0.474371,1478.827451,89.555281
03212,residential,ndvi,0.524730,0.533376,1297.086275,88.062170
03213,residential,ndvi,0.513964,0.521352,1973.152941,94.562271
03214,residential,ndvi,0.568172,0.568362,2344.811765,86.488682
03215,residential,ndvi,0.541242,0.561106,1581.168627,91.420186
03216,residential,ndvi,0.546931,0.556945,1680.725490,90.889310
03217,residential,ndvi,0.304957,0.279399,2735.247059,92.867979
03218,residential,ndvi,0.442365,0.455172,736.211765,90.883846
03219,residential,ndvi,0.307046,0.251981,3492.388235,105.350935
03220,residential,ndvi,0.480446,0.467222,547.121569,86.520987
03221,residential,ndvi,0.541113,0.556396,1534.690196,89.622853
03222,residential,ndvi,0.534888,0.536852,1778.172549,92.738864
03223,residential,ndvi,0.537854,0.548588,1070.811765,95.328642
03224,residential,ndvi,0.521298,0.498037,915.301961,93.842246
03225,residential,ndvi,0.544214,0.565666,1656.396078,95.901030
03226,residential,ndvi,0.499684,0.498286,598.145098,103.407239
03227,residential,ndvi,0.534365,0.552691,972.878431,104.150610
03228,residential,ndvi,0.551147,0.559983,1043.074510,104.671029
03229,residential,ndvi,0.594322,0.607037,2185.482353,94.535480
03230,residential,ndvi,0.570291,0.595369,1261.078431,99.751144
03231,residential,ndvi,0.503533,0.502170,716.835294,108.200697
03232,residential,ndvi,0.425112,0.404145,835.360784,109.152279
03233,residential,ndvi,0.530670,0.568569,1889.360784,105.716171
03234,residential,ndvi,0.541175,0.540920,1094.325490,99.026952
03235,residential,ndvi,0.487685,0.478748,557.243137,101.822164
03236,residential,ndvi,0.551380,0.560304,2279.219608,101.804839
03237,residential,ndvi,0.532816,0.552626,2305.286275,97.314209
03238,residential,ndvi,0.539741,0.560526,2124.439216,102.833242
03301,residential,ndvi,0.444085,0.458768,1824.227451,94.630131
03302,residential,ndvi,0.361098,0.385109,4429.776471,95.227033
03303,residential,ndvi,0.376758,0.403819,1955.952941,96.729163
03304,residential,ndvi,0.527795,0.533017,1265.372549,92.428961
03305,residential,ndvi,0.519262,0.502247,874.450980,96.750019
03306,residential,ndvi,0.520470,0.529247,534.968627,92.748052
03307,residential,ndvi,0.525672,0.549664,905.278431,98.256387
03308,residential,ndvi,0.454589,0.443607,1179.682353,90.342857
03309,residential,ndvi,0.476613,0.478824,1034.992157,96.893734
03310,residential,ndvi,0.539138,0.556246,889.552941,96.230739
03311,residential,ndvi,0.553995,0.567817,1176.007843,96.460945
03312,residential,ndvi,0.484093,0.475130,543.262745,96.812015
03313,residential,ndvi,0.550933,0.579135,775.458824,95.482968
03314,residential,ndvi,0.535178,0.563855,1597.145098,104.300534
03315,residential,ndvi,0.426411,0.388878,446.117647,98.758571
03316,residential,ndvi,0.557976,0.584395,1935.780392,104.600423
03317,residential,ndvi,0.491957,0.490951,755.890196,93.675531
03318,residential,ndvi,0.541285,0.545538,762.368627,93.300179
03319,residential,ndvi,0.333393,0.271698,374.670588,99.592510
03320,residential,ndvi,0.493111,0.506471,639.141176,96.169560
03321,residential,ndvi,0.426114,0.377442,610.121569,99.201940
03322,residential,ndvi,0.611409,0.638825,1990.368627,96.683811
03323,residential,ndvi,0.329916,0.279047,311.368627,97.730488
03324,residential,ndvi,0.565316,0.596144,690.478431,98.053717
03325,residential,ndvi,0.512036,0.498900,439.505882,98.666925
03326,residential,ndvi,0.535265,0.563328,757.117647,91.898485
03327,residential,ndvi,0.496154,0.509117,567.188235,98.210782
03328,residential,ndvi,0.476221,0.447310,548.694118,92.898283
03329,residential,ndvi,0.464286,0.447710,721.466667,95.337738
03330,residential,ndvi,0.382530,0.345831,1074.513725,100.324148
03331,residential,ndvi,0.408033,0.376445,745.168627,94.633514
03332,residential,ndvi,0.472580,0.478393,889.933333,89.673732
03333,residential,ndvi,0.446191,0.412790,542.596078,89.533347
03334,residential,ndvi,0.391557,0.353985,735.623529,89.694334
03335,residential,ndvi,0.362389,0.330171,404.800000,88.043759
03336,residential,ndvi,0.364036,0.314004,255.133333,89.642017
03337,residential,ndvi,0.455117,0.419939,397.164706,86.002557
03338,residential,ndvi,0.395728,0.381334,523.807843,85.714721
03339,residential,ndvi,0.442303,0.419124,437.482353,88.345910
03340,residential,ndvi,0.485084,0.474153,442.796078,89.210605
03401,residential,ndvi,0.606251,0.611150,3809.341176,98.130659
03402,residential,ndvi,0.557796,0.575869,3502.792157,97.580826
03403,residential,ndvi,0.592278,0.591700,3343.129412,94.614164
03404,residential,ndvi,0.583815,0.595535,2273.572549,92.856943
03405,residential,ndvi,0.543765,0.575738,3924.454902,94.833809
03406,residential,ndvi,0.584993,0.591700,2745.717647,96.647901
03407,residential,ndvi,0.571979,0.575951,872.956863,96.058009
03408,residential,ndvi,0.524213,0.560503,4506.749020,102.376816
03409,residential,ndvi,0.526977,0.552620,4895.815686,96.117926
03410,residential,ndvi,0.338142,0.290751,3476.560784,102.982277
03411,residential,ndvi,0.520634,0.521746,1314.164706,94.206653
03412,residential,ndvi,0.307957,0.263547,4264.015686,94.886354
03413,residential,ndvi,0.503410,0.521255,1249.945098,98.657284
03414,residential,ndvi,0.450343,0.412262,479.450980,98.476951
03415,residential,ndvi,0.381110,0.361974,968.521569,98.536370
03416,residential,ndvi,0.387857,0.346173,670.345098,95.726696
03417,residential,ndvi,0.460876,0.462411,1784.866667,103.476031
03418,residential,ndvi,0.492631,0.494348,552.772549,97.190200
03419,residential,ndvi,0.550943,0.579835,1557.631373,96.261146
03420,residential,ndvi,0.466923,0.454857,688.737255,106.448129
03421,residential,ndvi,0.504174,0.498164,640.278431,96.319996
03422,residential,ndvi,0.527818,0.536919,746.929412,95.750487
03423,residential,ndvi,0.411942,0.372780,606.294118,98.475787
03424,residential,ndvi,0.521580,0.517699,696.235294,92.792278
03425,residential,ndvi,0.552612,0.576302,664.368627,97.151729
03426,residential,ndvi,0.614887,0.697463,1379.549020,97.752576
03427,residential,ndvi,0.434347,0.404402,507.415686,94.079727
03428,residential,ndvi,0.438388,0.419639,759.619608,94.543585
03429,residential,ndvi,0.518067,0.529348,828.909804,97.308735
03430,residential,ndvi,0.492415,0.489963,957.431373,91.941084
03431,residential,ndvi,0.482155,0.498832,751.431373,102.989468
03432,residential,ndvi,0.428038,0.423634,617.454902,96.950003
03433,residential,ndvi,0.511079,0.517132,844.925490,99.263413
03501,residential,ndvi,0.422699,0.459146,5313.352941,101.569427
03502,residential,ndvi,0.388459,0.385918,1192.125490,104.779481
03503,residential,ndvi,0.520349,0.483626,502.882353,98.572371
03504,residential,ndvi,0.458007,0.486679,1717.937255,101.867999
03505,residential,ndvi,0.520965,0.537442,2135.396078,101.290576
03506,residential,ndvi,0.531108,0.533090,603.149020,97.956509
03507,residential,ndvi,0.528174,0.505770,580.439216,98.145779
03508,residential,ndvi,0.490371,0.478405,425.745098,99.889237
03509,residential,ndvi,0.470137,0.474474,1694.760784,96.744118
03510,residential,ndvi,0.428025,0.397509,400.658824,98.371163
03511,residential,ndvi,0.420638,0.369791,429.815686,102.636096
03512,residential,ndvi,0.401363,0.388800,1679.301961,104.210470
03513,residential,ndvi,0.442990,0.415558,441.643137,96.790142
03514,residential,ndvi,0.313289,0.251952,967.635294,95.797760
03515,residential,ndvi,0.414792,0.376981,472.164706,96.091352
03516,residential,ndvi,0.472883,0.451289,719.768627,94.838047
03517,residential,ndvi,0.421584,0.404300,861.031373,101.875252
03518,residential,ndvi,0.367448,0.317775,576.215686,96.976711
03519,residential,ndvi,0.534159,0.545729,492.145098,94.526451
03520,residential,ndvi,0.476177,0.454003,469.917647,98.288595
03521,residential,ndvi,0.431902,0.404894,368.282353,97.301868
03522,residential,ndvi,0.388464,0.353600,544.207843,98.240414
03523,residential,ndvi,0.593588,0.623875,689.243137,91.387774
03524,residential,ndvi,0.469698,0.463108,573.152941,95.923882
03525,residential,ndvi,0.481304,0.435646,515.125490,93.280404
03526,residential,ndvi,0.511347,0.521496,453.737255,96.552751
03527,residential,ndvi,0.536257,0.576332,521.545098,94.050190
03528,residential,ndvi,0.325471,0.274285,411.952941,102.106951
03529,residential,ndvi,0.445731,0.400437,366.407843,96.238842
03530,residential,ndvi,0.479427,0.478387,896.356863,94.371727
03531,residential,ndvi,0.410785,0.404760,590.286275,95.778034
03532,residential,ndvi,0.289304,0.248044,338.631373,96.112784
03533,residential,ndvi,0.385903,0.347181,316.211765,91.607548
03534,residential,ndvi,0.355157,0.325966,500.117647,96.886340
03601,residential,ndvi,0.362274,0.322749,363.219608,97.419505
03602,residential,ndvi,0.520376,0.555746,1047.811765,99.590751
03603,residential,ndvi,0.323781,0.271516,397.141176,101.021645
03604,residential,ndvi,0.273062,0.239781,266.713725,102.525437
03605,residential,ndvi,0.258664,0.204820,314.976471,101.004196
03606,residential,ndvi,0.314922,0.244334,285.286275,99.290427
03607,residential,ndvi,0.199055,0.178783,251.043137,92.470320
03608,residential,ndvi,0.243475,0.197788,201.929412,98.364018
03609,residential,ndvi,0.284138,0.201700,277.537255,97.925974
03610,residential,ndvi,0.223234,0.189873,230.031373,92.312523
03611,residential,ndvi,0.288996,0.220419,286.894118,96.854192
03612,residential,ndvi,0.274898,0.224296,327.160784,98.057956
03613,residential,ndvi,0.276440,0.232333,276.000000,100.140537
03614,residential,ndvi,0.243988,0.201029,364.098039,98.725715
03615,residential,ndvi,0.225944,0.177041,364.137255,97.757159
03616,residential,ndvi,0.297718,0.252876,413.215686,97.800550
03617,residential,ndvi,0.298408,0.259946,277.086275,95.611235
03618,residential,ndvi,0.220783,0.177275,409.047059,99.595876
03619,residential,ndvi,0.226018,0.205133,202.800000,100.499652
03620,residential,ndvi,0.241048,0.225342,207.105882,99.320287
03621,residential,ndvi,0.307017,0.260172,245.301961,93.192864
03622,residential,ndvi,0.303228,0.240722,380.121569,98.681309
03623,residential,ndvi,0.271254,0.223730,272.019608,100.651899
03624,residential,ndvi,0.364319,0.314719,351.247059,94.872588
03625,residential,ndvi,0.328694,0.287130,334.788235,100.092303
03626,residential,ndvi,0.323402,0.275501,222.023529,97.429190
03627,residential,ndvi,0.288547,0.254656,227.898039,90.794714
03628,residential,ndvi,0.270192,0.232356,321.654902,88.671539
03629,residential,ndvi,0.283573,0.220725,530.776471,97.564604
03630,residential,ndvi,0.312416,0.228149,361.839216,100.566333
03631,residential,ndvi,0.225051,0.196851,234.517647,89.369051
03632,residential,ndvi,0.255233,0.216649,316.360784,101.678600
03633,residential,ndvi,0.262930,0.209082,287.109804,95.896480
03634,residential,ndvi,0.205416,0.174448,369.003922,88.132673
03635,residential,ndvi,0.223926,0.193522,241.901961,91.727859
03701,residential,ndvi,0.310422,0.251920,235.623529,99.919796
03702,residential,ndvi,0.382298,0.357289,499.882353,98.690115
03703,residential,ndvi,0.330385,0.306438,602.854902,96.945299
03704,residential,ndvi,0.334305,0.302951,579.529412,100.209365
03705,residential,ndvi,0.368799,0.341616,651.643137,98.029085
03706,residential,ndvi,0.485186,0.479120,672.792157,98.767437
03707,residential,ndvi,0.336603,0.287196,432.094118,95.615824
03708,residential,ndvi,0.306535,0.275093,555.772549,98.483270
03709,residential,ndvi,0.405303,0.373098,375.184314,98.676865
03710,residential,ndvi,0.240729,0.208996,193.184314,96.949698
03711,residential,ndvi,0.415452,0.358484,354.427451,90.437137
03712,residential,ndvi,0.407478,0.353220,328.827451,96.374796
03713,residential,ndvi,0.212388,0.181801,213.909804,96.499569
03714,residential,ndvi,0.307953,0.255605,370.043137,96.269995
03715,residential,ndvi,0.492442,0.479738,594.243137,97.337163
03716,residential,ndvi,0.372605,0.330488,642.619608,96.200997
03717,residential,ndvi,0.491971,0.490847,634.047059,94.886759
03718,residential,ndvi,0.257759,0.216622,446.670588,97.547291
03719,residential,ndvi,0.260547,0.216785,1558.717647,96.311287
03720,residential,ndvi,0.393787,0.377154,510.078431,99.686815
03721,residential,ndvi,0.357101,0.279612,303.509804,99.237406
03722,residential,ndvi,0.327221,0.255244,357.466667,95.706760
03723,residential,ndvi,0.513847,0.509513,419.423529,97.167662
03724,residential,ndvi,0.352692,0.318334,961.372549,93.389872
03725,residential,ndvi,0.361726,0.322441,369.364706,98.624390
03726,residential,ndvi,0.521294,0.559746,578.490196,95.371989
03727,residential,ndvi,0.489462,0.462033,546.200000,93.568907
03728,residential,ndvi,0.377135,0.317435,631.933333,95.917756
03729,residential,ndvi,0.265263,0.228400,277.945098,94.163342
03730,residential,ndvi,0.385184,0.338980,674.678431,96.216144
03731,residential,ndvi,0.393143,0.348902,413.862745,96.337168
03732,residential,ndvi,0.335826,0.298682,385.611765,91.110199
03733,residential,ndvi,0.401104,0.353735,396.745098,97.129268
03734,residential,ndvi,0.254729,0.209149,264.309804,95.127851
03801,residential,ndvi,0.486271,0.501666,390.847059,92.999348
03802,residential,ndvi,0.398510,0.372323,682.643137,96.528453
03803,residential,ndvi,0.317830,0.259941,631.537255,92.349629
03804,residential,ndvi,0.283456,0.231769,370.945098,95.874375
03805,residential,ndvi,0.342005,0.314470,515.901961,87.944335
03806,residential,ndvi,0.241201,0.205501,162.650980,88.104205
03807,residential,ndvi,0.331938,0.263523,327.490196,92.357011
03808,residential,ndvi,0.302316,0.248971,298.592157,93.749228
03809,residential,ndvi,0.347147,0.286156,323.635294,94.732039
03810,residential,ndvi,0.332507,0.298826,243.823529,90.923120
03811,residential,ndvi,0.320887,0.267285,566.596078,93.254786
03812,residential,ndvi,0.205156,0.190243,251.670588,94.948532
03813,residential,ndvi,0.266700,0.233123,287.133333,91.025431
03814,residential,ndvi,0.388711,0.333902,513.811765,94.569851
03815,residential,ndvi,0.238136,0.216941,189.819608,91.113338
03816,residential,ndvi,0.344252,0.295646,422.717647,93.576726
03817,residential,ndvi,0.274132,0.235903,394.203922,91.911233
03818,residential,ndvi,0.425860,0.396822,445.321569,92.011439
03819,residential,ndvi,0.319373,0.280154,336.427451,93.576333
03820,residential,ndvi,0.274752,0.236291,418.862745,91.738470
03821,residential,ndvi,0.236980,0.201509,432.431373,93.616178
03822,residential,ndvi,0.382085,0.361623,402.745098,90.797663
03823,residential,ndvi,0.296325,0.236295,609.200000,92.415189
03824,residential,ndvi,0.204936,0.182015,491.701961,93.555517
03825,residential,ndvi,0.314601,0.243390,359.588235,89.036523
03826,residential,ndvi,0.348103,0.282696,440.380392,90.929428
03827,residential,ndvi,0.284875,0.227916,429.682353,90.058119
03828,residential,ndvi,0.301155,0.255704,354.537255,89.297654
03829,residential,ndvi,0.234546,0.177701,792.054902,90.231862
03830,residential,ndvi,0.228682,0.183127,253.666667,90.448651
03831,residential,ndvi,0.213906,0.169576,533.431373,93.042897
03832,residential,ndvi,0.416798,0.389502,275.607843,94.132043
03901,residential,ndvi,0.384564,0.341400,502.858824,92.047899
03902,residential,ndvi,0.321000,0.271810,614.752941,93.352509
03903,residential,ndvi,0.395877,0.328795,300.243137,90.987866
03904,residential,ndvi,0.393604,0.357826,560.835294,86.875641
03905,residential,ndvi,0.568715,0.588475,709.160784,93.033998
03906,residential,ndvi,0.414799,0.396733,763.929412,89.669126
03907,residential,ndvi,0.427234,0.392894,373.360784,97.744357
03908,residential,ndvi,0.444500,0.420053,344.219608,90.837906
03909,residential,ndvi,0.565950,0.627301,735.486275,99.000528
03910,residential,ndvi,0.643475,0.682041,941.807843,95.209343
03911,residential,ndvi,0.380413,0.329230,439.729412,96.695651
03912,residential,ndvi,0.569023,0.631331,247.600000,96.300010
03913,residential,ndvi,0.558448,0.591274,547.509804,96.867915
03914,residential,ndvi,0.562348,0.646331,1086.682353,92.716475
03915,residential,ndvi,0.532105,0.545824,308.952941,97.570440
03916,residential,ndvi,0.552158,0.560840,1838.788235,87.742405
03917,residential,ndvi,0.493706,0.467411,508.156863,92.853172
03918,residential,ndvi,0.581391,0.618984,631.211765,89.548456
03919,residential,ndvi,0.340334,0.294392,2561.552941,89.377103
03920,residential,ndvi,0.361448,0.287367,253.125490,85.697166
03921,residential,ndvi,0.307240,0.243752,1264.807843,90.741757
03922,residential,ndvi,0.271440,0.236071,245.682353,86.468643
03923,residential,ndvi,0.310072,0.236792,222.517647,92.301382
03924,residential,ndvi,0.472664,0.443341,411.105882,91.642428
03925,residential,ndvi,0.247353,0.222202,304.313725,90.490979
03926,residential,ndvi,0.342938,0.288453,368.749020,90.838436
03927,residential,ndvi,0.244365,0.204633,388.188235,90.075625
03928,residential,ndvi,0.497040,0.485432,439.737255,87.023285
03929,residential,ndvi,0.256079,0.220248,291.564706,91.171327
03930,residential,ndvi,0.476415,0.467467,392.466667,94.182935
03931,residential,ndvi,0.264812,0.221194,327.250980,89.115747
03932,residential,ndvi,0.295789,0.271515,579.980392,86.837391
03933,residential,ndvi,0.324501,0.271433,228.494118,87.275392
03934,residential,ndvi,0.350982,0.297906,209.882353,90.542489
03935,residential,ndvi,0.413778,0.373166,462.772549,94.821061
03936,residential,ndvi,0.333413,0.274464,405.109804,84.203711
03937,residential,ndvi,0.350541,0.299804,306.564706,92.751017
03938,residential,ndvi,0.286429,0.279131,612.329412,98.610039
03939,residential,ndvi,0.360184,0.346017,907.478431,102.174446
04101,residential,ndvi,0.564331,0.584131,1043.792157,85.871934
04102,residential,ndvi,0.520486,0.528662,1019.203922,92.316714
04103,residential,ndvi,0.612916,0.650719,992.576471,93.018664
04104,residential,ndvi,0.653197,0.697512,1049.886275,92.903695
04105,residential,ndvi,0.527751,0.548929,1038.992157,91.561925
04106,residential,ndvi,0.567819,0.623273,1907.992157,89.573501
04107,residential,ndvi,0.352877,0.334187,6651.870588,99.594560
04108,residential,ndvi,0.534552,0.556815,378.992157,96.521186
04109,residential,ndvi,0.540543,0.552741,936.074510,95.401925
04110,residential,ndvi,0.525175,0.545512,809.678431,92.779215
04111,residential,ndvi,0.525445,0.537843,843.533333,93.357149
04112,residential,ndvi,0.424170,0.396834,821.576471,87.033756
04113,residential,ndvi,0.349475,0.258712,400.164706,86.071304
04114,residential,ndvi,0.310221,0.267761,969.968627,89.174261
04115,residential,ndvi,0.271515,0.235801,345.792157,89.962745
04116,residential,ndvi,0.274780,0.221145,387.925490,87.500440
04117,residential,ndvi,0.281669,0.236322,749.368627,93.478405
04118,residential,ndvi,0.257779,0.213305,628.478431,96.651558
04119,residential,ndvi,0.319788,0.247642,603.694118,88.517045
04201,residential,ndvi,0.608272,0.630923,2242.223529,92.843769
04202,residential,ndvi,0.643821,0.693275,2803.427451,96.577824
04203,residential,ndvi,0.675079,0.732766,2392.011765,95.828840
04204,residential,ndvi,0.597061,0.685309,979.211765,97.493955
04205,residential,ndvi,0.607477,0.631228,3637.670588,91.922831
04206,residential,ndvi,0.384988,0.372999,753.247059,89.189272
04207,residential,ndvi,0.414413,0.419658,2272.356863,84.295022
04208,residential,ndvi,0.346536,0.306025,1350.537255,91.721116
04209,residential,ndvi,0.487738,0.491199,948.133333,92.096230
04210,residential,ndvi,0.513303,0.509561,897.329412,89.856734
04211,residential,ndvi,0.568880,0.595304,2320.917647,87.696863
04212,residential,ndvi,0.505259,0.521302,1308.823529,94.386870
04213,residential,ndvi,0.651856,0.681746,3193.905882,98.537287
04214,residential,ndvi,0.481276,0.486135,1468.211765,90.113795
04215,residential,ndvi,0.382807,0.345523,654.023529,93.305362
04216,residential,ndvi,0.452486,0.435922,996.423529,94.616361
04217,residential,ndvi,0.549082,0.568534,1974.498039,95.203427
04218,residential,ndvi,0.387063,0.341900,793.286275,90.936912
04219,residential,ndvi,0.509245,0.524993,1600.227451,91.697153
04220,residential,ndvi,0.634605,0.673736,3373.784314,92.858877
04221,residential,ndvi,0.403570,0.400223,2033.243137,95.613836
04222,residential,ndvi,0.355985,0.334126,1072.180392,94.036140
04223,residential,ndvi,0.360593,0.325623,562.694118,95.017688
04224,residential,ndvi,0.615783,0.642121,3014.317647,88.453337
04225,residential,ndvi,0.387596,0.361722,1888.400000,93.597366
04226,residential,ndvi,0.512762,0.533552,1311.258824,86.703811
04227,residential,ndvi,0.231666,0.173838,652.286275,93.859944
04301,residential,ndvi,0.398902,0.377288,618.870588,88.565432
04302,residential,ndvi,0.295960,0.251424,464.341176,86.081059
04303,residential,ndvi,0.356677,0.306280,605.176471,84.728992
04304,residential,ndvi,0.310246,0.263658,395.427451,85.436460
04305,residential,ndvi,0.408860,0.380359,405.654902,89.257197
04306,residential,ndvi,0.401351,0.380777,406.776471,90.035786
04307,residential,ndvi,0.409557,0.379841,472.827451,93.123106
04308,residential,ndvi,0.369263,0.329785,672.917647,91.969970
04309,residential,ndvi,0.273052,0.221657,433.549020,95.033703
04310,residential,ndvi,0.237433,0.188953,511.650980,93.359160
04311,residential,ndvi,0.277088,0.228478,394.776471,92.104810
04312,residential,ndvi,0.312894,0.256384,324.415686,95.244155
04313,residential,ndvi,0.304726,0.247631,409.239216,96.029869
04314,residential,ndvi,0.239493,0.196849,446.984314,93.542941
04315,residential,ndvi,0.317720,0.278672,580.823529,96.214449
04316,residential,ndvi,0.272955,0.220744,418.807843,94.315049
04317,residential,ndvi,0.406051,0.389089,940.752941,91.601637
04318,residential,ndvi,0.232816,0.189118,299.298039,92.413910
04319,residential,ndvi,0.289430,0.231301,297.525490,95.754537
04320,residential,ndvi,0.267963,0.227929,522.847059,91.248954
04321,residential,ndvi,0.268968,0.228511,403.384314,95.626163
04322,residential,ndvi,0.249856,0.213078,392.039216,94.912134
04323,residential,ndvi,0.317749,0.278668,493.894118,97.060408
04324,residential,ndvi,0.262042,0.208867,698.694118,91.241184
04325,residential,ndvi,0.361527,0.288409,328.603922,90.827494
04326,residential,ndvi,0.390343,0.337562,382.788235,94.070361
04327,residential,ndvi,0.327835,0.294743,381.901961,86.659855
04328,residential,ndvi,0.337218,0.291097,575.094118,95.433873
04329,residential,ndvi,0.315357,0.263375,409.141176,93.015221
04401,residential,ndvi,0.307076,0.224340,579.921569,87.936929
04402,residential,ndvi,0.385476,0.361730,974.505882,97.610031
04403,residential,ndvi,0.194467,0.146206,1622.262745,102.510430
04404,residential,ndvi,0.285853,0.232835,421.745098,94.368497
04405,residential,ndvi,0.216028,0.189669,569.466667,91.795688
04406,residential,ndvi,0.288299,0.232196,601.521569,92.537200
04407,residential,ndvi,0.281589,0.243581,641.074510,92.784987
04408,residential,ndvi,0.316580,0.258900,606.494118,96.038414
04409,residential,ndvi,0.278496,0.216371,884.639216,98.159782
04410,residential,ndvi,0.292512,0.256835,583.858824,91.003170
04411,residential,ndvi,0.260896,0.232867,642.223529,93.069666
04412,residential,ndvi,0.289818,0.227892,635.835294,91.422597
04413,residential,ndvi,0.292878,0.243901,521.443137,92.357688
04414,residential,ndvi,0.318953,0.275449,539.686275,96.453888
04415,residential,ndvi,0.267649,0.213048,1319.129412,98.869317
04416,residential,ndvi,0.321592,0.271169,620.419608,89.952088
04417,residential,ndvi,0.301065,0.263795,468.258824,95.280405
04418,residential,ndvi,0.302137,0.244222,521.784314,95.491346
04419,residential,ndvi,0.271453,0.220385,781.843137,95.275713
04420,residential,ndvi,0.231253,0.166146,880.533333,101.009326
04421,residential,ndvi,0.205428,0.142498,1186.435294,104.377810
04422,residential,ndvi,0.250154,0.208934,919.172549,94.583696
04423,residential,ndvi,0.213433,0.146332,1191.419608,95.284837
04424,residential,ndvi,0.287569,0.235315,683.949020,86.363070
04425,residential,ndvi,0.383728,0.368646,509.364706,91.092526
04426,residential,ndvi,0.253053,0.212709,369.945098,91.679157
04427,residential,ndvi,0.365327,0.337103,634.694118,94.560832
04428,residential,ndvi,0.370034,0.334519,683.447059,92.876003
04429,residential,ndvi,0.306032,0.251381,3354.470588,98.399176
04501,residential,ndvi,0.656168,0.697151,5503.803922,92.305431
04502,residential,ndvi,0.626046,0.658246,3842.003922,90.411364
04503,residential,ndvi,0.603079,0.634893,3187.149020,96.542807
04504,residential,ndvi,0.464660,0.470165,1108.811765,93.859871
04505,residential,ndvi,0.327721,0.292009,472.403922,90.687448
04506,residential,ndvi,0.285251,0.249144,490.737255,91.524085
04507,residential,ndvi,0.307980,0.264225,766.976471,89.434653
04508,residential,ndvi,0.277703,0.236405,448.780392,88.327659
04509,residential,ndvi,0.270916,0.224572,523.760784,89.089930
04510,residential,ndvi,0.295603,0.248134,598.850980,88.537814
04511,residential,ndvi,0.365798,0.329640,929.290196,91.176513
04512,residential,ndvi,0.425693,0.419942,1531.478431,86.616915
04513,residential,ndvi,0.321606,0.287293,325.349020,84.713767
04514,residential,ndvi,0.397012,0.350512,338.321569,87.862087
04515,residential,ndvi,0.485816,0.471973,373.400000,89.082128
04516,residential,ndvi,0.469469,0.438609,417.254902,88.305573
04517,residential,ndvi,0.385305,0.372886,1229.027451,89.508446
04518,residential,ndvi,0.338622,0.310221,1083.200000,89.731779
04519,residential,ndvi,0.460814,0.454549,762.905882,91.947029
04520,residential,ndvi,0.585961,0.611264,2065.654902,93.692339
04521,residential,ndvi,0.610689,0.634858,2994.003922,98.176309
04522,residential,ndvi,0.632561,0.670018,4021.223529,88.508156
04523,residential,ndvi,0.536636,0.556650,1379.784314,95.201077
04524,residential,ndvi,0.623025,0.658146,4775.509804,91.194644
04525,residential,ndvi,0.621593,0.658115,3560.929412,93.762141
04526,residential,ndvi,0.567224,0.599336,1085.882353,94.169744
04527,residential,ndvi,0.327577,0.287152,499.439216,87.042832
04528,residential,ndvi,0.258418,0.220123,334.074510,90.873153
04601,residential,ndvi,0.361950,0.310352,661.494118,94.170286
04602,residential,ndvi,0.346884,0.294627,613.000000,98.411330
04603,residential,ndvi,0.322385,0.263635,783.800000,101.960314
04604,residential,ndvi,0.400662,0.381341,818.023529,102.199390
04605,residential,ndvi,0.403424,0.381212,450.050980,95.452140
04606,residential,ndvi,0.361435,0.321815,717.976471,97.874167
04607,residential,ndvi,0.374736,0.315180,700.074510,94.695327
04608,residential,ndvi,0.370225,0.325915,548.674510,88.638301
04609,residential,ndvi,0.471858,0.463171,966.176471,87.571612
04610,residential,ndvi,0.309468,0.256295,382.839216,90.524267
04611,residential,ndvi,0.342588,0.286515,689.062745,94.581398
04612,residential,ndvi,0.424806,0.404323,543.090196,98.022276
04613,residential,ndvi,0.329867,0.302358,435.952941,100.056923
04614,residential,ndvi,0.346906,0.310498,499.113725,100.499230
04615,residential,ndvi,0.379272,0.306237,538.098039,94.786401
04616,residential,ndvi,0.335676,0.271698,386.231373,94.312157
04617,residential,ndvi,0.319105,0.275893,541.725490,92.620081
04618,residential,ndvi,0.316152,0.250993,527.278431,92.178281
04619,residential,ndvi,0.286203,0.228277,686.952941,92.260925
04620,residential,ndvi,0.355496,0.294796,781.462745,96.409900
04621,residential,ndvi,0.454020,0.443556,720.972549,107.462023
04622,residential,ndvi,0.375683,0.325786,617.145098,106.670945
04623,residential,ndvi,0.441586,0.415570,860.003922,93.786371
04624,residential,ndvi,0.369680,0.333873,655.980392,97.689978
04625,residential,ndvi,0.346089,0.299240,580.439216,99.842013
04626,residential,ndvi,0.317915,0.281966,445.333333,101.836685
04627,residential,ndvi,0.323733,0.282815,838.062745,106.918566
04701,residential,ndvi,0.407539,0.385006,770.937255,91.341448
04702,residential,ndvi,0.430360,0.427816,996.392157,86.728389
04703,residential,ndvi,0.218902,0.181904,850.000000,95.386884
04704,residential,ndvi,0.454938,0.439286,819.152941,94.504404
04705,residential,ndvi,0.281965,0.231761,360.380392,94.023494
04706,residential,ndvi,0.331067,0.275425,454.356863,96.527494
04707,residential,ndvi,0.365422,0.322145,380.580392,96.078229
04708,residential,ndvi,0.440084,0.443234,1172.317647,100.442254
04709,residential,ndvi,0.377217,0.332983,764.435294,100.821301
04710,residential,ndvi,0.444477,0.423672,700.403922,107.461291
04711,residential,ndvi,0.465927,0.439601,902.682353,102.414521
04712,residential,ndvi,0.421892,0.396353,677.184314,108.281784
04713,residential,ndvi,0.510560,0.525489,1582.313725,106.917978
04714,residential,ndvi,0.431301,0.391490,497.133333,108.307725
04715,residential,ndvi,0.459186,0.458087,1082.878431,104.544225
04716,residential,ndvi,0.455329,0.439613,595.419608,108.655988
04717,residential,ndvi,0.423606,0.392550,510.878431,107.533744
04718,residential,ndvi,0.542388,0.557178,1320.015686,91.971715
04719,residential,ndvi,0.445287,0.439251,1500.121569,92.753612
04720,residential,ndvi,0.537680,0.560407,1333.290196,93.339040
04721,residential,ndvi,0.483304,0.490120,1607.192157,93.384212
04722,residential,ndvi,0.443641,0.427439,839.745098,94.729913
04723,residential,ndvi,0.257922,0.221192,1378.125490,94.904451
04724,residential,ndvi,0.498848,0.490604,930.278431,96.668588
04725,residential,ndvi,0.416561,0.408399,956.352941,94.293997
04726,residential,ndvi,0.443532,0.404078,717.219608,103.901389
04727,residential,ndvi,0.547382,0.568039,1589.752941,97.513048
04801,residential,ndvi,0.385365,0.302195,402.325490,91.525104
04802,residential,ndvi,0.386588,0.349465,508.450980,87.345239
04803,residential,ndvi,0.417683,0.383941,663.450980,93.744184
04804,residential,ndvi,0.320887,0.263909,1036.486275,93.421276
04805,residential,ndvi,0.363008,0.318950,1062.831373,91.568773
04806,residential,ndvi,0.335673,0.298157,477.921569,93.020522
04807,residential,ndvi,0.226507,0.158426,1739.105882,95.163433
05101,residential,ndvi,0.574115,0.595497,2789.827451,85.219848
05102,residential,ndvi,0.439967,0.435798,1507.368627,89.791648
05103,residential,ndvi,0.582791,0.611154,2375.552941,84.393507
05104,residential,ndvi,0.333777,0.279063,2605.305882,93.668366
05105,residential,ndvi,0.546662,0.541016,2707.713725,86.009888
05106,residential,ndvi,0.525657,0.548868,3685.898039,89.531752
05107,residential,ndvi,0.512003,0.521684,1107.745098,80.346321
05108,residential,ndvi,0.459150,0.448039,526.047059,86.449978
05109,residential,ndvi,0.478286,0.471433,822.968627,96.175276
05110,residential,ndvi,0.474769,0.470876,816.435294,87.823282
05111,residential,ndvi,0.559175,0.568031,1085.137255,82.233754
05112,residential,ndvi,0.476541,0.490812,856.886275,87.162110
05113,residential,ndvi,0.569384,0.587986,2541.486275,82.311434
05114,residential,ndvi,0.325487,0.259583,346.937255,88.704574
05115,residential,ndvi,0.418097,0.401096,792.764706,93.101071
05116,residential,ndvi,0.458432,0.443603,475.533333,93.490941
05117,residential,ndvi,0.600436,0.630637,742.815686,91.981934
05118,residential,ndvi,0.375963,0.334316,657.690196,88.752348
05119,residential,ndvi,0.477722,0.475181,836.478431,87.130439
05120,residential,ndvi,0.436842,0.411577,479.125490,92.030710
05121,residential,ndvi,0.391036,0.384756,399.666667,91.584781
05122,residential,ndvi,0.458428,0.467082,867.796078,92.209695
05123,residential,ndvi,0.515104,0.522026,1197.313725,90.810343
05124,residential,ndvi,0.490511,0.494104,1537.443137,92.202677
05125,residential,ndvi,0.565087,0.603194,1099.533333,91.908849
05126,residential,ndvi,0.518986,0.545492,995.956863,92.371061
05127,residential,ndvi,0.565466,0.595440,642.980392,89.576141
05128,residential,ndvi,0.611936,0.685711,2938.050980,79.821692
05129,residential,ndvi,0.545792,0.552484,1432.682353,84.674224
05130,residential,ndvi,0.528362,0.545189,2306.431373,80.331759
05131,residential,ndvi,0.402415,0.337952,1093.411765,99.315820
05132,residential,ndvi,0.370032,0.334092,3105.588235,93.751540
05133,residential,ndvi,0.384748,0.353693,756.474510,89.209563
05134,residential,ndvi,0.435748,0.416412,692.670588,95.858377
05135,residential,ndvi,0.330236,0.264093,698.482353,92.160460
05136,residential,ndvi,0.182900,0.122737,1081.847059,97.199876
05137,residential,ndvi,0.307319,0.216946,419.403922,90.390741
05138,residential,ndvi,0.169291,0.111380,539.988235,92.244472
05201,residential,ndvi,0.477648,0.478272,1104.803922,92.194637
05202,residential,ndvi,0.512037,0.525161,956.047059,94.039681
05203,residential,ndvi,0.514157,0.532498,978.533333,95.390645
05204,residential,ndvi,0.336176,0.276030,896.992157,97.938885
05205,residential,ndvi,0.486748,0.506388,671.560784,95.935818
05206,residential,ndvi,0.255606,0.177770,2281.341176,95.790345
05207,residential,ndvi,0.557883,0.591945,787.145098,89.984875
05208,residential,ndvi,0.397694,0.369824,667.262745,99.002069
05209,residential,ndvi,0.477006,0.478622,844.811765,91.029616
05210,residential,ndvi,0.282452,0.212383,557.364706,96.251323
05211,residential,ndvi,0.371068,0.341748,418.137255,95.443329
05212,residential,ndvi,0.498514,0.509711,651.949020,92.337979
05213,residential,ndvi,0.527196,0.541125,2709.027451,91.609012
05214,residential,ndvi,0.509995,0.530209,904.517647,90.061183
05215,residential,ndvi,0.484817,0.462717,742.466667,93.232394
05216,residential,ndvi,0.442650,0.436182,1090.635294,94.923894
05217,residential,ndvi,0.455860,0.463143,1047.105882,91.110916
05218,residential,ndvi,0.390869,0.365490,1392.415686,98.188599
05219,residential,ndvi,0.429861,0.415753,603.337255,100.663395
05220,residential,ndvi,0.533534,0.536984,1955.713725,93.870631
05221,residential,ndvi,0.342320,0.266805,1055.337255,93.620454
05222,residential,ndvi,0.340204,0.286713,736.564706,97.136021
05223,residential,ndvi,0.598423,0.611599,926.352941,93.704851
05224,residential,ndvi,0.467799,0.459002,794.439216,98.158020
05225,residential,ndvi,0.356722,0.306453,516.086275,96.872069
05226,residential,ndvi,0.269000,0.224469,1528.749020,94.974484
05227,residential,ndvi,0.316583,0.276177,447.239216,98.309051
05228,residential,ndvi,0.453252,0.466756,891.905882,94.017596
05229,residential,ndvi,0.537679,0.561598,814.933333,92.702726
05230,residential,ndvi,0.358083,0.318422,409.592157,94.566819
05301,residential,ndvi,0.530226,0.564441,1240.905882,98.978002
05302,residential,ndvi,0.546317,0.588481,714.800000,87.290826
05303,residential,ndvi,0.473917,0.482883,1681.254902,87.841554
05304,residential,ndvi,0.454002,0.435323,1047.000000,93.070431
05305,residential,ndvi,0.531650,0.533073,653.415686,95.656700
05306,residential,ndvi,0.435448,0.400625,532.580392,92.237843
05307,residential,ndvi,0.557410,0.556855,953.984314,93.997608
05308,residential,ndvi,0.527830,0.529831,1089.337255,94.832555
05309,residential,ndvi,0.539430,0.549967,806.870588,93.580864
05310,residential,ndvi,0.316134,0.267625,482.847059,94.969397
05311,residential,ndvi,0.306281,0.271370,527.807843,96.283273
05312,residential,ndvi,0.420625,0.404279,1031.972549,91.303914
05313,residential,ndvi,0.208335,0.126912,8122.568627,95.279387
05314,residential,ndvi,0.338366,0.274997,434.345098,92.070198
05315,residential,ndvi,0.680694,0.736554,2476.541176,87.958915
05316,residential,ndvi,0.374802,0.322471,520.737255,96.450169
05317,residential,ndvi,0.270885,0.161940,6984.647059,96.650722
05318,residential,ndvi,0.383768,0.357728,717.231373,95.636855
05319,residential,ndvi,0.561388,0.603316,556.007843,89.834796
05320,residential,ndvi,0.508066,0.513814,800.407843,92.763189
05321,residential,ndvi,0.450990,0.446763,686.678431,92.405881
05322,residential,ndvi,0.525565,0.536863,1365.780392,89.717978
05323,residential,ndvi,0.404459,0.392655,1145.160784,99.314288
05324,residential,ndvi,0.543417,0.544520,754.792157,86.049010
05325,residential,ndvi,0.585330,0.607673,1687.227451,85.416144
05326,residential,ndvi,0.530977,0.545509,1083.454902,93.145830
05327,residential,ndvi,0.256981,0.201045,2633.082353,90.697364
05328,residential,ndvi,0.512833,0.533818,828.439216,87.073595
05329,residential,ndvi,0.234328,0.209212,357.266667,88.239334
05330,residential,ndvi,0.240744,0.221100,283.015686,94.378681
05331,residential,ndvi,0.294335,0.275496,653.015686,94.858413
05332,residential,ndvi,0.388056,0.330525,346.227451,94.877299
05333,residential,ndvi,0.219236,0.150403,5660.439216,93.380447
05334,residential,ndvi,0.727931,0.739343,0.015686,78.500000
05336,residential,ndvi,0.403587,0.408589,1684.525490,94.090287
05401,residential,ndvi,0.522792,0.529298,2106.705882,84.492966
05402,residential,ndvi,0.410735,0.451588,3094.443137,91.416368
05403,residential,ndvi,0.542917,0.545064,3263.035294,83.750421
05404,residential,ndvi,0.512346,0.548934,5856.811765,87.275731
05405,residential,ndvi,0.536470,0.552712,3293.388235,86.502751
05406,residential,ndvi,0.503503,0.505985,1202.066667,84.377177
05407,residential,ndvi,0.527223,0.529134,3156.964706,95.169709
05408,residential,ndvi,0.508732,0.533186,789.725490,95.022559
05409,residential,ndvi,0.519253,0.517322,2789.972549,89.965900
05410,residential,ndvi,0.494124,0.501920,1415.776471,88.040576
05411,residential,ndvi,0.458160,0.462772,858.129412,89.574560
05412,residential,ndvi,0.513827,0.544736,1178.356863,91.387918
05413,residential,ndvi,0.386264,0.392534,3260.329412,93.697271
05414,residential,ndvi,0.527060,0.532964,782.992157,94.980402
05415,residential,ndvi,0.526211,0.529693,1062.019608,86.246127
05416,residential,ndvi,0.556435,0.560696,2513.733333,83.877061
05417,residential,ndvi,0.647147,0.669923,5421.027451,82.484134
05418,residential,ndvi,0.541887,0.583884,375.231373,88.988786
05419,residential,ndvi,0.559548,0.564706,4509.596078,81.081506
05420,residential,ndvi,0.587208,0.595785,3766.454902,80.390216
05421,residential,ndvi,0.475567,0.489939,932.901961,95.782387
05422,residential,ndvi,0.550193,0.571997,885.192157,93.183095
05423,residential,ndvi,0.504268,0.509962,1031.388235,88.287125
05424,residential,ndvi,0.555203,0.560509,2319.917647,80.620412
05425,residential,ndvi,0.523601,0.525588,1958.227451,83.072258
05426,residential,ndvi,0.430665,0.408182,992.109804,89.061027
05427,residential,ndvi,0.479271,0.482069,1011.223529,98.597358
05428,residential,ndvi,0.539364,0.580158,1820.866667,79.317823
05429,residential,ndvi,0.513232,0.521270,2392.815686,87.917739
05430,residential,ndvi,0.552290,0.548854,1344.745098,82.767187
05431,residential,ndvi,0.544101,0.549001,2106.101961,85.572015
05432,residential,ndvi,0.565866,0.587848,1250.250980,82.075081
05501,residential,ndvi,0.428976,0.427878,753.062745,87.319131
05502,residential,ndvi,0.509867,0.518005,989.192157,88.719902
05503,residential,ndvi,0.569449,0.572285,2479.576471,83.051424
05504,residential,ndvi,0.532373,0.552797,2799.705882,88.253048
05505,residential,ndvi,0.535465,0.552658,1143.952941,92.816234
05506,residential,ndvi,0.565584,0.564430,2048.509804,86.813102
05507,residential,ndvi,0.606641,0.615328,4424.305882,90.100754
05508,residential,ndvi,0.690696,0.716654,5285.756863,94.064811
05509,residential,ndvi,0.583027,0.595487,3806.996078,95.431156
05510,residential,ndvi,0.615318,0.630886,4298.890196,97.011741
05511,residential,ndvi,0.669451,0.689481,4262.572549,88.630126
05512,residential,ndvi,0.593227,0.599179,2829.619608,88.159330
05513,residential,ndvi,0.532015,0.521762,2465.647059,96.990761
05514,residential,ndvi,0.463159,0.459759,876.176471,87.117784
05515,residential,ndvi,0.512599,0.541366,1347.419608,90.921756
05516,residential,ndvi,0.590332,0.631044,7166.000000,93.320299
05517,residential,ndvi,0.503693,0.525117,830.098039,92.339903
05518,residential,ndvi,0.642867,0.662295,4212.933333,92.187909
05519,residential,ndvi,0.519036,0.524237,1183.576471,88.543448
05520,residential,ndvi,0.536838,0.552644,1770.988235,89.572309
05521,residential,ndvi,0.458059,0.455273,1615.772549,88.775131
05522,residential,ndvi,0.609294,0.638857,3614.486275,103.387626
05523,residential,ndvi,0.584461,0.588107,2798.725490,94.272233
05524,residential,ndvi,0.599384,0.614992,3336.988235,97.299823
05525,residential,ndvi,0.595923,0.611166,2098.725490,93.490142
05526,residential,ndvi,0.535949,0.544808,1990.772549,84.512411
05527,residential,ndvi,0.487931,0.490687,527.352941,82.578814
05528,residential,ndvi,0.628304,0.654358,3899.921569,101.627173
05529,residential,ndvi,0.649465,0.657959,3711.968627,89.554955
05530,residential,ndvi,0.387829,0.369041,2182.356863,96.360977
05531,residential,ndvi,0.541999,0.564382,3389.043137,95.549281
05532,residential,ndvi,0.441466,0.435274,1527.270588,98.271683
05533,residential,ndvi,0.525475,0.556222,424.121569,91.261015
06101,residential,ndvi,0.537953,0.545200,2652.858824,104.747683
06102,residential,ndvi,0.516264,0.521911,754.847059,112.413521
06103,residential,ndvi,0.410838,0.380723,443.650980,106.889995
06104,residential,ndvi,0.344965,0.306160,406.196078,109.529919
06105,residential,ndvi,0.304640,0.266565,491.376471,107.760441
06106,residential,ndvi,0.415276,0.392810,509.133333,103.215222
06107,residential,ndvi,0.430010,0.417119,552.501961,106.936212
06108,residential,ndvi,0.395171,0.376971,482.607843,106.143420
06109,residential,ndvi,0.485336,0.467188,538.235294,107.824729
06110,residential,ndvi,0.433673,0.408544,493.662745,108.199549
06111,residential,ndvi,0.422900,0.388210,467.952941,105.116980
06112,residential,ndvi,0.408848,0.392212,754.223529,107.114305
06113,residential,ndvi,0.379085,0.349570,548.443137,103.408658
06114,residential,ndvi,0.366506,0.330311,762.086275,109.254724
06115,residential,ndvi,0.341174,0.298357,595.658824,114.827523
06116,residential,ndvi,0.412701,0.368828,439.580392,113.282721
06117,residential,ndvi,0.534403,0.540696,1060.745098,113.210536
06118,residential,ndvi,0.604082,0.634232,1827.050980,107.156373
06119,residential,ndvi,0.537521,0.547995,1243.917647,112.878789
06120,residential,ndvi,0.475053,0.451951,668.388235,116.320302
06121,residential,ndvi,0.389701,0.361505,478.839216,113.546207
06122,residential,ndvi,0.342865,0.307264,924.333333,110.965474
06123,residential,ndvi,0.621548,0.681714,7709.784314,110.866066
06124,residential,ndvi,0.428466,0.408155,612.478431,107.551088
06125,residential,ndvi,0.382180,0.368231,832.925490,106.307878
06126,residential,ndvi,0.494592,0.497692,882.145098,100.620644
06127,residential,ndvi,0.477415,0.466691,950.556863,103.540608
06128,residential,ndvi,0.467176,0.435817,706.513725,102.741004
06129,residential,ndvi,0.495592,0.502788,1024.533333,103.301976
06130,residential,ndvi,0.558559,0.611359,2660.223529,102.551681
06201,residential,ndvi,0.342751,0.321341,686.862745,102.373959
06202,residential,ndvi,0.422200,0.384800,563.643137,98.219531
06203,residential,ndvi,0.406883,0.388865,1305.850980,98.002604
06204,residential,ndvi,0.412481,0.401424,797.301961,101.278410
06205,residential,ndvi,0.464369,0.443023,709.674510,96.913515
06206,residential,ndvi,0.410755,0.395832,495.415686,102.826211
06207,residential,ndvi,0.544100,0.545023,636.839216,102.935028
06208,residential,ndvi,0.465294,0.474444,688.600000,108.253592
06209,residential,ndvi,0.607111,0.615713,1374.443137,103.783952
06210,residential,ndvi,0.595632,0.626928,1392.262745,103.871537
06211,residential,ndvi,0.503824,0.529075,1274.862745,101.806817
06212,residential,ndvi,0.579133,0.583674,1947.309804,99.805151
06213,residential,ndvi,0.609046,0.643193,1131.831373,104.854617
06214,residential,ndvi,0.570683,0.588191,549.509804,105.314091
06215,residential,ndvi,0.404956,0.377777,428.235294,102.635147
06216,residential,ndvi,0.350893,0.324805,534.568627,102.618222
06217,residential,ndvi,0.400135,0.368692,408.713725,101.648711
06218,residential,ndvi,0.386910,0.349464,410.545098,106.194118
06219,residential,ndvi,0.489113,0.466492,486.772549,99.799955
06220,residential,ndvi,0.523300,0.552705,1094.035294,94.438822
06221,residential,ndvi,0.365206,0.334233,723.709804,104.534149
06222,residential,ndvi,0.428515,0.392963,557.000000,110.789735
06223,residential,ndvi,0.422804,0.400433,481.274510,111.862041
06224,residential,ndvi,0.546127,0.572765,1253.407843,104.428707
06225,residential,ndvi,0.504747,0.478030,635.984314,106.935268
06226,residential,ndvi,0.417017,0.397445,776.227451,102.923279
06227,residential,ndvi,0.544149,0.556569,1003.431373,99.650048
06228,residential,ndvi,0.514348,0.544533,2636.898039,101.673086
06229,residential,ndvi,0.476547,0.462592,659.878431,102.869209
06230,residential,ndvi,0.496514,0.489896,708.141176,102.394205
06301,residential,ndvi,0.472592,0.486308,1424.125490,97.451271
06302,residential,ndvi,0.527427,0.545363,1515.792157,99.952560
06303,residential,ndvi,0.602880,0.619344,2022.219608,104.267115
06304,residential,ndvi,0.473412,0.482719,1167.854902,101.074143
06305,residential,ndvi,0.567463,0.583918,1423.780392,99.329091
06306,residential,ndvi,0.596082,0.623332,2093.180392,96.079015
06307,residential,ndvi,0.598301,0.626877,1906.274510,93.906211
06308,residential,ndvi,0.596999,0.611567,1816.815686,97.131188
06309,residential,ndvi,0.625342,0.638764,2626.211765,96.064151
06310,residential,ndvi,0.611795,0.623074,2520.231373,97.644637
06311,residential,ndvi,0.573240,0.607600,1644.443137,93.751751
06312,residential,ndvi,0.543427,0.556653,1476.000000,101.357623
06313,residential,ndvi,0.593453,0.619484,1885.352941,104.838220
06314,residential,ndvi,0.584619,0.591985,2514.882353,95.991343
06315,residential,ndvi,0.587123,0.591657,2953.474510,92.811515
06316,residential,ndvi,0.578732,0.607106,3798.619608,91.135659
06317,residential,ndvi,0.594614,0.611106,2099.376471,90.643696
06318,residential,ndvi,0.577970,0.587764,2219.674510,89.575115
06319,residential,ndvi,0.625306,0.638740,2381.772549,90.466935
06320,residential,ndvi,0.609807,0.634353,2074.356863,98.649286
06321,residential,ndvi,0.577610,0.584125,2865.431373,93.383439
06322,residential,ndvi,0.560971,0.564542,2192.172549,101.117259
06323,residential,ndvi,0.408733,0.396060,1624.227451,104.446501
06324,residential,ndvi,0.377837,0.372686,7379.890196,106.659730
06325,residential,ndvi,0.530244,0.568275,2667.666667,101.390349
06326,residential,ndvi,0.590077,0.599617,2238.356863,95.678074
06327,residential,ndvi,0.643728,0.685887,1184.023529,94.688559
06328,residential,ndvi,0.546563,0.548041,865.490196,96.848546
06329,residential,ndvi,0.524468,0.548876,2381.458824,102.431098
06401,residential,ndvi,0.529512,0.545021,1821.466667,93.878198
06402,residential,ndvi,0.590199,0.615306,1678.384314,95.577645
06403,residential,ndvi,0.591132,0.607281,2179.145098,96.230222
06404,residential,ndvi,0.537186,0.548724,1646.666667,96.770545
06405,residential,ndvi,0.473460,0.483439,1294.952941,104.905685
06406,residential,ndvi,0.474731,0.482317,1136.227451,103.005812
06407,residential,ndvi,0.521387,0.533789,1278.337255,103.189269
06408,residential,ndvi,0.533509,0.552571,1525.992157,100.140671
06409,residential,ndvi,0.575522,0.580404,2297.231373,97.602316
06410,residential,ndvi,0.444679,0.454748,2052.976471,97.830110
06411,residential,ndvi,0.540590,0.572399,1555.717647,91.392551
06412,residential,ndvi,0.563346,0.573083,1193.462745,101.199226
06413,residential,ndvi,0.530590,0.537071,1624.705882,93.718233
06414,residential,ndvi,0.525081,0.529064,1499.047059,104.260432
06415,residential,ndvi,0.352210,0.337688,3855.929412,110.205942
06416,residential,ndvi,0.530167,0.532679,885.043137,106.944746
06417,residential,ndvi,0.549285,0.571860,1464.835294,98.877106
06418,residential,ndvi,0.553257,0.572202,2251.670588,101.328673
06419,residential,ndvi,0.545009,0.568188,1152.352941,99.505237
06420,residential,ndvi,0.628376,0.684954,781.203922,98.737494
06421,residential,ndvi,0.606436,0.630881,1354.164706,99.530037
06422,residential,ndvi,0.581792,0.595393,1698.215686,101.464003
06423,residential,ndvi,0.564416,0.572179,2173.858824,102.969098
06424,residential,ndvi,0.580761,0.592491,1801.600000,99.031075
06425,residential,ndvi,0.597320,0.611319,2369.313725,102.900150
06426,residential,ndvi,0.577466,0.583761,2865.780392,102.618822
06427,residential,ndvi,0.550952,0.552595,2505.270588,100.914629
06428,residential,ndvi,0.599792,0.607722,1992.890196,101.307460
06429,residential,ndvi,0.561728,0.568672,1617.650980,100.717286
06430,residential,ndvi,0.580188,0.587680,1498.235294,106.242900
06501,residential,ndvi,0.624829,0.654723,1751.070588,102.083913
06502,residential,ndvi,0.596691,0.614894,1784.850980,106.573120
06503,residential,ndvi,0.589407,0.615001,1960.631373,106.292455
06504,residential,ndvi,0.488159,0.486232,976.231373,105.488943
06505,residential,ndvi,0.601697,0.627091,1802.796078,106.372937
06506,residential,ndvi,0.593613,0.611424,2021.160784,103.785464
06507,residential,ndvi,0.497244,0.529535,1737.729412,106.077645
06508,residential,ndvi,0.530405,0.540741,1336.980392,109.808559
06509,residential,ndvi,0.473943,0.505840,2678.403922,103.333921
06510,residential,ndvi,0.558038,0.572669,2068.345098,99.576261
06511,residential,ndvi,0.512437,0.518458,807.956863,103.945352
06512,residential,ndvi,0.553272,0.568470,1776.435294,105.731564
06513,residential,ndvi,0.511290,0.514187,970.196078,105.238557
06514,residential,ndvi,0.501768,0.517320,940.584314,109.961263
06515,residential,ndvi,0.508331,0.513896,884.490196,107.381494
06516,residential,ndvi,0.485883,0.478483,767.823529,111.315023
06517,residential,ndvi,0.546616,0.553028,751.364706,105.211735
06518,residential,ndvi,0.495461,0.478422,895.898039,105.912083
06519,residential,ndvi,0.536183,0.568380,895.639216,108.040961
06520,residential,ndvi,0.399012,0.416194,2881.870588,101.962413
06521,residential,ndvi,0.533872,0.529400,1360.835294,101.260209
06522,residential,ndvi,0.527084,0.525486,804.964706,104.485107
06523,residential,ndvi,0.552367,0.568395,1932.235294,102.414217
06524,residential,ndvi,0.530201,0.545404,3096.086275,98.299813
06525,residential,ndvi,0.586114,0.618320,985.772549,102.478597
06526,residential,ndvi,0.499329,0.517534,823.705882,97.656888
06527,residential,ndvi,0.472486,0.474737,886.219608,102.200889
06528,residential,ndvi,0.532615,0.548888,1092.772549,100.897307
06529,residential,ndvi,0.593909,0.603439,2450.560784,93.285447
06601,residential,ndvi,0.687455,0.728372,3486.533333,97.549123
06602,residential,ndvi,0.606600,0.630474,1436.415686,95.379804
06603,residential,ndvi,0.646852,0.724278,1586.882353,104.694068
06604,residential,ndvi,0.656211,0.689492,4500.235294,99.273971
06605,residential,ndvi,0.627361,0.654314,4974.623529,99.339552
06606,residential,ndvi,0.640311,0.678136,4275.364706,99.652298
06607,residential,ndvi,0.529542,0.560530,6441.450980,105.292519
06608,residential,ndvi,0.579153,0.599169,2449.874510,99.974182
06609,residential,ndvi,0.558306,0.587823,4346.031373,99.021234
06610,residential,ndvi,0.504594,0.521452,2005.109804,103.583787
06611,residential,ndvi,0.539605,0.557014,1387.243137,101.969854
06612,residential,ndvi,0.640517,0.681381,1939.427451,89.555559
06613,residential,ndvi,0.520863,0.537179,1129.882353,91.651069
06614,residential,ndvi,0.627029,0.670126,3259.654902,92.460598
06615,residential,ndvi,0.624870,0.654263,1775.266667,91.925409
06616,residential,ndvi,0.635507,0.662320,1937.850980,97.150021
06617,residential,ndvi,0.619014,0.646324,3098.039216,95.829061
06618,residential,ndvi,0.601125,0.623243,4706.392157,95.561572
06619,residential,ndvi,0.541537,0.556515,2391.901961,92.098020
06620,residential,ndvi,0.536923,0.548466,1360.133333,94.841636
06621,residential,ndvi,0.614789,0.634797,2278.886275,94.554674
06622,residential,ndvi,0.567145,0.591644,2355.050980,90.059820
06623,residential,ndvi,0.453867,0.458640,2111.505882,97.256932
06624,residential,ndvi,0.559354,0.575939,1217.850980,93.139629
06625,residential,ndvi,0.550803,0.587903,977.764706,90.655537
06626,residential,ndvi,0.539047,0.561123,883.141176,89.383093
06627,residential,ndvi,0.502723,0.498058,1245.988235,88.351361
06628,residential,ndvi,0.558883,0.571655,929.156863,89.089531
06629,residential,ndvi,0.614911,0.642525,2008.337255,87.188696
06630,residential,ndvi,0.548675,0.576117,1992.015686,94.176215
06701,residential,ndvi,0.682747,0.716447,4673.866667,98.097664
06702,residential,ndvi,0.601414,0.619107,2990.396078,101.705079
06703,residential,ndvi,0.605527,0.626995,4109.074510,101.713612
06704,residential,ndvi,0.661146,0.705047,4869.835294,102.289021
06705,residential,ndvi,0.649422,0.673775,3061.858824,99.662372
06706,residential,ndvi,0.681848,0.744031,6240.105882,104.217932
06707,residential,ndvi,0.676249,0.720491,4721.258824,96.397389
06708,residential,ndvi,0.706235,0.755836,5125.431373,97.684708
06709,residential,ndvi,0.622233,0.646370,2896.309804,88.665922
06710,residential,ndvi,0.666501,0.693040,3742.262745,88.931892
06711,residential,ndvi,0.653551,0.685650,3923.254902,94.047533
06712,residential,ndvi,0.608154,0.634986,2987.572549,89.579695
06713,residential,ndvi,0.631240,0.650506,2945.870588,93.627548
06714,residential,ndvi,0.623608,0.646488,2675.607843,86.731462
06715,residential,ndvi,0.607939,0.642833,2189.878431,89.570623
06716,residential,ndvi,0.637518,0.662552,2366.396078,89.273872
06717,residential,ndvi,0.664908,0.689466,3497.243137,93.733316
06718,residential,ndvi,0.658040,0.681497,3371.752941,95.075905
06719,residential,ndvi,0.678806,0.709083,3313.254902,95.516187
06720,residential,ndvi,0.619720,0.635094,3075.321569,92.155361
06721,residential,ndvi,0.596618,0.610886,1390.101961,90.098024
06722,residential,ndvi,0.524803,0.533066,2328.149020,89.220503
06723,residential,ndvi,0.526736,0.536960,1398.654902,87.170337
06724,residential,ndvi,0.574956,0.611320,4330.878431,91.642005
06725,residential,ndvi,0.514200,0.529031,2685.831373,98.207941
06726,residential,ndvi,0.566894,0.599695,2305.803922,89.810871
06727,residential,ndvi,0.586423,0.603254,1709.356863,90.526282
06728,residential,ndvi,0.552977,0.560784,3097.694118,94.840872
07101,residential,ndvi,0.198105,0.138439,1055.133333,100.554328
07102,residential,ndvi,0.285610,0.220539,900.501961,101.556095
07103,residential,ndvi,0.339699,0.303344,698.921569,93.112358
07104,residential,ndvi,0.263383,0.193593,561.188235,100.595124
07105,residential,ndvi,0.381875,0.345254,754.745098,102.365084
07106,residential,ndvi,0.394533,0.346041,564.984314,103.957014
07107,residential,ndvi,0.295047,0.260139,385.674510,100.632180
07108,residential,ndvi,0.372576,0.330537,432.549020,99.255703
07109,residential,ndvi,0.331322,0.274913,548.882353,99.609945
07110,residential,ndvi,0.412929,0.377772,581.984314,99.340175
07111,residential,ndvi,0.316288,0.256360,354.486275,93.975408
07112,residential,ndvi,0.384798,0.344935,420.058824,95.917780
07113,residential,ndvi,0.371062,0.313694,748.490196,91.823765
07114,residential,ndvi,0.385621,0.357603,920.239216,94.612974
07115,residential,ndvi,0.465167,0.463668,587.780392,93.169971
07116,residential,ndvi,0.416567,0.369272,794.843137,97.737218
07117,residential,ndvi,0.341439,0.275549,784.117647,97.230103
07118,residential,ndvi,0.406233,0.376668,500.043137,95.598537
07119,residential,ndvi,0.366790,0.334570,370.219608,98.166917
07120,residential,ndvi,0.404313,0.364402,440.176471,95.383278
07121,residential,ndvi,0.381551,0.365699,467.152941,95.346018
07122,residential,ndvi,0.435028,0.435401,442.509804,100.973866
07123,residential,ndvi,0.452833,0.435377,480.701961,101.861265
07124,residential,ndvi,0.429675,0.392210,479.792157,99.805847
07125,residential,ndvi,0.361318,0.318208,522.705882,101.273486
07126,residential,ndvi,0.357203,0.314452,483.580392,97.459838
07127,residential,ndvi,0.362314,0.306736,417.184314,103.159331
07128,residential,ndvi,0.311913,0.264121,395.741176,103.031264
07129,residential,ndvi,0.287963,0.224884,370.309804,104.721802
07130,residential,ndvi,0.384463,0.361651,551.607843,99.176248
07131,residential,ndvi,0.313283,0.272744,567.172549,99.562322
07132,residential,ndvi,0.399618,0.349458,468.129412,92.837208
07133,residential,ndvi,0.354678,0.309515,433.098039,103.450335
07134,residential,ndvi,0.354932,0.310330,605.521569,110.386450
07201,residential,ndvi,0.295756,0.244434,359.058824,108.285867
07202,residential,ndvi,0.377365,0.358004,474.160784,99.720977
07203,residential,ndvi,0.322074,0.260539,305.039216,105.542148
07204,residential,ndvi,0.288060,0.244881,408.831373,108.503089
07205,residential,ndvi,0.274855,0.228985,394.333333,102.099945
07206,residential,ndvi,0.332581,0.286723,366.341176,105.425436
07207,residential,ndvi,0.279731,0.247707,281.776471,102.476473
07208,residential,ndvi,0.189459,0.154530,437.737255,102.862045
07209,residential,ndvi,0.355809,0.318802,620.078431,108.110163
07210,residential,ndvi,0.325714,0.275056,312.913725,110.034903
07211,residential,ndvi,0.373389,0.334337,777.215686,110.325127
07212,residential,ndvi,0.274182,0.212518,336.870588,112.154909
07213,residential,ndvi,0.279756,0.193768,455.396078,108.701574
07214,residential,ndvi,0.199077,0.157436,276.870588,108.193706
07215,residential,ndvi,0.301402,0.255872,759.039216,108.532856
07216,residential,ndvi,0.260745,0.197000,486.517647,104.219689
07217,residential,ndvi,0.284231,0.243936,547.576471,103.550726
07218,residential,ndvi,0.242937,0.208477,455.760784,103.194082
07219,residential,ndvi,0.277178,0.244557,324.235294,99.402697
07220,residential,ndvi,0.352586,0.279402,381.874510,102.879655
07221,residential,ndvi,0.357280,0.324938,648.309804,103.127172
07222,residential,ndvi,0.296609,0.244181,273.827451,105.148942
07223,residential,ndvi,0.201014,0.158054,270.815686,106.176055
07224,residential,ndvi,0.312503,0.276078,275.360784,105.928052
07225,residential,ndvi,0.326362,0.286399,276.603922,104.902614
07226,residential,ndvi,0.311814,0.270840,324.615686,106.985757
07227,residential,ndvi,0.327124,0.278509,1240.905882,106.252870
07228,residential,ndvi,0.493868,0.497344,407.878431,104.203444
07229,residential,ndvi,0.458190,0.444332,550.262745,105.883685
07230,residential,ndvi,0.478184,0.486285,1981.290196,105.684141
07231,residential,ndvi,0.316241,0.306746,728.431373,111.884926
07232,residential,ndvi,0.215205,0.173493,608.203922,104.730805
07233,residential,ndvi,0.306185,0.271600,1520.094118,110.983226
07234,residential,ndvi,0.570071,0.603056,578.682353,110.767125
07301,residential,ndvi,0.374450,0.349636,588.501961,98.384459
07302,residential,ndvi,0.371094,0.313941,439.890196,99.342367
07303,residential,ndvi,0.209085,0.166350,566.070588,110.168094
07304,residential,ndvi,0.351567,0.290560,489.035294,106.276647
07305,residential,ndvi,0.401031,0.369111,705.094118,102.409986
07306,residential,ndvi,0.382753,0.342743,510.796078,102.798346
07307,residential,ndvi,0.390414,0.356256,521.313725,100.619220
07308,residential,ndvi,0.384691,0.369570,395.564706,102.025865
07309,residential,ndvi,0.398260,0.380498,444.584314,103.861735
07310,residential,ndvi,0.400115,0.360941,435.384314,105.943021
07311,residential,ndvi,0.429411,0.420252,589.858824,106.221283
07312,residential,ndvi,0.366562,0.345742,594.627451,105.042373
07313,residential,ndvi,0.409116,0.357052,673.125490,106.199747
07314,residential,ndvi,0.367762,0.334363,600.490196,101.466266
07315,residential,ndvi,0.416585,0.395282,511.776471,107.566087
07316,residential,ndvi,0.379981,0.345658,328.501961,104.818726
07317,residential,ndvi,0.297304,0.259947,574.223529,104.959099
07318,residential,ndvi,0.311345,0.260198,499.980392,103.167497
07319,residential,ndvi,0.333314,0.302861,613.168627,104.094744
07320,residential,ndvi,0.376923,0.361896,631.894118,106.085315
07321,residential,ndvi,0.411742,0.387462,617.035294,101.588380
07322,residential,ndvi,0.420980,0.392657,513.364706,104.848565
07323,residential,ndvi,0.409315,0.393469,598.043137,104.469925
07324,residential,ndvi,0.388348,0.354207,518.054902,100.831042
07325,residential,ndvi,0.400818,0.377044,412.098039,101.754751
07326,residential,ndvi,0.408208,0.389045,468.254902,103.980956
07327,residential,ndvi,0.358782,0.338049,425.509804,101.999585
07328,residential,ndvi,0.547928,0.595836,699.149020,108.601016
07329,residential,ndvi,0.498574,0.493380,602.286275,105.461881
07330,residential,ndvi,0.506759,0.505752,664.313725,105.922544
07331,residential,ndvi,0.203518,0.134465,3175.415686,104.380384
07332,residential,ndvi,0.514594,0.521144,980.388235,106.840579
07333,residential,ndvi,0.562256,0.588260,2038.282353,100.039193
07334,residential,ndvi,0.522494,0.521653,1176.921569,105.203492
07401,residential,ndvi,0.373800,0.334539,551.713725,102.989779
07402,residential,ndvi,0.188999,0.095319,2289.662745,96.961820
07403,residential,ndvi,0.536478,0.556115,778.392157,97.680296
07404,residential,ndvi,0.550247,0.556883,1005.525490,95.342585
07405,residential,ndvi,0.581911,0.591942,1300.972549,99.467433
07406,residential,ndvi,0.513316,0.505579,1259.662745,103.478768
07407,residential,ndvi,0.571469,0.611609,842.082353,103.216503
07408,residential,ndvi,0.555973,0.560361,1267.439216,97.723846
07409,residential,ndvi,0.354235,0.337947,1360.756863,109.876790
07410,residential,ndvi,0.364799,0.322669,834.764706,104.433293
07411,residential,ndvi,0.231010,0.162491,1568.823529,99.244927
07412,residential,ndvi,0.344396,0.292127,596.243137,101.013825
07413,residential,ndvi,0.434603,0.424373,530.807843,101.309377
07414,residential,ndvi,0.318245,0.298789,1522.266667,98.836840
07415,residential,ndvi,0.512751,0.518362,937.949020,98.786932
07416,residential,ndvi,0.414309,0.365815,613.639216,103.196219
07417,residential,ndvi,0.416581,0.372462,631.380392,105.602061
07418,residential,ndvi,0.457615,0.447367,736.823529,104.221321
07419,residential,ndvi,0.500176,0.482087,586.776471,101.350175
07420,residential,ndvi,0.484980,0.462787,676.219608,104.194159
07421,residential,ndvi,0.452633,0.436791,678.717647,107.516949
07422,residential,ndvi,0.348064,0.329738,641.474510,105.818745
07423,residential,ndvi,0.406463,0.400494,2132.772549,103.053411
07424,residential,ndvi,0.225589,0.162556,1555.870588,105.887263
07425,residential,ndvi,0.307552,0.286730,558.329412,112.556984
07426,residential,ndvi,0.368933,0.345599,554.533333,103.173020
07427,residential,ndvi,0.432485,0.404919,677.023529,102.592437
07428,residential,ndvi,0.470159,0.439942,575.513725,103.142475
07429,residential,ndvi,0.389362,0.349565,613.447059,104.213304
07430,residential,ndvi,0.423363,0.400345,630.152941,112.023816
07431,residential,ndvi,0.442999,0.404334,532.317647,105.887204
07432,residential,ndvi,0.471227,0.466622,583.156863,100.179732
07501,residential,ndvi,0.459355,0.451211,1368.509804,98.642560
07502,residential,ndvi,0.287359,0.196825,3353.988235,98.151822
07503,residential,ndvi,0.472530,0.497789,2458.270588,90.933972
07504,residential,ndvi,0.293298,0.220866,2269.678431,100.298531
07505,residential,ndvi,0.339018,0.263682,2842.411765,103.989952
07506,residential,ndvi,0.492140,0.498037,1003.960784,101.801191
07507,residential,ndvi,0.433044,0.395870,694.537255,104.559526
07508,residential,ndvi,0.503986,0.513879,942.415686,106.994765
07509,residential,ndvi,0.511207,0.525821,682.368627,102.990058
07510,residential,ndvi,0.465565,0.451594,704.486275,99.367349
07511,residential,ndvi,0.457709,0.439434,695.043137,100.008971
07512,residential,ndvi,0.399866,0.372596,778.901961,101.326609
07513,residential,ndvi,0.426211,0.400621,963.886275,99.836394
07514,residential,ndvi,0.427168,0.407722,768.545098,95.713607
07515,residential,ndvi,0.434552,0.411972,644.701961,93.185074
07516,residential,ndvi,0.491664,0.498009,697.400000,98.340345
07517,residential,ndvi,0.532099,0.541566,703.125490,100.549167
07518,residential,ndvi,0.542083,0.548927,1046.333333,95.718104
07519,residential,ndvi,0.586216,0.618467,993.137255,94.389876
07520,residential,ndvi,0.460473,0.471034,1188.560784,94.354563
07521,residential,ndvi,0.547054,0.556383,1387.850980,96.325782
07522,residential,ndvi,0.461974,0.450508,892.921569,98.604370
07523,residential,ndvi,0.458174,0.446633,857.631373,97.981285
07524,residential,ndvi,0.253661,0.185381,2499.690196,97.868164
07525,residential,ndvi,0.508204,0.505819,591.215686,106.647015
07526,residential,ndvi,0.226978,0.126981,4134.545098,99.016582
07527,residential,ndvi,0.473280,0.470878,792.101961,103.063450
07528,residential,ndvi,0.478924,0.486061,868.917647,98.375983
07529,residential,ndvi,0.452962,0.438691,785.525490,102.527555
07530,residential,ndvi,0.496807,0.532636,2441.909804,101.120240
07531,residential,ndvi,0.556238,0.552323,1879.913725,94.866558
07532,residential,ndvi,0.534048,0.540847,1417.858824,98.798971
07533,residential,ndvi,0.551261,0.571840,636.819608,102.478376
07534,residential,ndvi,0.580750,0.611471,1019.062745,100.036400
07601,residential,ndvi,0.326631,0.299024,2231.666667,102.146348
07602,residential,ndvi,0.556013,0.568286,3291.549020,101.771172
07603,residential,ndvi,0.566443,0.592545,2141.117647,104.052859
07604,residential,ndvi,0.531727,0.533709,1510.372549,106.876143
07605,residential,ndvi,0.544863,0.552742,2339.501961,102.440655
07606,residential,ndvi,0.532136,0.537056,1699.133333,103.728722
07607,residential,ndvi,0.258808,0.161898,4353.776471,102.939662
07608,residential,ndvi,0.341154,0.349492,4475.803922,100.936920
07609,residential,ndvi,0.555053,0.584225,1353.780392,99.069838
07610,residential,ndvi,0.518884,0.533008,2110.349020,99.143470
07611,residential,ndvi,0.508886,0.521474,1521.525490,103.539270
07612,residential,ndvi,0.572403,0.587871,1643.705882,100.014985
07613,residential,ndvi,0.438229,0.455143,3059.890196,95.658684
07614,residential,ndvi,0.541305,0.556572,2585.003922,93.379850
07615,residential,ndvi,0.465222,0.466808,1295.549020,98.916704
07616,residential,ndvi,0.426275,0.439834,1868.509804,96.998499
07617,residential,ndvi,0.521648,0.549158,1169.301961,93.715624
07618,residential,ndvi,0.566180,0.598606,754.043137,91.120527
07619,residential,ndvi,0.533083,0.552422,835.490196,90.339517
07620,residential,ndvi,0.554281,0.586861,586.600000,93.205017
07621,residential,ndvi,0.437866,0.443224,661.192157,94.487456
07622,residential,ndvi,0.519251,0.525093,1155.384314,104.222864
07623,residential,ndvi,0.557926,0.591489,532.278431,105.025330
07624,residential,ndvi,0.583039,0.603516,489.376471,101.647306
07625,residential,ndvi,0.533544,0.569070,526.831373,104.006044
07626,residential,ndvi,0.468660,0.485550,401.525490,99.641407
07627,residential,ndvi,0.533129,0.545168,2116.317647,101.100508
07628,residential,ndvi,0.527229,0.545087,3957.478431,93.274548
07629,residential,ndvi,0.555123,0.568192,2591.196078,91.250029
07630,residential,ndvi,0.313702,0.255430,6511.298039,94.297712
07631,residential,ndvi,0.585293,0.587922,2855.294118,96.367386
07632,residential,ndvi,0.575453,0.587715,2292.282353,90.991463
07701,residential,ndvi,0.563758,0.576147,2478.439216,100.539384
07702,residential,ndvi,0.552506,0.556559,2167.074510,98.695491
07703,residential,ndvi,0.551145,0.560474,1974.066667,92.655835
07704,residential,ndvi,0.515210,0.513586,2354.305882,93.202826
07705,residential,ndvi,0.570217,0.580198,1873.709804,95.469558
07706,residential,ndvi,0.569466,0.583798,2111.266667,89.762510
07707,residential,ndvi,0.607808,0.619278,2768.321569,92.379641
07708,residential,ndvi,0.510876,0.513886,1946.925490,87.152041
07709,residential,ndvi,0.532290,0.541163,1410.298039,91.742741
07710,residential,ndvi,0.524285,0.533666,1539.850980,92.135277
07711,residential,ndvi,0.548510,0.548602,2321.039216,90.006777
07712,residential,ndvi,0.554667,0.559982,2120.611765,87.301663
07713,residential,ndvi,0.563495,0.568347,2200.717647,87.351928
07714,residential,ndvi,0.565811,0.588228,1042.011765,93.100601
07715,residential,ndvi,0.554878,0.586476,518.831373,92.470053
07716,residential,ndvi,0.563067,0.568863,1860.737255,92.586432
07717,residential,ndvi,0.506793,0.505435,695.898039,91.427457
07718,residential,ndvi,0.517903,0.517760,1594.784314,82.940716
07719,residential,ndvi,0.551588,0.576477,1111.454902,85.511476
07720,residential,ndvi,0.558669,0.588552,988.411765,86.653379
07721,residential,ndvi,0.544038,0.580800,1007.203922,91.866923
07722,residential,ndvi,0.501437,0.521266,2446.854902,95.695866
07723,residential,ndvi,0.458837,0.467284,1944.070588,87.816593
07724,residential,ndvi,0.565509,0.580483,2311.564706,86.257293
07725,residential,ndvi,0.576775,0.599600,1877.525490,87.480179
07726,residential,ndvi,0.568504,0.592135,1943.113725,89.402001
07727,residential,ndvi,0.644995,0.666182,2349.600000,90.414400
07728,residential,ndvi,0.611113,0.619140,2302.537255,90.582885
07729,residential,ndvi,0.535532,0.564433,2533.843137,87.830950
07730,residential,ndvi,0.576918,0.587913,2099.145098,90.902696
07731,residential,ndvi,0.576915,0.583779,2756.094118,90.636371
07732,residential,ndvi,0.580499,0.591471,2557.682353,88.746074
07733,residential,ndvi,0.671588,0.701379,2207.827451,93.795414
08101,residential,ndvi,0.273303,0.232885,435.580392,101.824413
08102,residential,ndvi,0.258243,0.227430,304.360784,102.300495
08103,residential,ndvi,0.266549,0.221183,465.498039,103.177503
08104,residential,ndvi,0.234488,0.201199,326.878431,104.794251
08105,residential,ndvi,0.289773,0.239970,527.701961,111.788324
08106,residential,ndvi,0.348170,0.309893,363.180392,101.726253
08107,residential,ndvi,0.305560,0.260250,380.615686,109.306222
08108,residential,ndvi,0.255941,0.213276,445.309804,105.949627
08109,residential,ndvi,0.244636,0.193712,297.172549,106.846369
08110,residential,ndvi,0.353315,0.303216,453.188235,101.180534
08111,residential,ndvi,0.401773,0.353188,498.298039,104.540908
08112,residential,ndvi,0.297698,0.262238,392.411765,100.190776
08113,residential,ndvi,0.424599,0.389024,494.305882,100.873754
08114,residential,ndvi,0.352281,0.329700,410.231373,103.626093
08115,residential,ndvi,0.364062,0.318204,396.423529,100.081256
08116,residential,ndvi,0.447449,0.430943,568.941176,100.789723
08117,residential,ndvi,0.403240,0.364656,398.239216,98.797944
08118,residential,ndvi,0.292100,0.255688,388.196078,102.007092
08119,residential,ndvi,0.251072,0.220608,409.498039,98.848825
08120,residential,ndvi,0.303365,0.243949,473.964706,97.887441
08121,residential,ndvi,0.383917,0.325917,411.145098,99.501688
08122,residential,ndvi,0.444162,0.413074,349.400000,104.139264
08123,residential,ndvi,0.446923,0.396712,367.262745,98.693290
08124,residential,ndvi,0.416127,0.395608,606.972549,95.632952
08125,residential,ndvi,0.365490,0.310764,652.439216,96.450424
08126,residential,ndvi,0.436720,0.420400,538.654902,96.564048
08127,residential,ndvi,0.313859,0.267442,1274.945098,99.890727
08128,residential,ndvi,0.391518,0.361944,412.254902,102.781051
08129,residential,ndvi,0.275463,0.232670,292.831373,98.912993
08130,residential,ndvi,0.322169,0.289506,366.552941,99.323459
08131,residential,ndvi,0.355643,0.290470,1163.125490,103.300846
08201,residential,ndvi,0.318829,0.259350,369.768627,109.468868
08202,residential,ndvi,0.268552,0.231822,424.019608,110.080296
08203,residential,ndvi,0.253415,0.209202,514.396078,110.626144
08204,residential,ndvi,0.436850,0.373547,587.615686,99.622783
08205,residential,ndvi,0.373151,0.345350,917.098039,108.921303
08206,residential,ndvi,0.276755,0.244235,436.027451,106.996043
08207,residential,ndvi,0.230371,0.189172,442.745098,102.264641
08208,residential,ndvi,0.317120,0.267425,298.890196,100.980411
08209,residential,ndvi,0.208024,0.150233,768.431373,101.183072
08210,residential,ndvi,0.213657,0.173988,351.894118,108.544671
08211,residential,ndvi,0.382844,0.353506,913.698039,101.372063
08212,residential,ndvi,0.254155,0.208999,1023.313725,108.172373
08213,residential,ndvi,0.465169,0.486605,676.380392,106.090969
08214,residential,ndvi,0.379194,0.319137,328.247059,101.591221
08215,residential,ndvi,0.325117,0.264780,314.298039,96.427021
08216,residential,ndvi,0.384923,0.310402,344.031373,97.197941
08217,residential,ndvi,0.434582,0.373703,373.094118,98.497546
08218,residential,ndvi,0.427523,0.373278,378.019608,97.111977
08219,residential,ndvi,0.289163,0.228768,351.980392,99.224656
08220,residential,ndvi,0.263902,0.220299,305.094118,98.079448
08221,residential,ndvi,0.466559,0.474559,804.172549,105.316326
08222,residential,ndvi,0.370619,0.327033,659.607843,103.171124
08223,residential,ndvi,0.338958,0.306788,639.486275,100.857422
08224,residential,ndvi,0.403644,0.357076,646.568627,107.612422
08225,residential,ndvi,0.265868,0.232037,321.431373,100.514012
08226,residential,ndvi,0.337672,0.302452,315.847059,102.563402
08227,residential,ndvi,0.342749,0.306136,378.796078,102.542896
08228,residential,ndvi,0.385105,0.353641,567.054902,95.745275
08229,residential,ndvi,0.273933,0.216979,349.509804,102.384112
08230,residential,ndvi,0.233523,0.197286,243.047059,101.182600
08231,residential,ndvi,0.300677,0.260025,354.682353,105.700013
08301,residential,ndvi,0.406433,0.389185,526.243137,103.488919
08302,residential,ndvi,0.277472,0.243333,359.086275,103.977121
08303,residential,ndvi,0.286485,0.248527,433.952941,103.768304
08304,residential,ndvi,0.380330,0.331267,506.988235,104.798611
08305,residential,ndvi,0.420303,0.377102,570.188235,101.699597
08306,residential,ndvi,0.274052,0.236217,307.917647,104.635324
08307,residential,ndvi,0.336893,0.295187,404.560784,102.763307
08308,residential,ndvi,0.363408,0.306807,430.019608,104.079276
08309,residential,ndvi,0.302618,0.216774,1694.552941,110.367905
08310,residential,ndvi,0.628500,0.700893,620.282353,103.742546
08311,residential,ndvi,0.218301,0.150319,5756.600000,105.674882
08312,residential,ndvi,0.567202,0.599907,1192.807843,100.801049
08313,residential,ndvi,0.551304,0.553092,799.121569,101.074366
08314,residential,ndvi,0.481121,0.493455,651.870588,95.625951
08315,residential,ndvi,0.258484,0.197489,2610.831373,103.028213
08316,residential,ndvi,0.494961,0.498325,909.427451,100.681308
08317,residential,ndvi,0.360445,0.326088,562.639216,101.652506
08318,residential,ndvi,0.474831,0.463030,685.870588,102.042585
08319,residential,ndvi,0.460935,0.447728,932.674510,99.324250
08320,residential,ndvi,0.468554,0.467217,766.850980,97.119117
08321,residential,ndvi,0.411714,0.400047,755.945098,103.497261
08322,residential,ndvi,0.306383,0.275285,1098.933333,105.087800
08323,residential,ndvi,0.287204,0.244677,634.784314,105.463681
08324,residential,ndvi,0.328716,0.279565,595.560784,104.888983
08325,residential,ndvi,0.339523,0.294537,467.913725,106.786311
08326,residential,ndvi,0.396784,0.395563,1350.490196,105.180693
08327,residential,ndvi,0.421942,0.407877,1107.341176,107.688747
08328,residential,ndvi,0.544051,0.552619,838.494118,102.176825
08329,residential,ndvi,0.334345,0.294971,2055.207843,107.160993
08330,residential,ndvi,0.413585,0.428556,958.894118,104.317318
08331,residential,ndvi,0.494091,0.501848,932.192157,99.535247
08332,residential,ndvi,0.387914,0.357575,996.752941,100.447638
08401,residential,ndvi,0.499150,0.518041,1487.678431,101.817410
08402,residential,ndvi,0.427895,0.412825,568.878431,98.564385
08403,residential,ndvi,0.460858,0.470777,1312.890196,97.468507
08404,residential,ndvi,0.526787,0.525437,1654.478431,102.518908
08405,residential,ndvi,0.533126,0.537244,2061.388235,100.390803
08406,residential,ndvi,0.514455,0.517717,2930.776471,103.810471
08407,residential,ndvi,0.530984,0.533394,2840.207843,102.910290
08408,residential,ndvi,0.542349,0.540843,1163.650980,99.186711
08409,residential,ndvi,0.600466,0.646329,1634.909804,96.663396
08410,residential,ndvi,0.535356,0.545254,1383.219608,98.040488
08411,residential,ndvi,0.422559,0.423789,3371.007843,98.690326
08412,residential,ndvi,0.592387,0.630645,936.454902,95.590450
08413,residential,ndvi,0.512857,0.525625,1048.407843,93.336686
08414,residential,ndvi,0.490239,0.502028,1087.184314,95.993572
08415,residential,ndvi,0.531305,0.584761,483.874510,92.941510
08416,residential,ndvi,0.461447,0.466768,1925.211765,100.592837
08417,residential,ndvi,0.551521,0.556701,879.372549,100.441737
08418,residential,ndvi,0.362916,0.350243,1078.533333,94.823020
08419,residential,ndvi,0.544465,0.560264,1052.752941,93.725571
08420,residential,ndvi,0.483563,0.486101,1005.682353,99.092248
08421,residential,ndvi,0.487068,0.498016,509.137255,100.764631
08422,residential,ndvi,0.536619,0.564997,1123.823529,93.662301
08423,residential,ndvi,0.630086,0.658595,493.258824,95.300491
08424,residential,ndvi,0.548506,0.562776,345.027451,92.541508
08425,residential,ndvi,0.554585,0.579998,824.090196,92.943900
08426,residential,ndvi,0.500407,0.513669,3775.992157,97.728131
08427,residential,ndvi,0.579944,0.630752,517.439216,97.743723
08428,residential,ndvi,0.510150,0.534233,564.949020,96.194132
08429,residential,ndvi,0.569247,0.579989,647.137255,93.655405
08430,residential,ndvi,0.541786,0.553168,540.168627,97.712072
08431,residential,ndvi,0.517658,0.509812,1030.082353,94.219232
08501,residential,ndvi,0.386447,0.376691,1570.592157,99.574930
08502,residential,ndvi,0.502540,0.513389,3377.949020,95.104944
08503,residential,ndvi,0.484505,0.501816,3274.819608,95.234562
08504,residential,ndvi,0.538315,0.567876,2683.458824,97.109396
08505,residential,ndvi,0.546948,0.576778,878.941176,95.663780
08506,residential,ndvi,0.575603,0.615394,1094.364706,94.329947
08507,residential,ndvi,0.556333,0.572053,1032.019608,96.617666
08508,residential,ndvi,0.522590,0.528470,1752.403922,94.029595
08509,residential,ndvi,0.564435,0.584607,1446.000000,100.214479
08510,residential,ndvi,0.641542,0.700788,1232.552941,97.512471
08511,residential,ndvi,0.645323,0.681802,1079.090196,101.877871
08512,residential,ndvi,0.585598,0.595772,3628.333333,96.215850
08513,residential,ndvi,0.533695,0.533249,3270.262745,93.828977
08514,residential,ndvi,0.545039,0.564325,1812.486275,98.808037
08515,residential,ndvi,0.514658,0.517344,1156.674510,99.033948
08516,residential,ndvi,0.567173,0.596275,928.352941,104.856600
08517,residential,ndvi,0.501139,0.506308,1533.788235,101.282502
08518,residential,ndvi,0.550012,0.544663,2293.266667,94.227719
08519,residential,ndvi,0.519652,0.529023,2501.572549,100.020778
08520,residential,ndvi,0.596863,0.606834,1768.631373,95.821380
08521,residential,ndvi,0.527591,0.529320,1508.360784,99.844696
08522,residential,ndvi,0.544774,0.548853,1149.011765,101.277589
08523,residential,ndvi,0.544740,0.548814,2206.768627,99.926110
08524,residential,ndvi,0.445691,0.459385,1231.678431,96.019288
08525,residential,ndvi,0.537636,0.541083,1001.164706,101.033690
08526,residential,ndvi,0.522731,0.525757,1102.156863,102.533186
08527,residential,ndvi,0.509649,0.509996,1957.243137,98.778885
08528,residential,ndvi,0.443726,0.462981,1605.250980,107.021676
08529,residential,ndvi,0.302474,0.224003,1458.023529,103.587021
08530,residential,ndvi,0.487309,0.490380,1224.956863,102.666168
08531,residential,ndvi,0.484744,0.494507,2223.709804,100.789786
08532,residential,ndvi,0.476077,0.478519,1072.043137,102.371715
08533,residential,ndvi,0.480106,0.485765,1603.682353,103.636997
08534,residential,ndvi,0.473448,0.478766,2093.105882,95.691025
08535,residential,ndvi,0.530062,0.536678,2015.356863,92.759309
08601,residential,ndvi,0.466368,0.471073,596.113725,96.865909
08602,residential,ndvi,0.450900,0.423362,507.917647,97.546020
08603,residential,ndvi,0.452377,0.442449,318.694118,94.971600
08604,residential,ndvi,0.479120,0.513557,509.760784,98.935818
08605,residential,ndvi,0.549935,0.583988,540.266667,98.602549
08606,residential,ndvi,0.517250,0.517824,2621.294118,105.880818
08607,residential,ndvi,0.521552,0.525435,2524.207843,102.913414
08608,residential,ndvi,0.517689,0.521249,1672.631373,102.182889
08609,residential,ndvi,0.495735,0.505638,2331.909804,101.479235
08610,residential,ndvi,0.542835,0.548410,1174.270588,104.044126
08611,residential,ndvi,0.524617,0.521310,2459.839216,96.678339
08612,residential,ndvi,0.554848,0.583232,639.772549,100.922902
08613,residential,ndvi,0.480556,0.485769,1996.705882,103.307809
08614,residential,ndvi,0.547991,0.552913,963.176471,103.375196
08615,residential,ndvi,0.562574,0.568648,3045.929412,95.678796
08616,residential,ndvi,0.525397,0.525822,2826.392157,94.607662
08617,residential,ndvi,0.528434,0.525340,2318.184314,101.732243
08618,residential,ndvi,0.518470,0.518093,1848.827451,101.849825
08619,residential,ndvi,0.522286,0.525181,2775.952941,98.566166
08620,residential,ndvi,0.386616,0.419865,4038.423529,106.345894
08621,residential,ndvi,0.457559,0.478525,2436.678431,104.800278
08622,residential,ndvi,0.515527,0.517868,1990.109804,100.320776
08623,residential,ndvi,0.659470,0.697376,1286.431373,99.425710
08624,residential,ndvi,0.508165,0.502019,1575.831373,107.394782
08625,residential,ndvi,0.584662,0.603677,1791.364706,100.328745
08626,residential,ndvi,0.554784,0.556333,2187.164706,100.342506
08627,residential,ndvi,0.521140,0.517540,1786.337255,91.420433
08628,residential,ndvi,0.514199,0.509704,2364.376471,93.575467
08629,residential,ndvi,0.596653,0.615549,1856.254902,96.851985
08630,residential,ndvi,0.462157,0.474399,3116.443137,97.715856
08631,residential,ndvi,0.486675,0.466957,582.788235,96.641393
08632,residential,ndvi,0.487483,0.485989,683.482353,99.467164
08633,residential,ndvi,0.537314,0.524734,845.725490,90.697621
08634,residential,ndvi,0.541757,0.541109,2897.776471,94.094194
08635,residential,ndvi,0.495070,0.509721,4533.152941,90.253424
09101,residential,ndvi,0.451878,0.431170,451.819608,97.683389
09102,residential,ndvi,0.535049,0.545301,457.741176,100.369864
09103,residential,ndvi,0.379271,0.338461,434.380392,97.782787
09104,residential,ndvi,0.350796,0.314508,2797.933333,94.018188
09105,residential,ndvi,0.393749,0.341010,331.780392,98.908645
09106,residential,ndvi,0.358849,0.299696,303.890196,106.365070
09107,residential,ndvi,0.365959,0.317543,364.996078,97.278585
09108,residential,ndvi,0.257242,0.201243,1158.211765,100.089137
09109,residential,ndvi,0.296401,0.228498,560.305882,94.689742
09110,residential,ndvi,0.364968,0.302930,678.262745,103.992195
09111,residential,ndvi,0.569450,0.622795,664.117647,102.492229
09112,residential,ndvi,0.469516,0.450857,426.678431,103.828240
09113,residential,ndvi,0.526563,0.520918,682.094118,102.396104
09114,residential,ndvi,0.555879,0.584144,776.533333,103.249904
09115,residential,ndvi,0.553009,0.587807,870.282353,101.045376
09116,residential,ndvi,0.608653,0.634995,911.686275,102.778996
09117,residential,ndvi,0.480722,0.494829,836.792157,98.705884
09118,residential,ndvi,0.525529,0.552174,1069.447059,96.744321
09119,residential,ndvi,0.513400,0.513621,634.368627,91.539014
09120,residential,ndvi,0.544057,0.561206,817.447059,91.391952
09121,residential,ndvi,0.393408,0.354609,455.400000,92.592842
09122,residential,ndvi,0.469874,0.470624,642.992157,90.142916
09123,residential,ndvi,0.550467,0.553586,1109.427451,96.933638
09124,residential,ndvi,0.574420,0.599342,996.031373,94.226444
09125,residential,ndvi,0.433588,0.408794,834.478431,97.057507
09126,residential,ndvi,0.427736,0.408553,937.482353,95.157945
09127,residential,ndvi,0.419164,0.376643,572.101961,94.900813
09128,residential,ndvi,0.489080,0.501721,1001.023529,100.164581
09129,residential,ndvi,0.481956,0.458809,504.576471,99.737190
09130,residential,ndvi,0.579262,0.626861,909.768627,98.275920
09201,residential,ndvi,0.288007,0.251683,1636.682353,94.738035
09202,residential,ndvi,0.566407,0.607263,1687.713725,95.397110
09203,residential,ndvi,0.440353,0.423741,459.964706,93.244375
09204,residential,ndvi,0.458888,0.416921,446.831373,94.895851
09205,residential,ndvi,0.402693,0.365190,523.949020,94.423443
09206,residential,ndvi,0.733575,0.806637,3277.662745,126.636031
09207,residential,ndvi,0.490900,0.474779,541.615686,94.744121
09208,residential,ndvi,0.448705,0.435129,385.909804,100.138760
09209,residential,ndvi,0.265427,0.209138,1170.949020,96.441090
09210,residential,ndvi,0.367422,0.317135,317.854902,103.243705
09211,residential,ndvi,0.453211,0.440038,452.725490,101.001594
09212,residential,ndvi,0.506198,0.520557,736.592157,117.653928
09213,residential,ndvi,0.509900,0.534304,688.082353,126.181807
09214,residential,ndvi,0.224998,0.147025,1288.270588,102.962607
09215,residential,ndvi,0.273571,0.209817,896.827451,148.046106
09216,residential,ndvi,0.477913,0.494237,947.368627,151.022328
09217,residential,ndvi,0.462981,0.456512,972.752941,149.710061
09218,residential,ndvi,0.381292,0.368555,755.686275,101.384536
09219,residential,ndvi,0.452468,0.447824,1109.396078,102.017657
09220,residential,ndvi,0.398551,0.353844,686.631373,102.836371
09221,residential,ndvi,0.469132,0.439323,973.152941,98.625732
09222,residential,ndvi,0.389247,0.344661,610.019608,94.116628
09223,residential,ndvi,0.567579,0.641944,1283.341176,100.204252
09224,residential,ndvi,0.345829,0.314480,548.039216,99.554626
09225,residential,ndvi,0.439926,0.466721,2176.309804,100.486942
09226,residential,ndvi,0.424180,0.420107,750.976471,101.283918
09227,residential,ndvi,0.379105,0.354470,971.827451,99.507998
09228,residential,ndvi,0.578945,0.611660,2599.133333,98.835778
09229,residential,ndvi,0.535535,0.540694,1033.494118,101.229069
09230,residential,ndvi,0.526338,0.528821,1037.345098,99.611448
09301,residential,ndvi,0.508007,0.528993,2808.866667,96.518599
09302,residential,ndvi,0.525872,0.529284,2778.168627,93.550756
09303,residential,ndvi,0.571998,0.607026,2219.607843,85.657239
09304,residential,ndvi,0.541179,0.575999,1705.909804,99.694787
09305,residential,ndvi,0.545898,0.556611,1771.396078,94.487359
09306,residential,ndvi,0.482487,0.490553,1074.282353,99.292566
09307,residential,ndvi,0.374757,0.345077,645.101961,101.650938
09308,residential,ndvi,0.555487,0.580350,751.447059,101.341125
09309,residential,ndvi,0.524396,0.548080,841.549020,100.039940
09310,residential,ndvi,0.498421,0.521497,2056.329412,103.878907
09311,residential,ndvi,0.471440,0.486392,1910.921569,103.723665
09312,residential,ndvi,0.406864,0.399890,2239.133333,97.448917
09313,residential,ndvi,0.485732,0.505713,1393.725490,97.817639
09314,residential,ndvi,0.407115,0.368061,658.960784,100.386175
09315,residential,ndvi,0.401072,0.357866,621.047059,99.850436
09316,residential,ndvi,0.455676,0.450831,987.898039,96.970589
09317,residential,ndvi,0.552611,0.583580,1540.227451,94.117887
09318,residential,ndvi,0.390609,0.357629,447.917647,93.148513
09319,residential,ndvi,0.308733,0.239847,3835.070588,95.430075
09320,residential,ndvi,0.397085,0.377231,1510.701961,95.110807
09321,residential,ndvi,0.341845,0.271428,795.835294,96.898107
09322,residential,ndvi,0.345832,0.270859,900.364706,99.182654
09323,residential,ndvi,0.544829,0.575767,883.929412,98.636041
09324,residential,ndvi,0.457749,0.443051,543.584314,99.992995
09325,residential,ndvi,0.423743,0.420341,1505.156863,140.842948
09326,residential,ndvi,0.362147,0.338172,1440.388235,142.809387
09327,residential,ndvi,0.545416,0.564403,1572.670588,139.155527
09328,residential,ndvi,0.527918,0.525686,1584.545098,137.152495
09329,residential,ndvi,0.382699,0.353799,2055.019608,132.410196
09330,residential,ndvi,0.368074,0.349312,751.972549,112.337194
09401,residential,ndvi,0.580724,0.587803,3575.478431,149.240830
09402,residential,ndvi,0.470287,0.486680,2906.360784,118.271517
09403,residential,ndvi,0.493882,0.505681,1589.411765,147.165986
09404,residential,ndvi,0.505435,0.521106,2142.482353,142.940350
09405,residential,ndvi,0.541214,0.548961,2546.411765,154.308992
09406,residential,ndvi,0.541825,0.552855,2774.058824,150.648158
09407,residential,ndvi,0.552950,0.560677,2889.776471,154.714680
09408,residential,ndvi,0.537852,0.545127,2096.882353,117.537773
09409,residential,ndvi,0.536087,0.548295,1146.811765,139.304209
09410,residential,ndvi,0.515812,0.521664,1833.368627,159.351405
09411,residential,ndvi,0.495162,0.517219,1450.921569,157.154095
09412,residential,ndvi,0.442407,0.470612,1756.517647,155.970740
09413,residential,ndvi,0.500203,0.517429,936.839216,152.650782
09414,residential,ndvi,0.462186,0.438617,618.984314,156.744091
09415,residential,ndvi,0.446885,0.416552,487.980392,152.447872
09416,residential,ndvi,0.592522,0.599869,3231.341176,91.201507
09417,residential,ndvi,0.579557,0.595699,3383.321569,133.859784
09418,residential,ndvi,0.467389,0.478388,2659.749020,142.919490
09419,residential,ndvi,0.466982,0.482238,552.560784,100.679276
09420,residential,ndvi,0.473818,0.482341,864.901961,100.929916
09421,residential,ndvi,0.574046,0.584203,1927.996078,124.895039
09422,residential,ndvi,0.492181,0.501749,2224.831373,131.440134
09423,residential,ndvi,0.478712,0.486437,1114.925490,153.888687
09424,residential,ndvi,0.421899,0.470804,6830.619608,133.715339
09425,residential,ndvi,0.466224,0.451111,1733.592157,91.661236
09426,residential,ndvi,0.557357,0.567939,3181.713725,91.855329
09427,residential,ndvi,0.537689,0.548984,3027.917647,87.752871
09428,residential,ndvi,0.511914,0.525384,1911.737255,92.990170
09429,residential,ndvi,0.574947,0.595880,4810.062745,91.163576
09430,residential,ndvi,0.536267,0.552879,3969.976471,93.723936
09431,residential,ndvi,0.569827,0.572227,4744.819608,91.582794
09432,residential,ndvi,0.562385,0.568229,3792.435294,92.284108
09433,residential,ndvi,0.571807,0.580178,4496.407843,90.814026
09501,residential,ndvi,0.553166,0.583787,2750.309804,107.590455
09502,residential,ndvi,0.500616,0.494111,726.050980,103.804335
09503,residential,ndvi,0.465287,0.474516,780.011765,102.511425
09504,residential,ndvi,0.440479,0.436376,645.239216,101.253908
09505,residential,ndvi,0.533493,0.552516,801.035294,102.509233
09506,residential,ndvi,0.385432,0.370014,472.670588,96.956451
09507,residential,ndvi,0.470130,0.479302,596.984314,101.838252
09508,residential,ndvi,0.301664,0.204918,5179.772549,102.917732
09509,residential,ndvi,0.419841,0.419540,1546.329412,102.987558
09510,residential,ndvi,0.489393,0.486509,1618.384314,145.529683
09511,residential,ndvi,0.499189,0.517679,1769.517647,151.819080
09512,residential,ndvi,0.454134,0.430990,856.003922,154.626202
09513,residential,ndvi,0.468758,0.458561,872.866667,149.305004
09514,residential,ndvi,0.427729,0.400303,580.796078,151.576032
09515,residential,ndvi,0.543675,0.556571,2849.498039,147.562093
09516,residential,ndvi,0.393452,0.345443,630.301961,148.244657
09517,residential,ndvi,0.422202,0.407906,935.239216,153.803846
09518,residential,ndvi,0.522816,0.537244,957.760784,148.065799
09519,residential,ndvi,0.440758,0.411001,752.749020,157.616871
09520,residential,ndvi,0.459231,0.472127,657.776471,157.396452
09521,residential,ndvi,0.395064,0.377122,5038.333333,124.368536
09522,residential,ndvi,0.514761,0.541181,2849.101961,99.135872
09523,residential,ndvi,0.526341,0.540974,850.713725,97.288514
09524,residential,ndvi,0.307721,0.278970,1009.250980,100.097704
09525,residential,ndvi,0.532999,0.556651,2170.305882,96.626992
09526,residential,ndvi,0.498831,0.505540,1045.372549,101.779776
09527,residential,ndvi,0.583406,0.615168,2688.286275,91.516033
09528,residential,ndvi,0.627098,0.638665,3291.415686,96.190519
09529,residential,ndvi,0.632847,0.646584,4211.447059,92.341078
09530,residential,ndvi,0.616743,0.627164,3283.345098,94.461343
09531,residential,ndvi,0.591905,0.618613,3775.949020,79.717333
09532,residential,ndvi,0.620618,0.638779,2625.192157,124.642505
09601,residential,ndvi,0.512136,0.529172,1354.800000,103.425389
09602,residential,ndvi,0.539000,0.563958,596.588235,107.365858
09603,residential,ndvi,0.461868,0.415562,416.552941,104.573465
09604,residential,ndvi,0.395089,0.354570,453.392157,104.170160
09605,residential,ndvi,0.427027,0.377354,567.760784,108.524738
09606,residential,ndvi,0.592326,0.603606,2221.235294,99.279066
09607,residential,ndvi,0.514173,0.536780,1125.125490,99.875681
09608,residential,ndvi,0.509503,0.525444,488.792157,101.909469
09609,residential,ndvi,0.540498,0.595719,534.760784,102.523870
09610,residential,ndvi,0.474539,0.451810,326.258824,103.077816
09611,residential,ndvi,0.389796,0.369392,777.333333,98.101483
09612,residential,ndvi,0.443065,0.413053,613.603922,95.348580
09613,residential,ndvi,0.378455,0.361390,740.776471,101.033256
09614,residential,ndvi,0.456804,0.459384,708.917647,107.115824
09615,residential,ndvi,0.429127,0.455081,3063.156863,102.054968
09616,residential,ndvi,0.518197,0.517865,2628.670588,104.595325
09617,residential,ndvi,0.512036,0.506129,1510.141176,100.192191
09618,residential,ndvi,0.567462,0.575610,1785.050980,101.500475
09619,residential,ndvi,0.538660,0.544553,3253.007843,104.613479
09620,residential,ndvi,0.317612,0.271624,2635.631373,103.865133
09621,residential,ndvi,0.547467,0.619254,2720.243137,99.458906
09622,residential,ndvi,0.431300,0.428215,784.984314,96.782006
09623,residential,ndvi,0.548583,0.572452,1649.105882,99.693483
09624,residential,ndvi,0.635954,0.658381,2190.349020,100.753068
09625,residential,ndvi,0.619059,0.630974,2633.843137,89.450568
09626,residential,ndvi,0.587963,0.599820,3988.301961,90.933865
09627,residential,ndvi,0.525291,0.536940,4080.152941,97.437988
09628,residential,ndvi,0.571073,0.576175,3938.968627,89.588985
09629,residential,ndvi,0.657464,0.685465,7945.450980,62.669592
09630,residential,ndvi,0.612705,0.619170,4617.192157,78.338359
09701,residential,ndvi,0.569863,0.576458,3168.862745,94.444180
09702,residential,ndvi,0.552917,0.576898,1040.145098,94.977115
09703,residential,ndvi,0.542727,0.560266,1007.282353,97.205110
09704,residential,ndvi,0.547208,0.572943,952.639216,94.990269
09705,residential,ndvi,0.546438,0.552797,2293.509804,92.949419
09706,residential,ndvi,0.600884,0.607249,2607.431373,94.905913
09707,residential,ndvi,0.569857,0.572234,2224.050980,99.563998
09708,residential,ndvi,0.556154,0.572068,858.647059,92.739837
09709,residential,ndvi,0.462789,0.463056,2100.921569,95.001402
09710,residential,ndvi,0.563187,0.575937,1927.274510,96.137229
09711,residential,ndvi,0.563030,0.576095,2812.545098,92.706291
09712,residential,ndvi,0.589892,0.622758,2543.278431,96.520605
09713,residential,ndvi,0.516719,0.517425,2019.133333,97.236766
09714,residential,ndvi,0.491421,0.471511,887.972549,95.317847
09715,residential,ndvi,0.629393,0.704850,2244.094118,100.024392
09716,residential,ndvi,0.480464,0.497766,2051.137255,99.949272
09717,residential,ndvi,0.477616,0.481708,633.545098,96.266041
09718,residential,ndvi,0.466763,0.466438,1467.831373,94.316198
09719,residential,ndvi,0.525784,0.532679,977.945098,95.520684
09720,residential,ndvi,0.495378,0.490326,1512.133333,102.443326
09721,residential,ndvi,0.609431,0.631183,1102.078431,97.831228
09722,residential,ndvi,0.548636,0.560546,996.662745,105.842687
09723,residential,ndvi,0.495535,0.478520,836.094118,105.405799
09724,residential,ndvi,0.572420,0.599489,2147.066667,99.783873
09725,residential,ndvi,0.640768,0.665924,4049.086275,47.126210
09726,residential,ndvi,0.631124,0.650173,4604.513725,47.021749
09727,residential,ndvi,0.631843,0.642715,4214.807843,48.095122
09728,residential,ndvi,0.628747,0.646065,5324.360784,49.171621
09729,residential,ndvi,0.606369,0.619535,3954.133333,51.724210
09730,residential,ndvi,0.620246,0.642613,6273.450980,50.203115
09731,residential,ndvi,0.524885,0.556880,2593.737255,49.232463
09732,residential,ndvi,0.634855,0.669623,4327.654902,47.498580
10101,residential,ndvi,0.479580,0.487246,851.094118,146.747407
10102,residential,ndvi,0.463522,0.454907,513.980392,145.707153
10103,residential,ndvi,0.445596,0.440078,459.996078,142.875779
10104,residential,ndvi,0.453961,0.459072,987.705882,150.144629
10105,residential,ndvi,0.425028,0.388919,600.564706,146.963041
10106,residential,ndvi,0.481230,0.467616,858.388235,111.696554
10107,residential,ndvi,0.514777,0.521571,588.298039,91.500540
10108,residential,ndvi,0.527567,0.528969,585.572549,97.098968
10109,residential,ndvi,0.398352,0.360910,333.517647,96.350477
10110,residential,ndvi,0.486292,0.494485,663.752941,151.690093
10111,residential,ndvi,0.410229,0.389290,444.400000,133.492587
10112,residential,ndvi,0.493087,0.510974,569.803922,146.831046
10113,residential,ndvi,0.473066,0.463307,909.619608,145.496782
10114,residential,ndvi,0.482102,0.470867,566.035294,138.952092
10115,residential,ndvi,0.449632,0.423998,350.878431,101.027919
10116,residential,ndvi,0.486338,0.482722,411.333333,98.424521
10117,residential,ndvi,0.538345,0.552201,374.094118,95.176720
10118,residential,ndvi,0.344998,0.290500,362.066667,138.993902
10119,residential,ndvi,0.493865,0.508928,319.784314,140.442798
10120,residential,ndvi,0.521609,0.506177,492.854902,145.846600
10121,residential,ndvi,0.498361,0.501069,492.380392,143.954212
10122,residential,ndvi,0.433119,0.431838,322.098039,142.116455
10123,residential,ndvi,0.536868,0.560157,542.054902,141.188535
10124,residential,ndvi,0.506086,0.494820,594.698039,105.037805
10125,residential,ndvi,0.474073,0.510323,925.172549,107.581793
10126,residential,ndvi,0.473537,0.478589,511.145098,96.289147
10127,residential,ndvi,0.550947,0.556625,864.647059,93.191247
10128,residential,ndvi,0.519181,0.529139,704.364706,93.576874
10129,residential,ndvi,0.495160,0.514647,482.984314,98.080675
10130,residential,ndvi,0.515527,0.502102,441.815686,93.290406
10131,residential,ndvi,0.562031,0.600165,671.858824,93.998873
10132,residential,ndvi,0.507481,0.510077,668.768627,99.596343
10201,residential,ndvi,0.499214,0.513394,679.882353,139.273634
10202,residential,ndvi,0.542961,0.544757,384.788235,145.577511
10203,residential,ndvi,0.516995,0.521739,443.447059,138.226470
10204,residential,ndvi,0.569301,0.576314,461.878431,138.424736
10205,residential,ndvi,0.526569,0.532637,510.513725,141.562693
10206,residential,ndvi,0.436353,0.420304,945.647059,148.818193
10207,residential,ndvi,0.483994,0.487082,530.345098,142.745700
10208,residential,ndvi,0.400042,0.364965,356.023529,148.241227
10209,residential,ndvi,0.502236,0.524857,386.709804,145.859062
10210,residential,ndvi,0.498429,0.505892,2497.627451,136.278299
10211,residential,ndvi,0.500920,0.512672,479.062745,146.253403
10212,residential,ndvi,0.493525,0.506624,536.403922,141.986468
10213,residential,ndvi,0.470211,0.486804,587.600000,139.074067
10214,residential,ndvi,0.456869,0.419893,264.694118,142.333378
10215,residential,ndvi,0.491111,0.474302,348.937255,140.321222
10216,residential,ndvi,0.379647,0.345797,4113.294118,139.321137
10217,residential,ndvi,0.522716,0.539878,438.356863,146.084406
10218,residential,ndvi,0.534759,0.568847,394.156863,147.329917
10219,residential,ndvi,0.419255,0.404133,615.541176,146.676809
10220,residential,ndvi,0.373628,0.349745,535.674510,149.314612
10221,residential,ndvi,0.482789,0.492983,688.552941,144.656785
10222,residential,ndvi,0.529073,0.536728,2573.070588,147.683156
10223,residential,ndvi,0.506404,0.505755,2360.262745,144.941256
10224,residential,ndvi,0.513894,0.509889,1506.831373,149.228291
10225,residential,ndvi,0.486608,0.509992,1115.964706,150.726402
10226,residential,ndvi,0.541724,0.556872,941.984314,151.212314
10227,residential,ndvi,0.480070,0.482007,556.768627,153.791669
10228,residential,ndvi,0.494359,0.501481,531.325490,154.080524
10229,residential,ndvi,0.443819,0.435647,846.792157,150.097031
10230,residential,ndvi,0.510071,0.517415,875.623529,153.974123
10231,residential,ndvi,0.520555,0.521974,896.235294,148.866015
10232,residential,ndvi,0.553327,0.591672,679.184314,133.487909
10233,residential,ndvi,0.476828,0.458553,627.823529,121.102826
10234,residential,ndvi,0.452919,0.462487,715.196078,112.532277
10301,residential,ndvi,0.495009,0.481764,423.054902,91.098249
10302,residential,ndvi,0.438722,0.443980,436.282353,92.641840
10303,residential,ndvi,0.438685,0.432218,380.682353,88.658477
10304,residential,ndvi,0.499373,0.517501,815.203922,96.546285
10305,residential,ndvi,0.441228,0.393519,330.658824,96.980929
10306,residential,ndvi,0.417209,0.400851,670.337255,97.625316
10307,residential,ndvi,0.502892,0.528665,699.882353,99.568067
10308,residential,ndvi,0.479669,0.470930,852.352941,100.156618
10309,residential,ndvi,0.520525,0.517029,552.482353,96.289311
10310,residential,ndvi,0.432561,0.415891,825.874510,99.492046
10311,residential,ndvi,0.367063,0.350233,459.329412,98.002160
10312,residential,ndvi,0.441581,0.423825,412.196078,99.348901
10313,residential,ndvi,0.573613,0.618146,451.439216,93.451349
10314,residential,ndvi,0.482037,0.478063,403.384314,91.957905
10315,residential,ndvi,0.516723,0.528846,592.349020,92.906626
10316,residential,ndvi,0.453344,0.444682,409.733333,95.222067
10317,residential,ndvi,0.367317,0.325409,821.164706,93.718773
10318,residential,ndvi,0.422711,0.376865,670.172549,98.420600
10319,residential,ndvi,0.445493,0.442616,664.321569,98.288751
10320,residential,ndvi,0.356485,0.326053,483.262745,98.574542
10321,residential,ndvi,0.540879,0.572425,1107.905882,96.576367
10322,residential,ndvi,0.527028,0.529132,584.501961,96.875195
10323,residential,ndvi,0.468140,0.479051,595.662745,89.287740
10324,residential,ndvi,0.488435,0.490596,595.780392,89.315704
10325,residential,ndvi,0.406418,0.384362,1183.760784,97.592429
10326,residential,ndvi,0.390725,0.377698,416.752941,95.988407
10327,residential,ndvi,0.467887,0.467302,546.772549,96.666385
10328,residential,ndvi,0.332274,0.322217,579.184314,95.092862
10329,residential,ndvi,0.387430,0.354010,746.921569,94.275730
10330,residential,ndvi,0.443326,0.392392,305.933333,98.560394
10331,residential,ndvi,0.532316,0.529373,515.090196,100.135122
10332,residential,ndvi,0.403649,0.341746,487.905882,101.196124
10333,residential,ndvi,0.441115,0.411464,387.905882,101.576823
10334,residential,ndvi,0.466201,0.462030,467.043137,100.084738
10335,residential,ndvi,0.436669,0.389013,776.223529,102.526445
10336,residential,ndvi,0.411128,0.356732,436.878431,104.312781
10337,residential,ndvi,0.464549,0.439093,449.647059,104.386534
10401,residential,ndvi,0.327162,0.302531,6554.305882,138.115449
10402,residential,ndvi,0.499631,0.525316,3119.909804,155.479713
10403,residential,ndvi,0.511486,0.514626,526.796078,141.649215
10404,residential,ndvi,0.526677,0.560722,540.662745,142.340606
10405,residential,ndvi,0.453293,0.462483,597.223529,147.007591
10406,residential,ndvi,0.484511,0.514394,377.992157,146.851247
10407,residential,ndvi,0.520781,0.565151,285.690196,150.223635
10408,residential,ndvi,0.330921,0.287073,1051.211765,148.915123
10409,residential,ndvi,0.454081,0.443690,732.729412,152.474284
10410,residential,ndvi,0.465185,0.466039,920.047059,149.856815
10411,residential,ndvi,0.549152,0.586676,607.349020,146.559616
10412,residential,ndvi,0.557886,0.578587,459.443137,151.127955
10413,residential,ndvi,0.484408,0.510228,632.258824,147.930576
10414,residential,ndvi,0.540278,0.548970,3484.537255,148.266753
10415,residential,ndvi,0.593186,0.607452,2856.607843,139.197348
10416,residential,ndvi,0.543587,0.560619,2470.447059,139.169540
10417,residential,ndvi,0.547214,0.560625,3334.047059,142.515959
10418,residential,ndvi,0.434329,0.430535,689.388235,91.324135
10419,residential,ndvi,0.507522,0.513325,625.592157,91.062824
10420,residential,ndvi,0.510223,0.517711,3412.086275,100.929243
10421,residential,ndvi,0.479865,0.434908,644.803922,87.930534
10422,residential,ndvi,0.589073,0.634343,3819.066667,100.842529
10423,residential,ndvi,0.584466,0.595603,3836.788235,135.103792
10424,residential,ndvi,0.584297,0.592123,2764.568627,140.876956
10425,residential,ndvi,0.497789,0.513573,3645.596078,134.209744
10426,residential,ndvi,0.529777,0.544988,2697.913725,145.323319
10427,residential,ndvi,0.306204,0.275653,527.878431,140.728235
10428,residential,ndvi,0.525934,0.533424,3102.521569,137.478185
10429,residential,ndvi,0.435755,0.431830,1803.490196,102.673696
10430,residential,ndvi,0.493980,0.490115,1941.733333,96.133134
10431,residential,ndvi,0.509510,0.521353,3207.913725,135.761146
10432,residential,ndvi,0.569596,0.576127,2990.090196,136.337887
10433,residential,ndvi,0.570068,0.580050,3461.572549,140.659278
10434,residential,ndvi,0.621625,0.642816,3725.545098,121.737146
10435,residential,ndvi,0.592175,0.603342,5333.364706,130.301610
10436,residential,ndvi,0.617133,0.630859,3407.137255,108.096910
10501,residential,ndvi,0.551257,0.556641,2981.678431,97.549242
10502,residential,ndvi,0.560409,0.568388,3202.890196,95.113340
10503,residential,ndvi,0.564917,0.576222,3896.803922,98.889064
10504,residential,ndvi,0.553447,0.564575,3250.815686,96.816011
10505,residential,ndvi,0.557355,0.568358,2662.184314,91.632680
10506,residential,ndvi,0.549970,0.556534,2939.152941,97.145616
10507,residential,ndvi,0.559237,0.568302,3458.827451,97.977177
10508,residential,ndvi,0.572155,0.584130,2912.678431,95.964982
10509,residential,ndvi,0.551973,0.568196,3633.792157,94.160831
10510,residential,ndvi,0.555428,0.564491,2792.529412,101.898275
10511,residential,ndvi,0.525393,0.529408,1657.207843,106.133859
10512,residential,ndvi,0.502548,0.521182,3292.023529,103.505465
10513,residential,ndvi,0.475948,0.494316,3283.027451,106.960829
10514,residential,ndvi,0.558073,0.564202,4317.356863,102.318729
10515,residential,ndvi,0.510479,0.525355,3578.866667,100.066436
10516,residential,ndvi,0.555976,0.556680,3355.180392,96.400675
10517,residential,ndvi,0.561237,0.568556,3169.501961,96.171133
10518,residential,ndvi,0.580363,0.587961,3311.666667,91.247845
10519,residential,ndvi,0.597265,0.607306,3073.501961,101.066809
10520,residential,ndvi,0.575372,0.587803,3252.396078,100.829939
10521,residential,ndvi,0.577798,0.587817,3633.105882,97.331472
10522,residential,ndvi,0.585060,0.591611,3087.349020,94.484093
10523,residential,ndvi,0.560902,0.576200,2812.882353,97.606760
10524,residential,ndvi,0.586478,0.599162,3146.501961,95.109156
10525,residential,ndvi,0.565629,0.572187,3456.694118,98.367586
10526,residential,ndvi,0.595329,0.603267,3792.286275,95.708555
10527,residential,ndvi,0.554378,0.564399,4467.627451,96.624566
10528,residential,ndvi,0.605177,0.619254,3402.858824,90.174182
10529,residential,ndvi,0.544719,0.548737,3396.815686,96.530550
10530,residential,ndvi,0.561684,0.568549,3411.152941,99.808753
10531,residential,ndvi,0.589074,0.595675,2977.882353,91.280938
10532,residential,ndvi,0.496776,0.513464,2963.749020,100.551956
10533,residential,ndvi,0.528811,0.552845,3922.784314,100.623713
10534,residential,ndvi,0.502411,0.533175,3038.027451,95.283311
10535,residential,ndvi,0.547549,0.556405,3026.090196,97.117454
10536,residential,ndvi,0.434981,0.463059,4856.992157,100.853342
10537,residential,ndvi,0.600080,0.603254,3478.741176,101.566184
10601,residential,ndvi,0.469551,0.461876,581.643137,99.193852
10602,residential,ndvi,0.523400,0.517231,789.705882,92.985927
10603,residential,ndvi,0.388938,0.358207,622.027451,89.929913
10604,residential,ndvi,0.360090,0.338363,354.333333,87.669570
10605,residential,ndvi,0.554722,0.584314,590.909804,84.188563
10606,residential,ndvi,0.361151,0.338564,772.784314,90.956759
10607,residential,ndvi,0.486994,0.490489,537.070588,93.385541
10608,residential,ndvi,0.467087,0.434578,459.305882,91.312116
10609,residential,ndvi,0.541775,0.544909,1647.003922,88.233389
10610,residential,ndvi,0.485603,0.474851,689.776471,86.332162
10611,residential,ndvi,0.506212,0.508412,680.039216,89.775826
10612,residential,ndvi,0.521549,0.513634,410.980392,91.933607
10613,residential,ndvi,0.552029,0.564201,1032.482353,92.219669
10614,residential,ndvi,0.490947,0.482619,374.431373,91.684070
10615,residential,ndvi,0.548428,0.575799,538.960784,96.077367
10616,residential,ndvi,0.442739,0.420651,422.317647,103.562470
10617,residential,ndvi,0.550707,0.548760,1970.992157,97.011908
10618,residential,ndvi,0.556545,0.556624,2774.784314,91.242848
10619,residential,ndvi,0.553266,0.556769,1733.580392,100.565340
10620,residential,ndvi,0.550458,0.564385,2333.349020,91.586307
10621,residential,ndvi,0.568611,0.595713,585.113725,92.796795
10622,residential,ndvi,0.519920,0.530255,838.862745,101.924669
10623,residential,ndvi,0.406184,0.408541,647.039216,102.075705
10624,residential,ndvi,0.551051,0.584098,442.945098,100.565431
10625,residential,ndvi,0.399762,0.400443,421.992157,100.224221
10626,residential,ndvi,0.526209,0.550626,370.984314,96.647710
10627,residential,ndvi,0.570924,0.583224,419.431373,94.127755
10628,residential,ndvi,0.537100,0.557225,548.470588,99.121207
10629,residential,ndvi,0.475713,0.451590,677.439216,96.906945
10630,residential,ndvi,0.519809,0.517629,445.274510,97.669488
10631,residential,ndvi,0.514981,0.533363,576.149020,100.958317
10632,residential,ndvi,0.538008,0.564437,2674.054902,104.398511
10633,residential,ndvi,0.577063,0.587797,3620.254902,104.032936
11101,residential,ndvi,0.542588,0.552452,1355.129412,96.659151
11102,residential,ndvi,0.527254,0.529263,3785.411765,142.587086
11103,residential,ndvi,0.490183,0.497733,2709.321569,140.992475
11104,residential,ndvi,0.438333,0.435603,1752.235294,146.380954
11105,residential,ndvi,0.469339,0.486261,507.133333,97.726135
11106,residential,ndvi,0.522841,0.521895,960.588235,101.412362
11107,residential,ndvi,0.499143,0.505461,374.984314,101.901632
11108,residential,ndvi,0.477896,0.467112,720.031373,99.699441
11109,residential,ndvi,0.520024,0.513826,2928.023529,97.660337
11110,residential,ndvi,0.489995,0.491042,666.878431,98.895592
11111,residential,ndvi,0.495683,0.495078,385.501961,98.994151
11112,residential,ndvi,0.482861,0.479237,304.247059,100.662168
11113,residential,ndvi,0.402002,0.373031,668.215686,100.496581
11114,residential,ndvi,0.434708,0.408256,1041.592157,98.504989
11115,residential,ndvi,0.433322,0.415117,314.784314,96.856410
11116,residential,ndvi,0.399906,0.362556,212.603922,100.529439
11117,residential,ndvi,0.497091,0.458972,293.000000,99.111182
11118,residential,ndvi,0.526885,0.525874,607.345098,110.014283
11119,residential,ndvi,0.494757,0.521561,429.231373,138.614148
11120,residential,ndvi,0.371223,0.323135,719.572549,147.317727
11121,residential,ndvi,0.462607,0.447675,463.423529,90.290980
11122,residential,ndvi,0.455632,0.453008,396.074510,110.932504
11123,residential,ndvi,0.415327,0.435807,443.145098,149.230173
11124,residential,ndvi,0.555336,0.571572,553.027451,141.614989
11125,residential,ndvi,0.458125,0.466692,339.992157,146.184399
11126,residential,ndvi,0.350812,0.278815,173.921569,103.667531
11127,residential,ndvi,0.488838,0.474060,220.901961,100.559577
11128,residential,ndvi,0.483135,0.514674,257.290196,103.623832
11129,residential,ndvi,0.359739,0.329901,161.474510,103.818341
11130,residential,ndvi,0.562564,0.626765,644.172549,101.058729
11131,residential,ndvi,0.387816,0.400250,253.862745,105.103669
11132,residential,ndvi,0.454069,0.415857,319.533333,101.768756
11133,residential,ndvi,0.359203,0.315125,674.168627,102.894371
11134,residential,ndvi,0.503309,0.506388,271.541176,102.141632
11135,residential,ndvi,0.464073,0.403901,489.019608,96.408468
11136,residential,ndvi,0.506078,0.494495,507.819608,98.723887
11137,residential,ndvi,0.523377,0.533062,260.909804,95.375353
11138,residential,ndvi,0.558679,0.595880,269.639216,95.011577
11201,residential,ndvi,0.540487,0.568628,3286.121569,90.883733
11202,residential,ndvi,0.461109,0.435992,301.203922,104.821852
11203,residential,ndvi,0.542805,0.592819,421.184314,102.539310
11204,residential,ndvi,0.490615,0.512288,395.764706,100.081005
11205,residential,ndvi,0.523040,0.547957,376.913725,106.132230
11206,residential,ndvi,0.517275,0.529291,2697.513725,99.462461
11207,residential,ndvi,0.541085,0.575433,423.474510,108.815263
11208,residential,ndvi,0.500115,0.494548,482.603922,102.185562
11209,residential,ndvi,0.493657,0.501612,2102.258824,100.298911
11210,residential,ndvi,0.550061,0.552431,3354.847059,96.448415
11211,residential,ndvi,0.467099,0.471987,522.231373,92.284781
11212,residential,ndvi,0.474528,0.478377,585.843137,96.219432
11213,residential,ndvi,0.525257,0.525462,2810.827451,88.572793
11214,residential,ndvi,0.497573,0.505649,1342.647059,91.247842
11215,residential,ndvi,0.523977,0.544885,1696.003922,87.496362
11216,residential,ndvi,0.429691,0.415598,845.392157,90.815071
11217,residential,ndvi,0.592737,0.615460,1386.333333,97.094522
11218,residential,ndvi,0.498439,0.494138,686.925490,96.925996
11219,residential,ndvi,0.465127,0.501215,964.917647,90.597210
11220,residential,ndvi,0.307671,0.259695,8246.976471,95.507133
11221,residential,ndvi,0.564568,0.583894,1703.976471,93.719556
11222,residential,ndvi,0.499851,0.502428,630.976471,95.089429
11223,residential,ndvi,0.519404,0.529111,356.670588,92.565502
11224,residential,ndvi,0.419862,0.376731,394.380392,92.450018
11225,residential,ndvi,0.231164,0.150538,1755.901961,94.535331
11226,residential,ndvi,0.482740,0.505513,1981.862745,93.392861
11227,residential,ndvi,0.432921,0.412529,447.141176,90.382096
11228,residential,ndvi,0.322935,0.279688,1319.196078,95.797277
11229,residential,ndvi,0.430947,0.427544,1450.886275,95.020382
11230,residential,ndvi,0.462576,0.451375,489.470588,93.336162
11231,residential,ndvi,0.446936,0.431501,928.388235,91.324387
11232,residential,ndvi,0.454307,0.419644,508.258824,93.308589
11233,residential,ndvi,0.360790,0.322557,498.443137,91.435568
11234,residential,ndvi,0.571315,0.608154,703.035294,92.501099
11235,residential,ndvi,0.360719,0.322866,325.278431,95.290563
11236,residential,ndvi,0.556027,0.572484,580.564706,92.535699
11237,residential,ndvi,0.221825,0.150207,852.372549,94.447356
11301,residential,ndvi,0.495180,0.509625,580.843137,91.326240
11302,residential,ndvi,0.447073,0.446547,446.941176,93.888787
11303,residential,ndvi,0.507946,0.509791,457.078431,93.526472
11304,residential,ndvi,0.458953,0.466949,546.333333,96.263547
11305,residential,ndvi,0.536549,0.548974,460.396078,99.671212
11306,residential,ndvi,0.416006,0.419173,603.709804,99.422798
11307,residential,ndvi,0.472576,0.478690,751.423529,97.576067
11308,residential,ndvi,0.403022,0.389109,819.149020,97.391602
11309,residential,ndvi,0.336543,0.306276,1035.411765,98.574885
11310,residential,ndvi,0.473754,0.455486,741.454902,96.330394
11311,residential,ndvi,0.518597,0.532199,548.698039,92.224181
11312,residential,ndvi,0.565928,0.623185,481.156863,97.118774
11313,residential,ndvi,0.502604,0.455267,477.901961,96.330029
11314,residential,ndvi,0.543095,0.575192,341.227451,94.529427
11315,residential,ndvi,0.384955,0.357587,867.392157,94.026146
11316,residential,ndvi,0.476534,0.472166,509.274510,92.401594
11317,residential,ndvi,0.496601,0.490861,458.913725,97.019577
11318,residential,ndvi,0.477523,0.460345,223.992157,95.940789
11319,residential,ndvi,0.468536,0.474432,418.482353,95.336932
11320,residential,ndvi,0.433887,0.404438,305.862745,98.011014
11321,residential,ndvi,0.186097,0.107594,5596.800000,104.059593
11322,residential,ndvi,0.448628,0.427659,258.262745,96.803969
11323,residential,ndvi,0.461873,0.442637,355.549020,99.061325
11324,residential,ndvi,0.604052,0.681095,4979.019608,102.358563
11325,residential,ndvi,0.283926,0.193491,2156.686275,103.780309
11326,residential,ndvi,0.452460,0.407812,1993.109804,102.997586
11327,residential,ndvi,0.563162,0.584006,680.976471,95.185996
11328,residential,ndvi,0.485047,0.454740,612.678431,96.268663
11329,residential,ndvi,0.458617,0.433176,324.203922,93.666090
11330,residential,ndvi,0.403337,0.373510,560.662745,97.194951
11331,residential,ndvi,0.566901,0.611074,756.027451,93.614772
11332,residential,ndvi,0.446586,0.429226,413.862745,94.331814
11333,residential,ndvi,0.539845,0.596134,652.376471,96.258199
11334,residential,ndvi,0.428022,0.388781,272.678431,99.189104
11335,residential,ndvi,0.455393,0.462982,771.803922,100.684472
11336,residential,ndvi,0.504048,0.484980,407.513725,148.407493
11337,residential,ndvi,0.487499,0.497183,481.400000,141.595160
11338,residential,ndvi,0.485734,0.439978,595.192157,155.050009
11339,residential,ndvi,0.611272,0.611106,727.082353,153.447623
11401,residential,ndvi,0.558151,0.607780,855.172549,98.037277
11402,residential,ndvi,0.472375,0.455051,534.917647,98.501584
11403,residential,ndvi,0.354823,0.298185,1055.709804,98.084902
11404,residential,ndvi,0.488592,0.525953,361.196078,97.313056
11405,residential,ndvi,0.474571,0.494442,355.160784,97.647439
11406,residential,ndvi,0.458546,0.454265,242.160784,93.540218
11407,residential,ndvi,0.536816,0.584925,348.882353,95.806778
11408,residential,ndvi,0.393402,0.365797,392.756863,94.790281
11409,residential,ndvi,0.477809,0.471572,384.470588,98.707609
11410,residential,ndvi,0.369358,0.335187,540.137255,104.419552
11411,residential,ndvi,0.271635,0.173565,2164.145098,105.144806
11412,residential,ndvi,0.531058,0.540751,910.337255,95.937795
11413,residential,ndvi,0.315165,0.263764,1959.764706,105.626510
11414,residential,ndvi,0.460096,0.456191,377.850980,101.482066
11415,residential,ndvi,0.472498,0.466797,568.898039,107.188248
11416,residential,ndvi,0.389919,0.346430,454.086275,108.842476
11417,residential,ndvi,0.508476,0.513330,543.239216,104.447093
11418,residential,ndvi,0.357336,0.357582,1839.070588,100.646721
11419,residential,ndvi,0.406120,0.376633,855.603922,100.726449
11420,residential,ndvi,0.474824,0.458867,510.450980,98.628410
11421,residential,ndvi,0.518772,0.545008,499.380392,101.323986
11422,residential,ndvi,0.452770,0.432035,317.533333,98.210372
11423,residential,ndvi,0.402900,0.353756,404.258824,95.198097
11424,residential,ndvi,0.306764,0.276210,438.109804,101.642081
11425,residential,ndvi,0.394487,0.350225,400.156863,104.385711
11426,residential,ndvi,0.248485,0.181771,985.329412,105.938836
11427,residential,ndvi,0.376620,0.329900,624.470588,100.133867
11428,residential,ndvi,0.352951,0.291304,589.215686,96.592359
11429,residential,ndvi,0.389277,0.412452,402.588235,102.738603
11430,residential,ndvi,0.491767,0.544404,464.752941,102.510505
11431,residential,ndvi,0.498501,0.522052,860.239216,99.888061
11432,residential,ndvi,0.550899,0.591198,499.356863,99.007060
11433,residential,ndvi,0.323315,0.240268,258.486275,97.846618
11434,residential,ndvi,0.494022,0.520436,765.596078,97.982128
11435,residential,ndvi,0.468807,0.463020,470.854902,97.884682
11436,residential,ndvi,0.423723,0.393096,371.058824,98.582741
11437,residential,ndvi,0.392761,0.361424,527.015686,100.272314
11438,residential,ndvi,0.405331,0.358544,439.854902,91.566693
11501,residential,ndvi,0.409274,0.385125,550.254902,93.228493
11502,residential,ndvi,0.413273,0.377447,653.709804,93.232123
11503,residential,ndvi,0.408272,0.368649,364.901961,95.320731
11504,residential,ndvi,0.404631,0.364985,375.831373,99.127706
11505,residential,ndvi,0.467963,0.467844,225.431373,99.248447
11506,residential,ndvi,0.452163,0.426930,254.611765,102.428642
11507,residential,ndvi,0.478920,0.470338,673.298039,103.089760
11508,residential,ndvi,0.354358,0.337548,405.243137,91.186448
11509,residential,ndvi,0.475812,0.455267,660.031373,94.856584
11510,residential,ndvi,0.497128,0.501880,573.901961,93.591513
11511,residential,ndvi,0.542773,0.537425,602.309804,94.107215
11512,residential,ndvi,0.450231,0.427680,606.262745,98.463023
11513,residential,ndvi,0.453303,0.419296,833.662745,98.407030
11514,residential,ndvi,0.433957,0.438744,560.913725,95.608286
11515,residential,ndvi,0.428275,0.393022,399.133333,96.776742
11516,residential,ndvi,0.478192,0.466800,529.133333,94.153607
11517,residential,ndvi,0.528879,0.513122,576.003922,95.900722
11518,residential,ndvi,0.572633,0.588195,618.780392,98.069251
11519,residential,ndvi,0.557613,0.591929,815.239216,96.273881
11520,residential,ndvi,0.536483,0.539949,458.478431,98.676346
11521,residential,ndvi,0.694809,0.779259,10799.964706,132.562961
11522,residential,ndvi,0.453222,0.424875,466.560784,96.734629
11523,residential,ndvi,0.392980,0.350210,445.772549,93.956788
11524,residential,ndvi,0.475311,0.463059,426.705882,92.736734
11525,residential,ndvi,0.462412,0.408110,354.952941,93.584789
11526,residential,ndvi,0.441003,0.412193,302.403922,93.141442
11527,residential,ndvi,0.461004,0.434975,449.650980,90.436862
11528,residential,ndvi,0.463386,0.482343,602.117647,93.571968
11529,residential,ndvi,0.456471,0.440754,795.164706,92.399212
11530,residential,ndvi,0.402668,0.361143,806.313725,90.498356
11531,residential,ndvi,0.543532,0.548811,745.141176,94.022836
11532,residential,ndvi,0.555577,0.579979,492.478431,96.331043
11533,residential,ndvi,0.548215,0.572591,783.192157,96.713741
11534,residential,ndvi,0.554546,0.568610,723.400000,98.442410
11535,residential,ndvi,0.517971,0.545355,701.466667,97.934814
11536,residential,ndvi,0.576610,0.627143,423.196078,98.846889
11537,residential,ndvi,0.441426,0.418917,369.576471,99.623098
11538,residential,ndvi,0.602459,0.693440,3139.960784,125.519463
11601,residential,ndvi,0.420364,0.439269,891.341176,95.095736
11602,residential,ndvi,0.404592,0.356980,772.831373,90.926154
11603,residential,ndvi,0.318439,0.294750,2893.035294,91.632798
11604,residential,ndvi,0.413228,0.388191,1216.835294,92.347629
11605,residential,ndvi,0.580771,0.618401,983.309804,93.438060
11606,residential,ndvi,0.535740,0.570080,421.784314,89.943638
11607,residential,ndvi,0.422063,0.423444,476.513725,93.208343
11608,residential,ndvi,0.404924,0.376602,494.376471,96.401274
11609,residential,ndvi,0.498211,0.496659,478.364706,97.756073
11610,residential,ndvi,0.575233,0.607285,280.600000,97.836778
11611,residential,ndvi,0.540173,0.560252,337.541176,97.677367
11612,residential,ndvi,0.399617,0.373231,857.035294,97.067684
11613,residential,ndvi,0.415791,0.400514,623.788235,97.300888
11614,residential,ndvi,0.515746,0.533173,782.000000,96.817953
11615,residential,ndvi,0.449415,0.432118,999.282353,99.972608
11616,residential,ndvi,0.566432,0.580208,2013.172549,132.073929
11617,residential,ndvi,0.592751,0.619220,1347.152941,137.350421
11618,residential,ndvi,0.512658,0.510137,622.972549,96.585630
11619,residential,ndvi,0.439311,0.419776,598.858824,112.496762
11620,residential,ndvi,0.550277,0.571365,1191.078431,143.084409
11621,residential,ndvi,0.563847,0.583791,1858.870588,136.468035
11622,residential,ndvi,0.512140,0.521442,2139.054902,138.587804
11623,residential,ndvi,0.375197,0.353362,1090.298039,140.082676
11624,residential,ndvi,0.493497,0.489564,765.494118,94.917111
11625,residential,ndvi,0.444975,0.423701,576.576471,95.522870
11626,residential,ndvi,0.417923,0.400119,971.505882,96.079363
11627,residential,ndvi,0.416694,0.392747,734.643137,135.780718
11628,residential,ndvi,0.507746,0.498645,627.247059,142.439186
11629,residential,ndvi,0.530966,0.528374,928.023529,147.384410
11630,residential,ndvi,0.350947,0.283187,1502.972549,94.899452
11631,residential,ndvi,0.552304,0.556360,934.294118,94.662671
11632,residential,ndvi,0.496683,0.497748,916.713725,89.723582
11633,residential,ndvi,0.468635,0.490141,2320.003922,91.366769
11634,residential,ndvi,0.623275,0.634901,1759.682353,91.674005
11635,residential,ndvi,0.486200,0.471218,963.047059,117.526181
11636,residential,ndvi,0.511395,0.514187,1410.074510,147.093651
12101,residential,ndvi,0.246720,0.158341,8494.396078,105.074652
12102,residential,ndvi,0.580057,0.623702,850.996078,102.346975
12103,residential,ndvi,0.528753,0.537630,665.494118,89.652277
12104,residential,ndvi,0.443009,0.415805,650.929412,101.784640
12105,residential,ndvi,0.508354,0.501613,754.658824,99.705869
12106,residential,ndvi,0.432775,0.408514,1030.847059,102.555667
12107,residential,ndvi,0.515531,0.537688,665.682353,104.730938
12108,residential,ndvi,0.524812,0.540873,720.607843,106.403129
12109,residential,ndvi,0.530505,0.540573,630.109804,105.619276
12110,residential,ndvi,0.509181,0.517697,997.047059,103.335563
12111,residential,ndvi,0.307600,0.255646,1824.596078,97.061356
12112,residential,ndvi,0.503341,0.509159,713.556863,86.780212
12113,residential,ndvi,0.513924,0.533271,1242.796078,90.328888
12114,residential,ndvi,0.601495,0.635356,893.717647,89.919315
12115,residential,ndvi,0.517339,0.516753,782.235294,97.251612
12116,residential,ndvi,0.460878,0.446945,847.839216,101.832650
12117,residential,ndvi,0.492582,0.489786,1083.639216,99.282385
12118,residential,ndvi,0.490468,0.497075,1042.105882,100.723979
12119,residential,ndvi,0.458534,0.442112,502.729412,105.176620
12120,residential,ndvi,0.400501,0.376734,747.745098,105.188530
12121,residential,ndvi,0.412382,0.392775,1222.137255,107.773069
12122,residential,ndvi,0.439133,0.428187,836.619608,104.536871
12123,residential,ndvi,0.545270,0.564247,875.941176,97.816153
12124,residential,ndvi,0.474432,0.466494,583.631373,98.415405
12125,residential,ndvi,0.361437,0.346180,732.874510,103.532354
12126,residential,ndvi,0.337574,0.302942,1452.827451,107.138062
12127,residential,ndvi,0.444473,0.403993,481.635294,105.190031
12128,residential,ndvi,0.401230,0.373349,484.784314,106.330602
12129,residential,ndvi,0.531415,0.567963,961.937255,96.202023
12201,residential,ndvi,0.571805,0.588111,1349.682353,99.827997
12202,residential,ndvi,0.529224,0.541447,1620.360784,93.952681
12203,residential,ndvi,0.554259,0.549278,2712.478431,90.410122
12204,residential,ndvi,0.519648,0.521777,2264.494118,94.994535
12205,residential,ndvi,0.435833,0.443465,2950.784314,88.684109
12206,residential,ndvi,0.351168,0.294687,5154.960784,92.615394
12207,residential,ndvi,0.501106,0.513691,1118.698039,99.318241
12208,residential,ndvi,0.611109,0.661852,723.835294,96.102130
12209,residential,ndvi,0.413816,0.388624,1474.360784,99.129846
12210,residential,ndvi,0.354052,0.326162,1918.219608,101.794174
12211,residential,ndvi,0.493456,0.494649,930.247059,97.509491
12212,residential,ndvi,0.539807,0.556632,836.956863,98.613282
12213,residential,ndvi,0.486717,0.494474,907.611765,99.737047
12214,residential,ndvi,0.512229,0.521284,1330.247059,92.171199
12215,residential,ndvi,0.457635,0.451360,611.752941,99.717360
12216,residential,ndvi,0.381324,0.358135,712.490196,99.059471
12217,residential,ndvi,0.430680,0.443516,1470.196078,104.123806
12218,residential,ndvi,0.343705,0.306448,1531.854902,107.407784
12219,residential,ndvi,0.557802,0.575879,1402.870588,100.118368
12220,residential,ndvi,0.454372,0.451154,599.396078,94.856535
12221,residential,ndvi,0.462275,0.450570,828.698039,99.959298
12222,residential,ndvi,0.364367,0.341800,1938.152941,102.929255
12223,residential,ndvi,0.427765,0.501746,3160.266667,91.539930
12224,residential,ndvi,0.578730,0.592228,1360.850980,94.094379
12225,residential,ndvi,0.539923,0.548848,1694.960784,99.794406
12226,residential,ndvi,0.481461,0.490089,1015.819608,97.757337
12227,residential,ndvi,0.441976,0.435115,788.666667,97.080697
12228,residential,ndvi,0.539601,0.556535,1155.356863,95.203075
12229,residential,ndvi,0.247569,0.197000,1993.517647,104.948063
12301,residential,ndvi,0.567875,0.576028,2912.854902,88.359805
12302,residential,ndvi,0.586285,0.607281,2879.529412,87.743847
12303,residential,ndvi,0.615035,0.634861,6458.447059,89.626278
12304,residential,ndvi,0.633133,0.693471,3628.929412,92.947559
12305,residential,ndvi,0.575715,0.579854,2519.835294,85.298073
12306,residential,ndvi,0.605363,0.611195,2928.647059,91.395833
12307,residential,ndvi,0.584666,0.588147,2711.450980,84.456656
12308,residential,ndvi,0.615668,0.630908,2661.749020,88.753316
12309,residential,ndvi,0.597411,0.611389,2885.541176,88.589215
12310,residential,ndvi,0.589271,0.603899,3769.129412,88.542317
12311,residential,ndvi,0.566466,0.568491,3184.639216,86.387268
12312,residential,ndvi,0.562208,0.564475,3061.254902,85.003541
12313,residential,ndvi,0.626256,0.638487,3428.172549,85.829967
12314,residential,ndvi,0.456366,0.455106,896.298039,101.213029
12315,residential,ndvi,0.611081,0.622899,3687.674510,86.525915
12316,residential,ndvi,0.307939,0.259424,552.290196,99.915688
12317,residential,ndvi,0.275684,0.212974,5268.709804,99.222214
12318,residential,ndvi,0.633945,0.650573,3351.870588,92.707500
12319,residential,ndvi,0.526827,0.549330,1146.235294,92.517062
12320,residential,ndvi,0.502005,0.500809,720.396078,91.474358
12321,residential,ndvi,0.450253,0.451644,623.780392,88.451045
12322,residential,ndvi,0.592236,0.614974,1230.380392,86.603132
12323,residential,ndvi,0.552851,0.564038,2569.431373,95.411737
12324,residential,ndvi,0.607608,0.607153,951.678431,81.769052
12325,residential,ndvi,0.471787,0.474561,795.196078,99.896664
12326,residential,ndvi,0.598576,0.603395,2807.701961,89.076688
12327,residential,ndvi,0.577751,0.580011,3287.298039,86.214164
12328,residential,ndvi,0.596461,0.599652,1745.454902,85.395946
12329,residential,ndvi,0.582299,0.599888,878.274510,89.415016
12330,residential,ndvi,0.425701,0.398869,602.749020,103.109193
12401,residential,ndvi,0.520116,0.520844,1838.854902,102.850081
12402,residential,ndvi,0.470393,0.486387,2705.149020,98.530073
12403,residential,ndvi,0.501312,0.533206,2362.850980,100.799611
12404,residential,ndvi,0.484284,0.510283,705.827451,98.308924
12405,residential,ndvi,0.482408,0.501608,721.313725,99.497920
12406,residential,ndvi,0.399021,0.388703,884.607843,96.555168
12407,residential,ndvi,0.521855,0.529574,1713.721569,91.342463
12408,residential,ndvi,0.563575,0.615455,3327.027451,97.028600
12409,residential,ndvi,0.450192,0.467161,1665.105882,100.338861
12410,residential,ndvi,0.504985,0.517374,1378.407843,98.426664
12411,residential,ndvi,0.424376,0.435506,4186.078431,97.845250
12412,residential,ndvi,0.532226,0.536814,1578.019608,97.701326
12413,residential,ndvi,0.559374,0.556412,2505.662745,95.362309
12414,residential,ndvi,0.499399,0.541071,2457.674510,94.206728
12415,residential,ndvi,0.326258,0.282749,616.125490,101.867349
12416,residential,ndvi,0.584127,0.600096,1130.407843,94.696192
12417,residential,ndvi,0.538996,0.548798,2040.705882,102.078906
12418,residential,ndvi,0.511680,0.516837,1437.835294,95.097925
12419,residential,ndvi,0.450370,0.470650,2662.533333,99.956266
12420,residential,ndvi,0.559056,0.560480,1472.141176,95.044124
12421,residential,ndvi,0.473679,0.482282,3151.545098,95.664802
12422,residential,ndvi,0.204536,0.122910,5352.101961,103.653914
12423,residential,ndvi,0.249542,0.185674,3436.121569,96.580712
12424,residential,ndvi,0.699535,0.802614,4262.035294,100.095624
12425,residential,ndvi,0.427008,0.396312,1042.392157,93.445273
12426,residential,ndvi,0.476702,0.466642,961.772549,99.606213
12427,residential,ndvi,0.441351,0.356907,972.607843,101.783606
12428,residential,ndvi,0.604650,0.619397,1942.658824,99.098644
12429,residential,ndvi,0.483318,0.459046,790.854902,95.267906
12430,residential,ndvi,0.525328,0.521505,924.450980,96.182905
12501,residential,ndvi,0.585315,0.599578,3102.709804,95.935624
12502,residential,ndvi,0.545030,0.548669,4989.356863,91.842922
12503,residential,ndvi,0.613820,0.630571,2286.568627,97.192274
12504,residential,ndvi,0.568225,0.622983,684.145098,87.588391
12505,residential,ndvi,0.528186,0.522830,526.439216,91.048487
12506,residential,ndvi,0.553926,0.568264,970.823529,86.688245
12507,residential,ndvi,0.494080,0.477888,843.494118,90.270597
12508,residential,ndvi,0.549183,0.606967,414.121569,94.318236
12509,residential,ndvi,0.336613,0.228184,2561.129412,97.628509
12510,residential,ndvi,0.666936,0.755142,694.788235,96.268695
12511,residential,ndvi,0.498701,0.509320,827.058824,89.139531
12512,residential,ndvi,0.470179,0.485996,524.674510,88.888095
12513,residential,ndvi,0.580655,0.673815,698.341176,99.365224
12514,residential,ndvi,0.398622,0.337415,1074.513725,95.917241
12515,residential,ndvi,0.584121,0.650251,573.733333,91.705486
12516,residential,ndvi,0.577630,0.615589,485.415686,91.226707
12517,residential,ndvi,0.474066,0.482091,839.533333,101.455290
12518,residential,ndvi,0.470652,0.466778,1054.964706,101.691966
12519,residential,ndvi,0.575064,0.612070,839.043137,97.813677
12520,residential,ndvi,0.554577,0.576288,506.827451,92.477132
12521,residential,ndvi,0.529333,0.533147,1674.823529,101.745041
12522,residential,ndvi,0.511701,0.510499,800.670588,96.068124
12523,residential,ndvi,0.590964,0.638960,703.929412,94.513159
12524,residential,ndvi,0.577329,0.634711,859.090196,98.273705
12525,residential,ndvi,0.497507,0.502026,2156.549020,96.515615
12526,residential,ndvi,0.468580,0.463106,552.945098,95.146772
12527,residential,ndvi,0.577102,0.583835,2909.925490,96.762002
12528,residential,ndvi,0.374058,0.325537,527.588235,95.676634
12601,residential,ndvi,0.697346,0.732436,2301.156863,90.366803
12602,residential,ndvi,0.642940,0.670088,2895.368627,88.463244
12603,residential,ndvi,0.647546,0.662056,2851.854902,91.179193
12604,residential,ndvi,0.686165,0.705181,3336.894118,84.182001
12605,residential,ndvi,0.667139,0.685381,3142.250980,88.312155
12606,residential,ndvi,0.665988,0.677819,3228.254902,86.773936
12607,residential,ndvi,0.689668,0.720699,2599.188235,83.547240
12608,residential,ndvi,0.633994,0.646723,3139.588235,88.893839
12609,residential,ndvi,0.638255,0.662106,3361.654902,86.654325
12610,residential,ndvi,0.681047,0.705117,3765.513725,90.948971
12611,residential,ndvi,0.651869,0.666071,2859.713725,85.262633
12612,residential,ndvi,0.650553,0.673701,3717.149020,90.159248
12613,residential,ndvi,0.672619,0.693643,3711.619608,93.497202
12614,residential,ndvi,0.596550,0.615292,3136.431373,95.168378
12615,residential,ndvi,0.593812,0.599717,2675.258824,96.150584
12616,residential,ndvi,0.614633,0.622991,3049.556863,98.204451
12617,residential,ndvi,0.546411,0.556349,1651.070588,100.472416
12618,residential,ndvi,0.567644,0.584102,2478.701961,95.890695
12619,residential,ndvi,0.631267,0.654279,3617.129412,99.134156
12620,residential,ndvi,0.623533,0.631126,3030.301961,95.857118
12621,residential,ndvi,0.588749,0.603372,2413.223529,95.954488
12622,residential,ndvi,0.608312,0.611738,2989.235294,92.946195
12623,residential,ndvi,0.626375,0.638896,2796.294118,98.631587
12624,residential,ndvi,0.554561,0.560481,2468.047059,94.379157
12625,residential,ndvi,0.560600,0.568421,2229.745098,96.819816
12626,residential,ndvi,0.604356,0.619249,3069.313725,94.157429
12627,residential,ndvi,0.594377,0.619062,2323.294118,96.516491
12628,residential,ndvi,0.648726,0.666248,1832.764706,86.459415
12629,residential,ndvi,0.648303,0.670040,1533.878431,94.237923
12630,residential,ndvi,0.613223,0.626809,2087.890196,98.254735
12631,residential,ndvi,0.599029,0.614894,2456.435294,97.147516
