uwb,bez,residents,residential_residents,density_residential,log_density_residential,lst,ndvi,satellite_zone,satellite_fallback,access_index,population_mismatch,dist_health,dist_kindergartens,dist_parks,dist_playgrounds,dist_public_transport_stops,dist_schools,dist_supermarkets,afd,bsw,cdu,contrast,contrast_with_spd,gruene,linke,spd,turnout
01101,01,1715,1715,388.234,5.96161,35.5448,0.318724,residential,False,0.10844,False,210.616,232.468,117.047,151.471,149.779,311.866,316.772,0.0556171,0.0203045,0.184661,0.274427,0.399331,0.253005,0.261701,0.124904,0.803391
01102,01,1706.88,1706.88,460.977,6.13335,36.3393,0.365191,residential,False,-0.389017,False,187.763,137.827,109.972,122.466,117.087,159.912,206.166,0.0353379,0.0221745,0.176853,0.358297,0.466041,0.284384,0.286104,0.107744,0.813326
01103,01,1690,1690,393.634,5.97542,37.2113,0.279196,residential,False,-0.570453,False,170.069,118.589,106.316,126.211,178.01,31.8791,241.337,0.0568548,0.0257053,0.139792,0.365533,0.480678,0.269204,0.292976,0.115145,0.827292
01104,01,1694,1694,340.757,5.83117,37.3943,0.313076,residential,False,-0.680408,False,120.52,147.593,199.915,33.1014,159.727,89.6775,144.783,0.0623286,0.0187189,0.150498,0.333005,0.462055,0.255798,0.290033,0.129051,0.834006
01105,01,774.501,774.501,91.6528,4.51801,35.3432,0.325712,residential,False,-0.13415,False,111.225,251.15,62.1655,187.761,128.324,479.254,208.761,0.0748457,0.0261524,0.257345,0.0844415,0.207293,0.226255,0.190378,0.122852,0.802189
01106,01,3263.92,3263.91,187.542,5.234,36.5345,0.190281,residential,False,-0.211802,False,303.817,182.07,84.1157,80.0693,104.849,588.639,145.614,0.0607932,0.035792,0.215698,0.161054,0.265701,0.20654,0.231006,0.104646,0.696324
01107,01,1754.14,1754.14,369.369,5.9118,36.223,0.396466,residential,False,-0.473829,False,133.139,59.1148,80.025,110.157,201.318,226.083,169.899,0.0707142,0.0292749,0.167779,0.305028,0.399692,0.223477,0.320045,0.094664,0.820616
01108,01,1654,1609,290.016,5.66994,36.3477,0.379085,residential,False,-0.0164382,False,258.813,211.225,235.461,119.912,162.81,90.226,319.91,0.0562595,0.0294556,0.191024,0.268455,0.39459,0.236892,0.278846,0.126136,0.848935
01109,01,1325,1325,467.303,6.14698,35.6438,0.362421,residential,False,-0.595468,False,82.4247,58.9748,102.582,110.743,154.398,220.919,196.963,0.0564752,0.0244644,0.176057,0.289917,0.392803,0.273357,0.249092,0.102887,0.821771
01110,01,1496.92,1496.92,241.82,5.48819,35.773,0.513621,residential,False,-0.47124,False,336.121,55.4158,155.014,77.3794,125.332,84.6372,322.851,0.14331,0.0312861,0.19874,0.113027,0.232295,0.163502,0.291575,0.119268,0.66439
01111,01,1442,1442,365.612,5.90157,36.7212,0.426259,residential,False,0.0828038,False,114.276,365.885,216.52,291.688,107.42,479.585,157.445,0.0841836,0.0313812,0.187985,0.192597,0.31963,0.234661,0.230105,0.127033,0.766023
01112,01,1763,1763,136.515,4.91644,37.9544,0.257045,residential,False,-0.188204,False,125.404,143.244,49.8666,127.783,152.343,316.374,397.333,0.0522409,0.0246747,0.220016,0.210415,0.322817,0.247202,0.23547,0.112401,0.841666
01113,01,1678,1678,470.977,6.15481,35.5508,0.327808,residential,False,-0.223473,False,103.998,144.173,115.538,69.6067,264.875,196.079,232.357,0.0542833,0.029026,0.159467,0.344849,0.446235,0.268092,0.290508,0.101386,0.814428
01114,01,2409,2409,262.308,5.56952,37.9415,0.196014,residential,False,0.260036,False,96.0269,387.555,170.952,245.434,211.089,506.899,166.215,0.0485669,0.0188601,0.229806,0.19368,0.302877,0.235314,0.236738,0.109197,0.792164
01115,01,1721,1721,180.971,5.19834,36.099,0.441846,residential,False,-0.537726,False,158.714,144.401,95.1914,66.9952,138.668,110.798,217.498,0.0531561,0.0276855,0.191584,0.263566,0.37763,0.262458,0.245847,0.114064,0.836866
01116,01,1585,1585,363.378,5.89544,36.1412,0.294422,residential,False,-0.558218,False,146.82,63.5536,141.726,101.188,155.625,172.643,140.448,0.0486972,0.0261407,0.1764,0.323431,0.423662,0.286412,0.262117,0.100231,0.822263
01117,01,2720.42,2720.42,363.721,5.89639,37.399,0.366182,residential,False,-0.0836835,False,638.257,187.024,28.3254,228.167,127.549,504.913,105.246,0.0728009,0.0662416,0.128404,0.294158,0.415748,0.173952,0.321412,0.12159,0.662764
01118,01,1447.43,1447.43,412.087,6.02123,36.2025,0.352671,residential,False,-0.771502,False,121.01,39.6052,127.244,138.954,121.843,140.713,146.048,0.0690855,0.0282743,0.176921,0.306037,0.388624,0.237856,0.314188,0.0825876,0.791668
01119,01,2237,1969,303.051,5.7139,37.3772,0.228249,residential,False,-0.344497,False,115.383,147.676,118.885,135.213,134.467,226.22,189.909,0.0452613,0.0296688,0.23707,0.228535,0.313748,0.264686,0.24618,0.0852131,0.826974
01120,01,1759,1759,301.395,5.70842,36.9083,0.343458,residential,False,-0.539522,False,187.358,94.1659,129.122,93.7958,172.111,62.5369,201.401,0.0374455,0.023761,0.192058,0.33026,0.407566,0.310998,0.248765,0.0773061,0.825862
01121,01,2009.43,2009.43,74.463,4.3103,37.5431,0.282168,residential,False,0.247311,False,163.031,214.144,169.436,297.488,141.06,465.296,285.883,0.0761781,0.0342665,0.202727,0.17435,0.299333,0.204464,0.248791,0.124983,0.756419
01122,01,1848,1848,232.954,5.45084,37.9164,0.261478,residential,False,-0.555883,False,141.717,215.605,108.404,143.926,98.9119,149.77,109.686,0.0283838,0.0336399,0.174338,0.353749,0.441815,0.277407,0.279064,0.0880661,0.794249
01123,01,1894,1894,397.302,5.9847,37.5074,0.273335,residential,False,-0.639396,False,198.183,225.232,63.0544,81.3164,138.525,69.0027,137.982,0.0782509,0.0241657,0.161105,0.331415,0.416571,0.225547,0.345224,0.0851554,0.767075
01124,01,2069,2069,183.136,5.21023,38.109,0.271435,residential,False,-0.325873,False,105.774,170.798,227.467,233.606,125.433,153.496,133.765,0.0537747,0.0269555,0.213741,0.243099,0.349007,0.26739,0.243224,0.105907,0.825977
01125,01,1798.17,1786.18,164.439,5.10254,35.6637,0.376203,residential,False,0.0582366,False,420.462,382.351,111.871,92.2314,103.186,386.083,203.576,0.124834,0.0443651,0.163794,0.176543,0.300051,0.1795,0.285671,0.123508,0.641606
01126,01,1686,1686,349.124,5.85543,37.2157,0.30478,residential,False,-0.876415,False,99.1356,52.2203,104.179,105.044,129.43,112.229,136.001,0.0565598,0.0288671,0.165034,0.345877,0.459635,0.285831,0.28164,0.113758,0.822809
01127,01,1854.41,1854.41,149.885,5.00987,37.8317,0.181118,residential,False,-0.404533,False,100.777,173.733,226.383,92.1029,153.875,114.707,180.341,0.047619,0.0324675,0.17316,0.304113,0.417749,0.268398,0.256494,0.113636,0.824205
01128,01,1662.73,1662.73,232.292,5.44799,37.8824,0.28003,residential,False,-0.748855,False,200.99,120.268,84.9391,86.2649,136.73,52.5751,146.681,0.111414,0.0412541,0.202806,0.14526,0.24424,0.176702,0.282777,0.0989802,0.767422
01129,01,1432.27,1408.27,237.88,5.47177,38.1725,0.288508,residential,False,-0.484779,False,133.899,89.3108,116.551,115.063,165.822,121.949,196.473,0.0881456,0.0232588,0.201492,0.183695,0.2903,0.202908,0.270424,0.106605,0.821769
01130,01,1479,1479,110.676,4.70661,37.1363,0.275363,residential,False,-0.282879,False,106.5,110.015,144.923,230.242,96.9702,371.627,217.142,0.0705112,0.0242376,0.235279,0.150168,0.271469,0.219036,0.236922,0.121301,0.795552
01131,01,1813,1813,349.1,5.85536,37.9509,0.238122,residential,False,-0.537931,False,79.88,73.1933,270.77,198.468,222.279,43.7156,169.075,0.0993918,0.0434971,0.161647,0.2428,0.343992,0.23244,0.271398,0.101192,0.792248
01132,01,1840.95,1840.95,64.0903,4.16029,37.6803,0.183395,residential,False,-0.0226227,False,167.367,168.376,79.0386,326.545,130.638,494.069,180.523,0.0882695,0.0383275,0.291521,0,0.0963995,0.180023,0.199768,0.0963995,0.77074
01133,01,743.992,743.992,125.39,4.83143,36.1917,0.182771,residential,False,0.194035,False,306.042,217.915,80.1007,147.817,153.928,682.618,225.751,0.0853441,0.00663968,0.265749,0.0527935,0.178785,0.216032,0.187854,0.125992,0.80853
01201,01,2002.28,2002.28,274.103,5.6135,36.4994,0.446356,residential,False,-0.232095,False,309.213,173.918,56.9176,76.4738,236.182,103,231.521,0.112167,0.045902,0.204731,0.117033,0.23567,0.144878,0.289053,0.118636,0.782177
01202,01,1614,1614,310.316,5.73759,38.1184,0.28509,residential,False,-0.372655,False,256.719,155.929,147.162,114.781,136.451,67.3922,217.274,0.0771847,0.0341847,0.155197,0.322377,0.401081,0.240651,0.314108,0.0787034,0.796499
01203,01,1753.24,1753.24,297.14,5.6942,38.3821,0.280542,residential,False,-0.466695,False,309.73,84.6022,77.083,58.1861,104.324,170.758,350.258,0.102147,0.0222167,0.169537,0.240643,0.329498,0.193944,0.318383,0.0888549,0.749305
01204,01,1562,1562,189.817,5.24606,37.8176,0.283722,residential,False,-0.785467,False,137.48,141.335,192.339,71.2628,82.4664,71.8325,168.103,0.0630374,0.0285701,0.183377,0.28081,0.384616,0.24243,0.284794,0.103806,0.797057
01205,01,2105,2105,159.711,5.07336,37.9367,0.179189,residential,False,-0.154179,False,166.952,140.612,265.097,185.687,127.66,283.871,136.375,0.0877758,0.0470688,0.133956,0.308184,0.406484,0.192656,0.337261,0.0983003,0.691237
01206,01,1868,1868,375.983,5.92954,37.8602,0.286814,residential,False,-0.370638,False,197.261,55.382,135.415,138.974,110.383,179.33,358.276,0.0860067,0.0387378,0.189248,0.251963,0.326936,0.21225,0.314967,0.0749737,0.768905
01207,01,1450,1450,165.322,5.10789,37.0499,0.274295,residential,False,-0.746485,False,99.0271,100.448,91.6191,75.7303,112.133,118.127,222.863,0.0617569,0.0277957,0.186725,0.273445,0.385312,0.263845,0.258081,0.111868,0.805695
01208,01,1939,1939,387.358,5.95935,36.6876,0.385211,residential,False,-0.518687,False,267.713,117.796,147.324,34.6214,146.755,147.928,155.258,0.120574,0.074912,0.142218,0.21591,0.33167,0.0992679,0.379433,0.11576,0.739383
01209,01,1730.69,1730.69,191.262,5.25364,35.1042,0.51809,residential,False,-0.589705,False,318.932,87.7771,113.821,27.7051,190.252,107.127,155.195,0.170337,0.0672638,0.165354,0.0663663,0.183395,0.102527,0.299531,0.117029,0.802867
01210,01,1831.64,1831.64,175.886,5.16984,36.3218,0.270179,residential,False,-0.89345,False,184.368,119.991,87.7605,81.2166,86.2717,79.1685,125.137,0.14539,0.0516095,0.175874,0.109374,0.236608,0.111093,0.319545,0.127234,0.728049
01211,01,1183,1183,170.934,5.14128,37.7985,0.192629,residential,False,0.596168,False,369.752,479.592,103.82,378.48,146.508,550.577,300.269,0.138184,0.0683291,0.17665,0.12307,0.239761,0.115455,0.32245,0.116691,0.68765
01212,01,2113,2113,256.94,5.54884,36.0314,0.473744,residential,False,-0.519964,False,198.034,76.0353,140.095,44.7184,111.757,335.159,186.855,0.144612,0.0725072,0.131639,0.190362,0.304153,0.0827913,0.383821,0.113792,0.645121
01213,01,2466,2454,251.142,5.52602,36.7233,0.332252,residential,False,-0.562255,False,250.879,287.44,56.9028,64.1037,120.406,235.873,71.0775,0.128316,0.0800056,0.16045,0.165736,0.263913,0.109666,0.344836,0.0981769,0.695935
01214,01,2341.89,2341.89,230.013,5.43814,36.4359,0.307689,residential,False,-0.369884,False,122.381,180.705,128.33,141.042,116.14,269.35,136.705,0.149221,0.0715211,0.149944,0.123605,0.238946,0.11144,0.311329,0.115341,0.662925
01215,01,1438.39,1438.39,266.428,5.58511,34.2833,0.549728,residential,False,-0.578153,False,339.073,27.3778,39.2793,75.1985,231.065,95.7212,322.679,0.148153,0.0706107,0.183403,0.0869443,0.191906,0.0802369,0.338263,0.104962,0.636492
01216,01,1319.05,1319.05,493.353,6.20123,35.6376,0.413709,residential,False,-1.50985,False,156.001,35.0944,14.9377,4.08881,140.133,187.209,158.347,0.144601,0.0853878,0.150203,0.168607,0.263292,0.0988404,0.364571,0.0946849,0.751076
01217,01,1374,1374,72.3787,4.28191,38.4222,0.207095,residential,False,0.343642,False,177.367,249.555,154.369,268.545,142.075,625.975,309.178,0.118183,0.0401661,0.249784,0.0182596,0.130906,0.122974,0.263252,0.112646,0.722736
01218,01,1522,1522,252.18,5.53014,38.3701,0.193823,residential,False,-0.246024,False,130.761,119.267,74.6906,100.549,119.069,678.791,244.556,0.156468,0.067982,0.201313,0.00648862,0.138883,0.112643,0.251627,0.132394,0.728901
01219,01,2058,2058,88.7698,4.48605,39.3195,0.150396,residential,False,-0.167167,False,114.024,129.052,384.901,235.821,108.017,273.495,167.38,0.163774,0.0753936,0.238876,-0.0588152,0.0281111,0.109456,0.234379,0.0869262,0.730368
01220,01,2252.33,2252.33,76.9897,4.34367,37.4069,0.221936,residential,False,-0.291057,False,134.763,135.541,344.608,72.8157,147.222,203.172,166.15,0.159568,0.0696682,0.270491,-0.114114,-0.0301551,0.105566,0.210379,0.0839591,0.677407
01221,01,1911.5,1673.5,111.457,4.71364,36.506,0.201786,residential,False,0.215382,False,397.755,362.939,98.2762,171.248,124.564,321.037,265.099,0.0703081,0.0442954,0.203198,0.203639,0.302263,0.209142,0.268004,0.0986245,0.766591
01222,01,1893.43,1893.43,462.369,6.13636,34.283,0.381322,residential,False,-0.878504,False,184.489,143.836,67.0894,26.5528,87.6295,186.546,142.274,0.127479,0.0800928,0.144138,0.209819,0.319437,0.111758,0.369678,0.109618,0.723983
01223,01,1692.69,1692.69,540.417,6.29234,37.0886,0.259254,residential,False,0.426344,False,413.074,303.404,174.752,145.954,208.636,273.472,292.924,0.11579,0.0329827,0.288674,-0.0920788,0.0321049,0.141642,0.170743,0.124184,0.763232
01224,01,1913.58,1913.58,250.292,5.52263,36.7557,0.249939,residential,False,-0.158952,False,358.084,194.146,80.1611,134.568,165.271,228.987,119.56,0.113672,0.0400983,0.26279,-0.0124016,0.0923212,0.139119,0.224941,0.104723,0.745012
01225,01,2222.88,2222.88,190.74,5.25091,35.4873,0.295861,residential,False,0.38266,False,573.967,135.022,259.45,171.399,141.098,214.183,550.731,0.0487621,0.0319076,0.137299,0.429832,0.523589,0.230302,0.385591,0.0937569,0.796288
01226,01,2163.38,2163.38,241.618,5.48736,37.0459,0.189478,residential,False,-0.269661,False,171.405,208.613,91.9236,52.9173,121.919,533.651,180.86,0.124527,0.0548467,0.229243,0.0204995,0.131709,0.124099,0.250171,0.11121,0.704883
01227,01,1518,1518,221.876,5.40212,36.8941,0.384267,residential,False,-0.333099,False,242.102,284.646,92.2239,59.7874,103.458,271.438,165.851,0.12771,0.0515612,0.157713,0.190167,0.294516,0.146467,0.329123,0.104349,0.757005
01228,01,1648,1648,855.731,6.75196,36.7938,0.258715,residential,False,-1.36879,False,19.4189,126.936,134.134,28.7867,48.6202,698.279,62.2905,0.129447,0.068411,0.234394,0.0266223,0.128876,0.132772,0.257692,0.102254,0.738015
01229,01,2283.32,2283.32,289.939,5.66967,36.4711,0.416923,residential,False,-0.534828,False,209.702,160.269,116.649,49.8394,87.1951,385.065,121.745,0.140609,0.0680939,0.138497,0.17684,0.294411,0.101174,0.354772,0.117571,0.708707
01230,01,1221.62,1221.62,268.499,5.59285,35.7161,0.297496,residential,False,-0.168461,False,407.798,107.972,147.365,105.086,121.393,121.355,363.542,0.128018,0.0404553,0.155785,0.202667,0.317342,0.152288,0.334181,0.114675,0.811355
01231,01,1555.56,1555.56,177.725,5.18024,36.5156,0.52665,residential,False,-0.403556,False,204.239,104.286,87.7563,153.451,164.535,149.563,142.377,0.109082,0.0482841,0.169405,0.169342,0.309075,0.164602,0.283227,0.139733,0.82727
01232,01,2228.53,2228.53,394.658,5.97802,35.261,0.433243,residential,False,-0.269836,False,385.481,118.046,91.2371,72.7539,134.453,118.272,359.272,0.0925626,0.0450231,0.16942,0.234825,0.339429,0.197656,0.299152,0.104604,0.783513
01233,01,1458.2,1458.2,373.086,5.92181,36.5179,0.385088,residential,False,-0.44447,False,138.311,153.245,69.8382,105.161,143.501,338.403,113.483,0.106695,0.0540116,0.193728,0.153346,0.269233,0.190333,0.263436,0.115888,0.827103
01234,01,1391.86,1391.86,279.115,5.63162,37.243,0.461456,residential,False,-0.191437,False,151.802,194.423,164.642,80.2386,199.59,302.994,115.499,0.104555,0.0390069,0.183828,0.169752,0.308402,0.154542,0.303593,0.13865,0.75753
01301,01,1936.85,1936.85,148.787,5.00251,38.3338,0.205481,residential,False,0.153525,False,334.839,187.705,113.147,147.927,206.403,247.451,241.331,0.0856223,0.0397969,0.0892292,0.431777,0.538366,0.170274,0.436355,0.106589,0.694764
01302,01,1405,1405,510.858,6.23609,38.5848,0.361774,residential,False,-0.071628,False,257.303,184.64,153.414,86.4188,165.402,360.147,145.717,0.0963388,0.0539352,0.0962524,0.434323,0.504919,0.173136,0.453778,0.0705958,0.583233
01303,01,1673,1673,449.168,6.1074,38.4349,0.345384,residential,False,-0.646302,False,94.1108,70.915,182.959,73.1368,100.51,209.909,224.557,0.0742519,0.0538513,0.107628,0.41401,0.515488,0.19118,0.40471,0.101478,0.74326
01304,01,1905.57,1905.57,226.409,5.42234,35.139,0.44138,residential,False,0.210965,False,481.953,351.251,190.614,132.296,160.457,184.25,194.015,0.110972,0.0677433,0.22035,0.0690315,0.206737,0.0988969,0.301457,0.137705,0.675913
01305,01,1625,1625,413.364,6.02433,38.8279,0.280923,residential,False,-1.15524,False,116.532,60.3066,195.07,86.7639,84.4744,98.216,52.8273,0.109673,0.0727303,0.0944174,0.347984,0.444215,0.187268,0.364806,0.0962315,0.712194
01306,01,1832,1832,137.529,4.92383,36.8068,0.363719,residential,False,-0.0256671,False,223.968,189.03,173.894,133.04,178.426,261.672,154.18,0.0786951,0.0530585,0.142969,0.264306,0.407863,0.24033,0.24564,0.143557,0.763368
01307,01,1345,1345,337.935,5.82285,36.4126,0.382273,residential,False,-0.838572,False,94.5828,226.612,23.2822,63.0182,140.983,224.5,90.6969,0.0413062,0.0273034,0.153024,0.347804,0.505942,0.249599,0.292535,0.158137,0.806787
01308,01,1878,1878,501.387,6.21738,38.5932,0.322689,residential,False,-0.705334,False,79.3136,183.196,196.952,112.332,104.81,133.141,89.3159,0.0646056,0.0696194,0.0887914,0.432924,0.558376,0.197904,0.388417,0.125452,0.675785
01309,01,1315,1315,497.5,6.2096,36.7817,0.275841,residential,False,-0.44741,False,77.612,125.788,94.3737,140.763,174.627,245.821,139.465,0.0382234,0.0222906,0.162135,0.374877,0.502583,0.295571,0.279664,0.127706,0.839893
01310,01,1571,1571,220.765,5.3971,36.6343,0.27926,residential,False,-0.188878,False,119.519,190.911,156.193,142.038,129.007,352.551,169.591,0.0500835,0.0238718,0.165991,0.319129,0.448488,0.291227,0.243976,0.129358,0.819764
01311,01,1505.59,1505.59,458.534,6.12803,37.1865,0.308506,residential,False,-0.647053,False,75.3915,86.1666,110.143,105.47,117.202,226.237,183.551,0.0472523,0.0332799,0.131637,0.434322,0.541844,0.268103,0.345108,0.107522,0.803749
01312,01,1519,1519,243.274,5.49419,37.5892,0.340666,residential,False,-0.721436,False,188.666,81.004,165.337,80.9277,117.805,88.0757,133.111,0.067879,0.033504,0.147136,0.332329,0.473297,0.252574,0.29477,0.140969,0.791295
01313,01,1385,1385,390.858,5.96835,35.4052,0.424813,residential,False,-0.242018,False,108.856,109.028,117.385,108.775,190.849,285.126,225.126,0.0606597,0.0251813,0.192676,0.228174,0.391122,0.247146,0.234364,0.162947,0.769196
01314,01,1869,1869,346.896,5.84903,35.0002,0.500925,residential,False,-0.222758,False,177.757,156.918,62.6282,106.943,165.408,180.858,329.992,0.0834321,0.0259165,0.182233,0.237152,0.372663,0.210076,0.29274,0.135511,0.723745
01315,01,1521.21,1521.21,347.691,5.85131,36.182,0.322229,residential,False,-0.3995,False,93.3688,145.397,106.716,88.3706,173.848,200.874,198.609,0.061466,0.0282735,0.153145,0.329422,0.481976,0.26567,0.278363,0.152554,0.838553
01316,01,1531,1531,351.323,5.86171,36.6069,0.385011,residential,False,-0.451648,False,409.513,86.0785,143.917,123.733,104.133,63.013,262.609,0.0915333,0.0452844,0.164737,0.231381,0.360966,0.181253,0.306399,0.129584,0.734636
01317,01,1460,1460,297.214,5.69445,35.7995,0.411145,residential,False,-0.267628,False,544.313,69.1553,115.787,66.3686,155.431,104.982,342.502,0.103481,0.0344936,0.256496,0.0217161,0.175725,0.177902,0.203791,0.154008,0.784535
01318,01,1493.2,1493.2,409.242,6.01431,35.8316,0.431818,residential,False,0.0892585,False,364.243,204.08,65.2432,138.636,204.505,304.937,203.816,0.0738006,0.0247721,0.169967,0.288155,0.426513,0.268625,0.263298,0.138357,0.797161
01319,01,1254.29,1254.29,199.795,5.29729,35.1587,0.525502,residential,False,-0.040549,False,204.257,58.8096,147.891,256.082,315.697,121.001,230.83,0.0849277,0.0145742,0.203756,0.15022,0.294999,0.222587,0.216316,0.144779,0.801971
01320,01,1388,1388,164.575,5.10337,33.8743,0.497334,residential,False,-0.331281,False,115.342,176.174,53.2765,98.1907,178.903,269.779,205.066,0.0891047,0.0251519,0.226533,0.0964189,0.261427,0.233118,0.178939,0.165008,0.752329
01321,01,1473.2,1473.2,382.312,5.94624,37.3046,0.357168,residential,False,-0.293949,False,167.604,91.7347,150.48,122.417,168.898,255.129,150.393,0.0701674,0.030837,0.139927,0.3452,0.475599,0.255975,0.299319,0.130399,0.829172
01322,01,1376,1376,373.923,5.92405,35.1723,0.421347,residential,False,-0.215285,False,172.343,96.7913,80.6827,126.775,188.311,274.212,227.805,0.0756755,0.0303196,0.189365,0.226236,0.372625,0.24172,0.249556,0.146389,0.806978
01323,01,2227.93,2227.93,351.04,5.8609,34.2869,0.430363,residential,False,-0.175584,False,115.154,143.159,82.9016,96.6392,151.953,311.858,402.161,0.0712956,0.048501,0.166254,0.269289,0.410079,0.206245,0.300594,0.14079,0.741188
01324,01,1251,1119,91.637,4.51784,34.6428,0.55029,residential,False,-0.147684,False,190.86,154.809,104.53,104.094,170.423,293.254,201.205,0.0566515,0.0199438,0.214377,0.229007,0.358627,0.255765,0.244271,0.12962,0.840258
01325,01,1880.3,1880.3,58.7647,4.07354,34.5817,0.298194,residential,False,0.392105,False,227.272,420.139,107.472,287.968,159.085,385.647,304.377,0.124901,0.0367461,0.347089,-0.179963,-0.0808118,0.128539,0.163488,0.0991508,0.707864
01326,01,2139.04,2130.06,53.189,3.97385,32.9341,0.546439,residential,False,0.291127,False,160.14,510.129,88.1246,206.219,145.344,398.929,365.442,0.118647,0.0421744,0.324351,-0.14374,-0.0132209,0.126581,0.172678,0.130519,0.727567
01327,01,2100.38,2100.38,141.975,4.95565,36.2845,0.338967,residential,False,0.370038,False,208.218,413.055,214.402,195.217,161.85,383.518,250.19,0.110195,0.0460101,0.233574,0.0537218,0.172859,0.144614,0.252876,0.119137,0.66421
01328,01,2107.26,2107.26,193.008,5.26273,35.9688,0.343944,residential,False,-0.420716,False,288.009,63.4802,176.307,48.518,245.918,79.4723,198.812,0.082335,0.0442547,0.212116,0.155516,0.271635,0.173124,0.276843,0.116118,0.657174
01329,01,2089.08,2089.08,150.805,5.01599,36.6592,0.325701,residential,False,-0.441769,False,87.3317,111.426,148.927,149.218,138.47,147.914,221.591,0.0953571,0.0438424,0.180609,0.197368,0.321136,0.20852,0.264814,0.123768,0.720321
01330,01,1834.43,1343.43,236.065,5.46411,35.5805,0.317201,residential,False,-0.146222,False,199.564,94.395,120.527,135.785,154.455,153.946,440.184,0.0541448,0.0618052,0.193317,0.293887,0.394122,0.17268,0.368668,0.100235,0.682597
01331,01,2025.46,2025.46,229.881,5.43756,38.0386,0.268094,residential,False,-0.252984,False,91.1709,239.791,135.481,155.114,170.025,93.3398,278.602,0.0695566,0.0402002,0.171887,0.269302,0.389768,0.207288,0.303457,0.120466,0.755565
01332,01,2045.69,2045.69,243.108,5.4935,37.0018,0.276013,residential,False,0.230746,False,260.083,257.762,80.2866,70.1512,305.916,229.133,395.163,0.0515054,0.0445466,0.151653,0.366045,0.463732,0.260072,0.309131,0.0976872,0.770576
01401,01,1584,1584,374.837,5.92649,38.6497,0.281263,residential,False,-0.361104,False,113.252,112.807,72.1282,85.7808,226.859,254.692,176.756,0.0807449,0.0253335,0.0847382,0.475845,0.584314,0.209823,0.431505,0.108469,0.759216
01402,01,1807,1807,455.716,6.12187,39.3734,0.196398,residential,False,-0.48148,False,105.378,76.9301,260.69,144.959,107.865,213.391,165.359,0.0829019,0.0230251,0.0774896,0.508855,0.600174,0.204903,0.464343,0.0913187,0.686817
01403,01,2086,2086,420.884,6.04236,37.7056,0.343525,residential,False,-0.274581,False,279.49,109.678,127.2,98.462,182.779,55.4957,377.827,0.0689377,0.0367004,0.0996193,0.473163,0.573024,0.171938,0.469782,0.0998609,0.737764
01404,01,1778,1778,45.41,3.81573,37.1149,0.350406,residential,False,-0.20904,False,132.315,76.2236,125.093,147.399,159.551,160.081,483.254,0.0681606,0.0344513,0.0887095,0.484193,0.594142,0.204402,0.436661,0.109949,0.746238
01405,01,1613,1613,162.616,5.09139,38.0301,0.390597,residential,False,-0.464807,False,134.793,104.166,111.074,86.5477,117.056,298.745,188.025,0.0847528,0.0398228,0.0909523,0.46176,0.553793,0.184089,0.453375,0.0920331,0.743858
01406,01,1420,1420,464.925,6.14188,39.518,0.209172,residential,False,-0.74787,False,58.4797,169.578,144.331,222.928,118.405,114.516,72.7855,0.0657835,0.0202551,0.0719847,0.568058,0.662482,0.18663,0.519197,0.0944236,0.740899
01407,01,2232.01,2226.01,107.607,4.67849,39.5839,0.228306,residential,False,0.212101,False,581.592,177.086,253.522,167.902,138.393,229.374,214.082,0.0712831,0.0327984,0.105071,0.445882,0.541608,0.235775,0.386461,0.0957254,0.750344
01408,01,1423,1423,90.465,4.50496,38.7687,0.201998,residential,False,-0.320705,False,401.083,70.4753,367.36,39.294,228.573,98.7049,140.683,0.0538951,0.0269476,0.107739,0.46179,0.564889,0.214579,0.408845,0.103099,0.76081
01409,01,2238,2238,421.117,6.04291,38.9729,0.400319,residential,False,-0.291326,False,381.102,79.4105,200.789,110.859,118.314,190.251,166.842,0.0596494,0.0432062,0.0911941,0.504288,0.594055,0.20354,0.451591,0.0897669,0.742999
01410,01,1825,1825,528.504,6.27005,39.5231,0.282041,residential,False,-0.0288608,False,285.686,87.892,422.691,130.51,205.561,140.826,180.512,0.0490101,0.0482953,0.0890711,0.481333,0.591132,0.216402,0.403012,0.109798,0.764854
01411,01,1759,1759,350.196,5.85849,38.1469,0.391433,residential,False,-0.342145,False,405.711,105.798,409.683,75.4035,183.801,74.7421,93.9093,0.065993,0.0591822,0.0954829,0.442629,0.550431,0.210391,0.393714,0.107802,0.702425
01412,01,1761,1761,417.915,6.03528,38.3646,0.344022,residential,False,-0.611889,False,150.677,59.9908,81.3743,89.8772,386.12,27.7952,207.3,0.0525617,0.0438931,0.10776,0.477304,0.586914,0.254823,0.382803,0.109609,0.797411
01413,01,2604,2604,500.908,6.21642,38.5121,0.38084,residential,False,0.146192,False,491.85,66.6042,337.744,125.387,174.329,372.372,201.513,0.0719009,0.0372504,0.0766264,0.482732,0.610619,0.184678,0.446582,0.127887,0.694183
01414,01,1846,1723,165.5,5.10897,36.9008,0.406254,residential,False,-0.0853039,False,185.593,109.443,126.813,168.982,121.195,295.956,368.336,0.0969494,0.0595128,0.137069,0.28562,0.397332,0.185079,0.33456,0.111712,0.666392
01415,01,1484,1484,352.946,5.86631,35.6011,0.515115,residential,False,-0.791389,False,240.576,97.7104,21.7704,17.019,247.628,100.609,220.084,0.0711124,0.0450792,0.0952598,0.458742,0.563768,0.228701,0.396413,0.105026,0.782246
01416,01,1448,1448,407.773,6.01071,38.1104,0.388054,residential,False,-0.161714,False,233.153,81.1081,137.278,35.3752,315.452,156.597,327.797,0.0541587,0.0332177,0.0811285,0.529108,0.643515,0.212324,0.452071,0.114407,0.705096
01417,01,1714,1714,509.512,6.23345,39.3898,0.293554,residential,False,-0.596564,False,86.6761,133.83,137.644,286.625,87.9894,101.888,178.674,0.0703179,0.0447741,0.104202,0.445011,0.528094,0.233975,0.385556,0.0830829,0.767968
01418,01,1855,1855,448.636,6.10621,39.2418,0.339712,residential,False,-0.289887,False,160.529,89.1248,301.187,190.958,98.8301,202.67,204.476,0.054075,0.0416363,0.131487,0.386366,0.512292,0.207273,0.364655,0.125926,0.740118
01419,01,1766,1766,340.38,5.83006,39.28,0.389655,residential,False,-0.84328,False,451.027,51.8355,117.329,0,199.34,400.601,206.854,0.0938773,0.0382551,0.0740163,0.481874,0.55363,0.217477,0.43229,0.071756,0.6945
01420,01,1891,1891,434.36,6.07387,37.7868,0.369416,residential,False,-0.0611127,False,222.068,128.69,125.396,186.413,156.435,305.576,191.454,0.0761236,0.0395402,0.115579,0.388884,0.518023,0.267769,0.312818,0.129139,0.776464
01421,01,1934,1934,366.993,5.90534,41.4758,0.234713,residential,False,-0.0141005,False,655.862,60.5565,214.738,107.34,109.025,498.498,207.516,0.0786664,0.0577826,0.0811768,0.476268,0.545843,0.203499,0.432613,0.0695747,0.667289
01422,01,2214,2214,366.014,5.90267,38.3101,0.31947,residential,False,-0.0595944,False,256.148,142.886,209.165,221.303,105.866,299.699,181.784,0.0566106,0.0433373,0.0946012,0.475167,0.589302,0.185053,0.441325,0.114136,0.692844
01423,01,1914,1914,516.918,6.24788,38.5724,0.268649,residential,False,-0.310182,False,192.011,60.5991,299.301,144.932,142.39,420.163,84.8931,0.0696449,0.062533,0.0957061,0.473458,0.552871,0.18735,0.451459,0.0794139,0.711343
01424,01,2090,2090,530.041,6.27295,38.8873,0.340983,residential,False,-0.505512,False,314.924,80.5346,119.805,74.0377,126.347,247.224,106.859,0.0739541,0.0299603,0.100443,0.455325,0.56651,0.195566,0.434156,0.111185,0.665864
01425,01,2036,2036,400.447,5.99258,38.3309,0.275188,residential,False,-0.501557,False,249.47,142.303,268.262,123.493,87.7959,130.671,100.282,0.0741909,0.0341813,0.0971318,0.438723,0.561133,0.21244,0.397605,0.122411,0.671091
01426,01,2138,2138,369.353,5.91175,38.1744,0.383609,residential,False,-0.488036,False,201.153,93.0611,164.624,84.522,208.884,49.1485,199.377,0.0742759,0.0450197,0.108416,0.423891,0.521769,0.224471,0.382112,0.0978785,0.74634
01427,01,1726,1726,400.148,5.99183,37.3593,0.426291,residential,False,-0.0521063,False,187.531,93.818,204.574,174.894,123.984,232.9,402.759,0.10243,0.0454367,0.131792,0.302179,0.404696,0.173917,0.362485,0.102517,0.709745
01428,01,1670,1670,129.124,4.86077,37.3116,0.426317,residential,False,0.140238,False,229.002,117.935,318.804,160.589,192.146,369.084,176.952,0.0772725,0.0450686,0.0989583,0.414108,0.549688,0.195176,0.395163,0.13558,0.664063
01429,01,1710,1710,328.893,5.79573,37.8692,0.342452,residential,False,-0.227866,False,160.841,128.703,71.8867,163.615,274.73,233.869,105.22,0.0617196,0.0337193,0.102095,0.443168,0.571356,0.251827,0.355155,0.128189,0.741501
01430,01,1476,1476,323.885,5.78039,38.354,0.278523,residential,False,-0.671485,False,127.954,110.366,136.937,172.53,161.326,74.997,82.7343,0.0610033,0.0217532,0.121194,0.442901,0.542934,0.247606,0.377492,0.100033,0.817099
01501,01,1534.3,1534.3,161.592,5.08507,37.1357,0.545101,residential,False,0.184021,False,258.714,351.288,92.4658,88.3355,172.131,291.041,380.851,0.181195,0.0353502,0.269048,-0.184714,-0.0186457,0.0669567,0.198573,0.166068,0.669398
01502,01,1579.13,932.131,210.823,5.35102,35.9207,0.519525,residential,False,0.514041,False,422.493,276.459,161.158,321.715,186.378,454.349,208.163,0.144752,0.0383544,0.236207,-0.0279247,0.126439,0.0687992,0.284236,0.154363,0.672399
01503,01,1536.29,1533.29,181.139,5.19926,34.8853,0.535062,residential,False,0.121924,False,258.794,164.793,47.0086,306.11,183.539,205.887,426.093,0.133522,0.0506233,0.187929,0.0752989,0.229999,0.110055,0.286695,0.1547,0.703104
01504,01,1587,1457,13.9571,2.63599,35.437,0.537583,residential,False,0.715423,False,489.583,360.726,101.637,120.515,269.951,314.631,720.846,0.201801,0.0433818,0.160305,0.00986844,0.144784,0.0994307,0.272544,0.134916,0.672168
01505,01,1600.93,1600.93,219.14,5.38971,36.1078,0.51109,residential,False,0.103244,False,265.69,169.282,155.125,101.928,125.039,236.464,604.306,0.151488,0.0435081,0.15465,0.114441,0.263111,0.110729,0.309849,0.14867,0.754479
01506,01,1913.25,1913.25,238.435,5.4741,36.2252,0.436165,residential,False,0.0150188,False,116.288,221.263,133.321,148.16,160.813,138.325,607.788,0.176005,0.0694953,0.161831,0.0650959,0.196504,0.0804562,0.322476,0.131408,0.626916
01507,01,1488.14,1488.14,324.088,5.78101,36.4774,0.484299,residential,False,0.0438065,False,92.1346,297.145,243.387,222.17,77.2573,290.075,533.414,0.149733,0.0446804,0.177876,0.127518,0.22634,0.096268,0.358859,0.0988213,0.638182
01508,01,1402.55,1402.55,163.623,5.09757,38.4911,0.444812,residential,False,-0.077228,False,393.336,169.992,74.8573,42.8231,187.698,320.662,253.422,0.24511,0.0734097,0.116791,0.0257853,0.138585,0.0681432,0.319543,0.1128,0.617466
01509,01,1807.86,1807.86,258.437,5.55465,36.8118,0.46034,residential,False,0.319422,False,293.43,227.354,190.066,213.129,133.152,175.184,652.788,0.179816,0.0380571,0.179824,0.0392064,0.174,0.103916,0.29493,0.134794,0.691869
01510,01,1339,1339,142.766,4.96121,36.4406,0.516844,residential,False,0.140766,False,272.861,242.982,38.183,90.9074,341.193,129.664,500.739,0.254307,0.0609762,0.134502,-0.0807697,0.0718536,0.0539185,0.254121,0.152623,0.638419
01511,01,2013.82,2013.82,135.877,4.91175,39.3465,0.296358,residential,False,-0.516568,False,153.857,143.675,229.061,76.3586,189.941,247.956,39.7253,0.145012,0.0591284,0.0918106,0.277201,0.39305,0.0795238,0.4345,0.115848,0.590301
01512,01,1726,1682,162.171,5.08865,35.299,0.522585,residential,False,-0.0522976,False,260.055,104.494,82.7573,174.115,138.067,146.956,630.153,0.146832,0.0308713,0.107432,0.229914,0.354596,0.116732,0.367446,0.124682,0.618234
01513,01,1582,1582,528.571,6.27018,36.2111,0.283727,residential,False,-0.332156,False,137.422,65.763,148.312,276.782,139.381,65.6097,465.586,0.109103,0.030071,0.120488,0.29637,0.431102,0.124981,0.40098,0.134732,0.712046
01514,01,1926.66,1926.66,226.581,5.4231,35.8855,0.468568,residential,False,-0.20213,False,99.8805,145.242,125.051,157.096,200.382,172.329,236.349,0.14264,0.0464256,0.104538,0.261219,0.385638,0.0978344,0.410562,0.12442,0.597774
01515,01,1624,1624,349.227,5.85572,37.6694,0.332199,residential,False,-0.640304,False,168.436,59.9555,95.7036,188.645,119.63,50.8635,316.625,0.090888,0.0297463,0.115093,0.385786,0.50313,0.164792,0.426975,0.117344,0.68724
01516,01,1653,1602,129.385,4.86279,36.1302,0.378675,residential,False,-0.569992,False,82.3342,121.961,190.017,102.131,141.223,56.4134,305.8,0.166449,0.0415631,0.150657,0.0946149,0.254964,0.124832,0.286889,0.160349,0.530313
01517,01,1616,1616,402.38,5.9974,37.5657,0.369834,residential,False,-0.417143,False,117.292,186.376,267.78,34.3501,222.698,96.1434,169.444,0.0624186,0.0463002,0.0850452,0.487615,0.599759,0.154099,0.48098,0.112144,0.738549
01518,01,2101,1561,393.604,5.97535,38.8466,0.329593,residential,False,-0.497864,False,101.094,61.7309,114.296,272.667,128.89,175.915,187.677,0.0963408,0.0254484,0.117274,0.359084,0.485159,0.15195,0.420748,0.126076,0.719483
01519,01,1622,1622,360.445,5.88734,38.3916,0.315482,residential,False,-0.161596,False,97.4952,100.584,243.969,227.458,150.942,245.511,219.374,0.103423,0.0340777,0.0940807,0.38961,0.506429,0.15916,0.427954,0.116819,0.663836
01520,01,2029,2029,288.717,5.66545,39.2532,0.226146,residential,False,-0.240352,False,194.507,72.3557,266.672,78.7126,215.729,120.865,246.324,0.0688786,0.0406046,0.0779486,0.517691,0.608696,0.169858,0.49466,0.0910045,0.706689
01521,01,1810,1810,434.038,6.07313,36.3616,0.362531,residential,False,0.279552,False,301.677,114.571,196.814,110.615,200.684,425.062,381.315,0.130542,0.0235523,0.0965782,0.320857,0.432019,0.151566,0.396412,0.111162,0.652071
01522,01,1497,1497,380.487,5.94145,35.1681,0.405805,residential,False,0.166529,False,304.942,106.82,141.495,98.8678,185.697,336.678,457.262,0.155844,0.036729,0.126857,0.187715,0.307451,0.139597,0.330819,0.119737,0.677556
01523,01,1737,1737,282.296,5.64296,37.7746,0.357763,residential,False,-0.136176,False,232.435,80.5764,239.039,166.802,221.335,86.0647,241.658,0.112761,0.0470257,0.0845421,0.409209,0.497932,0.149303,0.457208,0.0887232,0.66722
01524,01,1412,1412,314.954,5.75243,37.3804,0.482237,residential,False,0.212533,False,285.72,54.6889,450.934,63.5506,296.949,430.28,262.603,0.0892829,0.0463341,0.0925434,0.397336,0.500401,0.16498,0.414183,0.103065,0.696943
01525,01,1846.06,1846.06,448.639,6.10622,39.6513,0.259495,residential,False,-0.345061,False,105.247,75.1621,364.404,223.973,104.265,380.035,114.116,0.0879629,0.046378,0.0990491,0.422103,0.519753,0.167615,0.4415,0.0976498,0.676076
01526,01,2134,2134,395.409,5.97992,38.5059,0.256979,residential,False,-0.208154,False,128.75,208.183,287.291,273.394,128.716,185.712,99.2004,0.0626365,0.0503043,0.0667723,0.524239,0.618911,0.144985,0.508663,0.0946719,0.595102
01527,01,1161,1161,152.519,5.02729,36.1171,0.518448,residential,False,0.095491,False,503.346,15.054,249.268,59.8307,252.977,481.137,499.93,0.119443,0.0527391,0.184742,0.110779,0.262701,0.134114,0.28085,0.151922,0.70266
01528,01,1640.94,1640.94,633.028,6.45051,39.8217,0.240396,residential,False,-0.413597,False,93.2947,63.7777,429.744,78.769,112.02,247.353,263.455,0.0628791,0.0372963,0.0713538,0.524637,0.618684,0.189018,0.469852,0.0940465,0.747263
01529,01,1570,1564,157.516,5.05953,35.9906,0.491464,residential,False,0.42695,False,337.866,187.134,256.306,151.382,140.999,316.309,627.441,0.0819157,0.0252692,0.183495,0.247167,0.384705,0.186013,0.326565,0.137538,0.737324
01530,01,1602,1602,587.309,6.37555,39.4357,0.247192,residential,False,-0.0289514,False,243.501,73.2553,341.843,91.4736,154.166,197.428,410.552,0.068757,0.0469343,0.0625379,0.526626,0.614368,0.181796,0.476125,0.0877422,0.721191
01601,01,1559.87,1272.96,90.2497,4.50258,38.5181,0.255479,residential,False,0.164375,False,479.528,167.342,100.992,158.721,170.128,169.813,384.961,0.0752196,0.0620133,0.0595839,0.509344,0.599545,0.178035,0.466112,0.0902012,0.654677
01602,01,1804.27,1804.23,356.632,5.8767,34.9157,0.452332,residential,False,-0.364715,False,191.691,107.554,69.9614,41.9298,232.466,166.864,270.139,0.116209,0.0630476,0.119075,0.266717,0.395226,0.145119,0.356882,0.128509,0.696426
01603,01,1677,1677,298.198,5.69776,36.1443,0.409179,residential,False,-0.472424,False,156.04,92.2996,118.402,133.706,124.356,120.638,244.929,0.0958531,0.0267639,0.0960381,0.443019,0.538586,0.179128,0.455781,0.0955671,0.744602
01604,01,1582.57,1579.69,353.21,5.86706,34.7956,0.518663,residential,False,0.158522,False,332.259,206.991,53.8083,53.8119,311.458,569.584,201.682,0.104746,0.0323119,0.0986462,0.4216,0.493929,0.181404,0.443588,0.0723293,0.667333
01605,01,2152.92,2149.82,323.729,5.77991,34.9746,0.419517,residential,False,-0.424829,False,255.033,50.0844,71.8831,85.6117,162.899,335.315,175.199,0.126239,0.0436717,0.0816812,0.360141,0.462607,0.120587,0.447475,0.102465,0.647139
01606,01,2120.82,2120.77,367.434,5.90654,35.374,0.426076,residential,False,-0.815927,False,487.645,16.087,72.9879,43.5756,114.054,201.351,205.577,0.128343,0.0670206,0.0824951,0.368424,0.463525,0.0897128,0.489549,0.0951007,0.549155
01607,01,1774,1774,535.496,6.28319,37.9213,0.326968,residential,False,-0.631108,False,411.984,116.111,82.3932,128.174,139.993,12.0228,330.634,0.0755743,0.034317,0.052673,0.574473,0.659225,0.172931,0.529789,0.0847523,0.679085
01608,01,2054,2054,436.715,6.07928,38.7654,0.367992,residential,False,-0.455927,False,109.068,166.816,256.264,28.5348,164.601,134.022,234.406,0.0589095,0.0492454,0.0630257,0.587097,0.652896,0.125753,0.583279,0.0657997,0.614195
01609,01,1877,1877,270.244,5.59932,37.9783,0.38123,residential,False,-0.530788,False,122.683,77.3637,145.096,53.8238,175.503,89.1998,346.847,0.0628856,0.0430387,0.0430387,0.651305,0.705865,0.148517,0.608712,0.0545603,0.561861
01610,01,1790.62,1699.9,400.439,5.99256,36.2939,0.35998,residential,False,0.12822,False,343.416,149.798,55.6637,106.617,174.989,378.353,457.242,0.0665977,0.0423754,0.0485535,0.585243,0.668434,0.126551,0.573843,0.0831917,0.633772
01611,01,2499,2499,330.354,5.80017,37.6291,0.369206,residential,False,-0.780529,False,244.042,110.203,65.9155,80.5024,114.387,69.8182,149.867,0.0549241,0.0662896,0.0505193,0.592746,0.663223,0.14525,0.552939,0.0704769,0.60211
01612,01,1552.34,1552.32,336.11,5.81744,35.0643,0.482501,residential,False,0.236853,False,357.43,96.729,92.9803,60.7845,303.357,390.432,454.693,0.0621747,0.0417447,0.0474855,0.613482,0.670354,0.161345,0.561797,0.0568719,0.693808
01613,01,2000,2000,400.764,5.99337,36.9731,0.42815,residential,False,-0.354861,False,163.292,105.277,135.275,70.4132,148.269,201.181,250.132,0.0804852,0.0434562,0.059082,0.544592,0.625757,0.129132,0.555028,0.0811644,0.619719
01614,01,2153,2153,381.482,5.94406,37.8121,0.396475,residential,False,-1.13531,False,115.866,39.8357,6.3064,55.5388,110.633,223.093,320.404,0.067344,0.0756024,0.0745534,0.511296,0.595156,0.107646,0.545547,0.0838608,0.675829
01615,01,2246.96,2241,397.397,5.98494,37.2707,0.392551,residential,False,-0.329042,False,193.742,61.735,87.9932,193.213,117.858,224.415,311.051,0.068246,0.0249203,0.0515652,0.597234,0.677149,0.152971,0.564074,0.0799154,0.586753
01616,01,2643.04,2643,235.496,5.4617,38.8737,0.328129,residential,False,-0.856433,False,160.259,57.9317,89.5036,36.2611,204.34,73.5019,151.838,0.0293625,0.0564859,0.0503891,0.675491,0.747045,0.161189,0.594053,0.071554,0.592865
01617,01,2195,2195,317.687,5.76107,38.2729,0.34203,residential,False,-0.372232,False,220.741,69.7259,91.6718,78.1675,173.938,127.399,349.069,0.0450279,0.029425,0.069001,0.591365,0.668612,0.178249,0.527144,0.0772476,0.617105
01618,01,1732,1732,557.689,6.3238,37.1965,0.290854,residential,False,-0.461464,False,116.976,60.0812,64.0466,61.9688,211.239,183.832,376.721,0.0587658,0.0255168,0.0670626,0.54303,0.649799,0.172148,0.496711,0.106769,0.726864
01619,01,1869,1869,330.104,5.79941,38.905,0.350033,residential,False,-1.17541,False,99.0532,65.9534,50.9073,50.9326,213.738,26.4286,132.152,0.0589431,0.0468302,0.0786913,0.490803,0.625954,0.167651,0.460787,0.135151,0.687836
01620,01,1302.23,975.389,282.361,5.64319,36.9754,0.369891,residential,False,-0.133301,False,103.263,123.976,129.806,72.1543,220.402,247.361,378.447,0.163852,0.0329094,0.114976,0.233268,0.333321,0.159166,0.352931,0.100053,0.745772
01621,01,2333,2333,348.185,5.85273,40.3836,0.307343,residential,False,0.115566,False,248.089,198.83,94.1192,191.695,165.753,235.633,342.495,0.0879802,0.063076,0.0718227,0.488891,0.569553,0.159624,0.48907,0.0806614,0.692586
01622,01,2299,2299,540.791,6.29303,40.7285,0.264051,residential,False,-0.248976,False,156.145,132.293,157.396,186.251,154.373,168.601,166.257,0.061743,0.0300488,0.0543496,0.589767,0.672756,0.156902,0.548957,0.0829892,0.686488
01623,01,2627,2627,393.356,5.97472,38.0539,0.439731,residential,False,-0.333017,False,171.935,92.3237,206.76,153.745,121.423,125.154,256.445,0.0904478,0.0649773,0.111453,0.413514,0.489552,0.133011,0.482403,0.0760381,0.542898
01624,01,1831,1831,432.633,6.06989,36.9028,0.421321,residential,False,-0.279149,False,88.4153,82.7578,223.628,118.911,247.824,213.713,152.927,0.0843665,0.0372113,0.120992,0.386791,0.48611,0.17398,0.41817,0.0993188,0.63697
01625,01,2400,2400,533.603,6.27965,38.1821,0.374513,residential,False,-0.652755,False,65.3269,53.659,147.793,84.8715,139.419,257.172,198.737,0.0515647,0.0619344,0.0463088,0.603108,0.699837,0.137782,0.5632,0.0967287,0.641245
01626,01,2229.98,2229.98,128.482,4.85579,39.7463,0.258053,residential,False,-0.164832,False,249.563,132.158,139.105,187.434,153.191,144.042,198.704,0.0815033,0.0427743,0.0887822,0.448496,0.561701,0.138484,0.480298,0.113205,0.630037
01627,01,1980,1980,422.905,6.04715,38.3392,0.370041,residential,False,-0.741454,False,118.057,146.123,45.4964,64.8656,121.797,284.336,106.665,0.0651582,0.0459572,0.0480357,0.608897,0.698403,0.120419,0.601671,0.089506,0.57201
01628,01,1913,1913,311.304,5.74077,37.8212,0.356634,residential,False,-0.236099,False,181.021,168.411,111.855,195,203.982,126.553,128.144,0.0536989,0.0347175,0.0771538,0.553655,0.648141,0.18606,0.498447,0.0944863,0.684675
01629,01,2073,2073,275.427,5.61832,38.0081,0.384696,residential,False,-0.713179,False,274.796,82.0325,70.6628,56.1247,120.845,132.468,152.691,0.091382,0.0517286,0.0780666,0.461888,0.552082,0.131432,0.499905,0.0901934,0.624209
01630,01,1945.02,1945.02,337.901,5.82275,37.4632,0.427103,residential,False,-0.471419,False,399.498,210.539,165.077,2.09109,144.769,227.465,317.488,0.11395,0.0513888,0.0699051,0.433285,0.526033,0.131507,0.485633,0.092748,0.600531
01701,01,1802,1802,630.563,6.44661,38.6283,0.286194,residential,False,-0.546026,False,129.162,76.5839,75.3558,104.904,112.28,179.391,326.791,0.0752921,0.0304112,0.0846402,0.496558,0.583317,0.155398,0.501092,0.0867589,0.633824
01702,01,1359,1359,575.945,6.35601,38.6819,0.264302,residential,False,-0.358438,False,187.194,63.5583,131.851,53.5905,249.04,123.543,282.726,0.0587657,0.0333146,0.081935,0.516885,0.616935,0.161518,0.496068,0.100049,0.747201
01703,01,2341.45,2341.45,469.194,6.15102,36.3455,0.386186,residential,False,0.00125748,False,345.636,150.329,233.047,37.2946,245.578,229.739,202.535,0.0501056,0.0729145,0.115655,0.372756,0.495644,0.185586,0.35293,0.122888,0.666127
01704,01,2455,2455,433.869,6.07274,37.2298,0.277194,residential,False,-0.728593,False,218.011,43.3407,60.2834,81.0017,131.414,187.925,164.948,0.0703078,0.0442612,0.094316,0.491195,0.579859,0.156694,0.499125,0.0886641,0.591462
01705,01,2107,2107,513.878,6.24199,36.9579,0.450232,residential,False,-0.934392,False,100.042,74.6049,118.509,48.4152,133.718,95.5298,136.847,0.0858967,0.0878555,0.085933,0.404527,0.509903,0.0819066,0.49445,0.105376,0.545903
01706,01,1940,1940,100.924,4.61437,37.8242,0.210772,residential,False,-0.45084,False,216.673,102.301,115.723,67.5354,97.6291,260.168,232.401,0.0925842,0.0887961,0.11168,0.335945,0.437894,0.136025,0.404184,0.10195,0.619506
01707,01,1673,1639,454.088,6.11829,36.8389,0.315734,residential,False,-0.569282,False,127.459,104.066,92.8609,134.178,184.393,46.0915,251.797,0.0840295,0.0412399,0.0963045,0.412361,0.534172,0.12668,0.466015,0.121812,0.691248
01708,01,2112,2112,444.144,6.09615,37.5894,0.372583,residential,False,-0.699663,False,123.324,45.4307,163.37,41.9647,165.243,156.689,198.881,0.0805794,0.0307946,0.097867,0.445612,0.554076,0.163803,0.460256,0.108463,0.688268
01709,01,1445.83,1445.83,415.85,6.03032,35.4068,0.451784,residential,False,-0.701884,False,443.764,17.2004,74.3178,32.6714,117.757,259.29,316.66,0.098457,0.0839908,0.0788941,0.379013,0.488319,0.136564,0.4198,0.109307,0.608181
01710,01,1807,1807,217.766,5.38342,37.6069,0.427042,residential,False,-0.383276,False,263.82,176.643,200.573,71.5719,119.326,63.2661,269.684,0.152913,0.0694175,0.0941748,0.258252,0.384466,0.0961165,0.409223,0.126214,0.664202
01711,01,2314,2314,264.096,5.57631,36.5067,0.406121,residential,False,-0.780236,False,129.167,136.57,63.8076,54.9792,119.512,107.186,187.567,0.0398586,0.082119,0.0842768,0.518608,0.618248,0.166372,0.476371,0.0996405,0.628994
01712,01,2311,2233,239.026,5.47657,37.7647,0.224918,residential,False,-0.63019,False,111.79,135.52,139.123,140.856,133.982,153.562,77.1678,0.0710702,0.0404067,0.0834306,0.478155,0.592232,0.158568,0.474087,0.114077,0.64891
01713,01,1854,1854,355.938,5.87476,36.2209,0.463322,residential,False,-0.317501,False,348.111,136.657,138.859,32.5366,119.668,157.547,356.692,0.138425,0.0770535,0.0771383,0.305586,0.42799,0.140714,0.380436,0.122404,0.669531
01714,01,2018,1916,325.376,5.78498,37.2658,0.288343,residential,False,-0.31181,False,207.417,216.211,89.9652,68.1972,148.955,199.007,180.369,0.0767746,0.0536485,0.100754,0.438707,0.535017,0.156865,0.45937,0.0963101,0.66827
01715,01,1959,1959,394.344,5.97722,37.3564,0.359262,residential,False,-0.455593,False,128.151,257.18,178.784,135.788,126.919,152.194,80.143,0.128873,0.0746479,0.0809859,0.371127,0.460563,0.0591549,0.521831,0.0894366,0.522939
01716,01,2309.11,2309.11,497.594,6.20979,37.9561,0.348537,residential,False,-0.846527,False,108.011,63.5441,75.9022,89.5959,168.184,68.3219,171.158,0.0826077,0.028551,0.0571064,0.55601,0.636401,0.169846,0.525877,0.0803914,0.656918
01717,01,1657.35,1657.35,323.118,5.77802,35.5476,0.444896,residential,False,-0.502717,False,338.653,255.405,40.7834,56.0559,86.9143,113.669,319.693,0.127373,0.0890503,0.118414,0.233958,0.340037,0.113537,0.366209,0.106079,0.668953
01718,01,1832.89,1832.89,345.729,5.84566,37.757,0.362963,residential,False,-0.604317,False,280.509,77.0026,65.411,74.7319,162.425,71.2177,230.369,0.0756345,0.0501034,0.0619073,0.523592,0.602041,0.205089,0.456045,0.0784486,0.743289
01719,01,2326,2326,194.909,5.27253,38.1673,0.238477,residential,False,-0.434142,False,141.519,63.334,106.804,130.128,158.079,185.619,225.363,0.0595493,0.0284801,0.0648902,0.547701,0.648214,0.188048,0.484093,0.100512,0.681529
01720,01,1954,1954,521.496,6.2567,38.6741,0.319863,residential,False,-0.778129,False,352.44,63.7461,145.938,139.265,98.7997,152.451,45.5839,0.0598601,0.0327793,0.078264,0.533881,0.613581,0.207502,0.464502,0.0797003,0.752208
01721,01,1348,1348,317.259,5.75972,36.1319,0.431989,residential,False,-0.230567,False,129.834,127.076,92.7656,57.9036,247.939,261.625,236.662,0.107125,0.0483084,0.135338,0.277812,0.407879,0.148578,0.371698,0.130067,0.66286
01722,01,2128,2128,586.918,6.37488,38.4945,0.324863,residential,False,-0.460653,False,138.798,118.654,55.0627,99.4824,125.683,369.878,179.335,0.0596834,0.0353942,0.0759209,0.53366,0.63716,0.23637,0.432894,0.1035,0.744198
01723,01,1616,1616,514.449,6.2431,37.0306,0.363622,residential,False,-0.360652,False,468.832,107.537,105.54,112.89,117.266,132.188,168.182,0.0886858,0.0378555,0.0673816,0.459798,0.592338,0.200233,0.415632,0.13254,0.714073
01724,01,1798,1798,587.113,6.37522,38.9134,0.267474,residential,False,-0.134788,False,171.597,49.9271,143.572,207.567,184.342,489.449,169.779,0.060159,0.0276992,0.0669995,0.56419,0.650899,0.231959,0.459389,0.0867089,0.780049
01725,01,2303,2303,392.161,5.97167,35.9315,0.395774,residential,False,-0.730606,False,186.299,68.954,21.5892,57.2844,141.242,140.262,357.899,0.0602576,0.0371301,0.103089,0.475022,0.584219,0.158127,0.480242,0.109197,0.597948
01726,01,1342,1342,555.591,6.32003,38.1372,0.315794,residential,False,-0.116707,False,131.827,58.3305,186.398,90.6757,213.503,567.594,216.386,0.0582877,0.0216393,0.0633649,0.57963,0.689647,0.21627,0.485013,0.110016,0.730285
01727,01,1590,1590,470.389,6.15356,35.7368,0.401548,residential,False,-0.388072,False,115.2,138.643,75.9333,148.615,158.722,121.605,273.223,0.110434,0.056617,0.0901159,0.349764,0.48352,0.124623,0.425691,0.133755,0.603076
01728,01,2998,2281,372.837,5.92114,36.9397,0.44952,residential,False,-0.61056,False,90.4075,158.774,99.0196,137.38,90.0043,90.6075,314.27,0.0877655,0.0939151,0.0891102,0.378489,0.483017,0.132089,0.423276,0.104527,0.609682
01729,01,1661,1661,286.634,5.6582,37.8073,0.451327,residential,False,-0.0973761,False,295.117,185.249,158.076,83.096,131.569,86.0223,546.914,0.132792,0.0546805,0.153457,0.171693,0.316577,0.0928284,0.365114,0.144884,0.651095
01730,01,1678.58,1678.58,326.245,5.78765,35.7939,0.414711,residential,False,-0.249984,False,231.098,100.031,78.4851,74.1881,142.511,218.776,409.201,0.130648,0.051377,0.130271,0.216204,0.358297,0.0963487,0.380774,0.142094,0.61446
01731,01,1528.51,1528.51,169.671,5.13386,38.1301,0.319161,residential,False,-0.511257,False,203.158,70.9691,62.5363,40.005,158.729,123.452,497.005,0.111969,0.0602281,0.120915,0.271057,0.403972,0.0990269,0.404914,0.132914,0.648673
02101,02,1959.22,1959.21,152.18,5.02507,38.3324,0.194318,residential,False,0.187903,False,437.436,191.143,46.8687,126.125,180.674,261.392,503.977,0.0544794,0.0242131,0.162228,0.306295,0.435835,0.299031,0.223971,0.12954,0.838057
02102,02,3027.32,3027.32,285.651,5.65477,35.8866,0.349317,residential,False,-0.0594163,False,232.062,140.947,148.466,107.558,151.417,225.045,309.775,0.0730122,0.0958537,0.11557,0.315601,0.450965,0.121632,0.382551,0.135364,0.633307
02103,02,2924.28,2924.28,195.528,5.2757,35.3875,0.297231,residential,False,-0.999554,False,111.51,84.4668,71.295,61.6116,93.2485,125.766,137.372,0.0741435,0.0663789,0.0971589,0.417508,0.526409,0.165486,0.423325,0.108901,0.685751
02104,02,1546.65,1546.65,203.817,5.31722,36.2523,0.360598,residential,False,-0.366678,False,248.13,80.3373,99.265,82.4432,200.325,78.6232,319.032,0.0516129,0.0219355,0.0890323,0.499355,0.615484,0.232258,0.407742,0.116129,0.819517
02105,02,1354.35,1354.35,298.236,5.69789,36.1681,0.41568,residential,False,-0.405776,False,139.633,84.6438,81.1042,97.7501,202.872,193.705,196.224,0.0454545,0.0495868,0.126722,0.433884,0.550964,0.298898,0.307163,0.11708,0.817168
02106,02,1359.85,1359.85,384.054,5.95078,35.6192,0.296752,residential,False,-0.683511,False,137.401,210.446,82.2625,56.9452,131.814,171.119,90.1261,0.0145278,0.0217918,0.0738499,0.659806,0.75908,0.400726,0.347458,0.0992736,0.895022
02107,02,1789.72,1789.72,250.192,5.52223,36.6623,0.296229,residential,False,-0.793967,False,93.7629,88.3132,133.962,47.0938,171.674,153.803,98.2435,0.09315,0.0770831,0.10284,0.341336,0.445771,0.13658,0.400747,0.104435,0.600311
02108,02,2429.05,2429.05,220.767,5.39711,37.296,0.373558,residential,False,-0.453569,False,114.107,104.11,156.631,94.5837,188.428,98.4911,211.051,0.0852371,0.112507,0.12316,0.325784,0.419852,0.103251,0.430931,0.0940679,0.596205
02109,02,1781,1781,285.056,5.65268,36.3665,0.372483,residential,False,-0.930419,False,87.4508,47.9682,67.7974,66.0395,126.245,175.932,168.572,0.0739158,0.0947043,0.0799231,0.435251,0.541894,0.103924,0.485167,0.106643,0.601463
02110,02,2192.62,2192.62,124.395,4.82346,38.2047,0.240997,residential,False,-0.534536,False,156.314,123.769,72.4548,100.868,131.374,212.601,142.325,0.0538816,0.0659006,0.152076,0.339402,0.443605,0.19476,0.350599,0.104204,0.64361
02111,02,1964,1964,501.733,6.21807,34.1417,0.467147,residential,False,-1.75329,False,81.8487,219.396,0,18.4832,109.767,117.093,108.049,0.0628517,0.102129,0.100956,0.426687,0.511723,0.130443,0.460052,0.0850363,0.573816
02112,02,1741,1741,243.734,5.49608,35.7655,0.353925,residential,False,-0.56858,False,311.394,124.745,82.1013,22.6121,111.829,136.181,333.696,0.0459126,0.0912474,0.0834503,0.490289,0.589806,0.140714,0.478939,0.0995166,0.649734
02113,02,1966.04,1966.04,232.09,5.44713,35.2237,0.44337,residential,False,-0.193805,False,389.248,141.44,22.4098,40.7806,255.364,184.046,407.813,0.103653,0.0590905,0.0873195,0.365718,0.496315,0.116846,0.439844,0.130597,0.616274
02114,02,1871.96,1871.96,152.683,5.02837,36.2584,0.443016,residential,False,-0.328799,False,405.093,141.608,67.7963,101.436,248.04,44.6382,198.62,0.0654689,0.0576421,0.111199,0.39896,0.503618,0.16817,0.407458,0.104658,0.673412
02115,02,1903.56,1903.56,372.599,5.9205,35.7754,0.460047,residential,False,-0.360836,False,292.046,143.902,144.332,70.3704,139.635,100.673,216.774,0.071831,0.0464789,0.084507,0.459155,0.577465,0.143662,0.471831,0.11831,0.678805
02116,02,2058.62,2058.62,158.091,5.06317,37.7518,0.260626,residential,False,0.0276385,False,264.596,193.204,104.858,162.507,169.91,184.213,285.894,0.117874,0.0486695,0.0945716,0.345359,0.47412,0.131529,0.426275,0.128762,0.680461
02117,02,2000.38,2000.38,240.309,5.48193,36.041,0.534619,residential,False,-0.777318,False,194.825,133.453,96.7849,45.3181,132.183,185.371,65.0517,0.0995049,0.0527468,0.0602732,0.401387,0.544758,0.101269,0.459896,0.143371,0.607244
02118,02,2293.36,2293.36,187.211,5.23224,37.4392,0.36277,residential,False,-0.869121,False,58.5009,86.0618,101.382,90.1516,129.22,130.809,144.386,0.047727,0.0475791,0.0526575,0.594517,0.693324,0.124495,0.570407,0.0988068,0.671423
02119,02,1670,1670,277.87,5.62715,35.9361,0.550134,residential,False,-0.926701,False,116.476,18.7804,140.742,36.0326,129.452,213.116,224.34,0.0771505,0.0573309,0.106383,0.399354,0.528663,0.0886742,0.494213,0.129308,0.547268
02120,02,1627.76,1627.76,477.798,6.16919,36.5762,0.416623,residential,False,-0.0885284,False,125.92,176.534,168.264,144.099,113.119,341.671,310.551,0.0768428,0.0732551,0.0457273,0.535747,0.647162,0.0736464,0.584671,0.111416,0.56711
02121,02,2118.24,2118.24,428.209,6.05961,35.5376,0.453585,residential,False,-0.208311,False,256.754,162.464,90.6162,52.0545,147.729,317.564,242.477,0.0765575,0.0618484,0.0843576,0.45836,0.572178,0.0735511,0.545725,0.113818,0.550871
02122,02,1876.56,1876.56,358.947,5.88318,36.5318,0.34011,residential,False,-0.797736,False,199.515,53.1669,88.0744,62.2988,106.488,231.002,122.404,0.0363386,0.0299446,0.0514118,0.675992,0.740279,0.165142,0.598601,0.0642864,0.698733
02123,02,1825.9,1825.9,382.27,5.94613,37.1629,0.314457,residential,False,-0.796574,False,107.755,74.5396,116.471,105.423,85.3191,143.959,186.187,0.0160089,0.0445903,0.0412823,0.687392,0.770239,0.181452,0.563231,0.0828472,0.658074
02124,02,1636.11,1636.11,252.371,5.5309,35.6918,0.378245,residential,False,-0.194863,False,279.177,65.0106,76.0435,63.4599,203.988,335.925,290.912,0.0237351,0.0522744,0.0402165,0.696214,0.76602,0.228509,0.531657,0.069806,0.800367
02125,02,1535.42,1535.42,220.774,5.39714,35.2995,0.464543,residential,False,-0.841322,False,162.751,73.0218,85.6853,80.4443,104.834,92.4376,174.698,0.0172746,0.0470436,0.0470834,0.708662,0.784188,0.194036,0.578984,0.0755264,0.686557
02126,02,2080.44,2080.44,245.166,5.50193,37.5694,0.287447,residential,False,-0.868968,False,92.9114,80.3295,123.382,71.8691,112.414,150.732,117.719,0.0423271,0.0481322,0.0455897,0.657349,0.7227,0.177811,0.567454,0.0653511,0.712022
02127,02,2122.23,2122.23,404.358,6.0023,36.9795,0.350375,residential,False,-0.554269,False,157.5,106.984,102.053,97.7238,114.229,110.862,256.069,0.0229371,0.0289138,0.0394635,0.704828,0.785954,0.156682,0.610546,0.0811262,0.670387
02128,02,1441.43,1441.43,410.9,6.01835,36.8338,0.433774,residential,False,-0.340306,False,156.86,138.905,134.099,82.3737,109.484,200.881,310.471,0.0238264,0.0563574,0.0387149,0.685633,0.757518,0.163834,0.584341,0.0718852,0.711987
02129,02,1847.9,1847.9,107.912,4.68132,36.3323,0.303537,residential,False,-0.327063,False,275.307,138.516,106.854,61.5067,167.488,48.3651,504.672,0.0379439,0.0571211,0.0452335,0.636853,0.725461,0.194029,0.526001,0.0886082,0.719722
02130,02,1405,1405,325.843,5.78642,36.616,0.41043,residential,False,-0.5961,False,148.178,48.2222,219.732,68.1881,98.8271,118.393,401.077,0.0560834,0.033793,0.055752,0.590024,0.699716,0.19481,0.50705,0.109692,0.7482
02131,02,1525,1525,215.036,5.3708,38.4127,0.285513,residential,False,0.0512474,False,332.503,88.7775,334.968,167.726,153.943,161.856,294.594,0.03748,0.0335808,0.0536155,0.641439,0.72156,0.175719,0.556815,0.0801216,0.776751
02132,02,1577.43,1577.43,359.537,5.88482,37.7166,0.311895,residential,False,-0.58073,False,133.035,38.8362,115.013,140.55,174.833,144.453,183.401,0.0317881,0.018543,0.0596026,0.658278,0.736424,0.276821,0.472848,0.0781457,0.81916
02133,02,1528.81,1528.81,162.109,5.08827,35.5285,0.353459,residential,False,-0.162405,False,287.825,200.157,169.42,175.238,143.614,78.0325,214.238,0.0299145,0.037037,0.0826211,0.581197,0.663818,0.245014,0.448718,0.0826211,0.766885
02201,02,1440.32,1440.32,435.44,6.07636,36.694,0.294449,residential,False,-0.740406,False,210.591,32.4387,99.1657,198.732,101.528,226.837,98.5503,0.033241,0.0235457,0.0969529,0.529086,0.649584,0.277008,0.382271,0.120499,0.798246
02202,02,1815.47,1815.47,519.435,6.25274,37.2783,0.267476,residential,False,-0.00938798,False,491.145,77.7422,145.387,151.889,115.022,453.689,221.103,0.0362047,0.0174782,0.0636704,0.600499,0.717853,0.27216,0.428215,0.117353,0.816987
02203,02,1214.6,1214.6,221.325,5.39963,35.6507,0.345667,residential,False,-0.00374987,False,198.635,159.216,51.7209,74.3829,244.093,351.971,345.598,0.0297974,0.0262217,0.160906,0.40882,0.510131,0.333731,0.265793,0.101311,0.86168
02204,02,1561,1561,353.594,5.86815,37.4554,0.242718,residential,False,-0.754545,False,132.811,100.735,130.222,93.2528,137.801,44.4222,191.333,0.0192308,0.025641,0.0897436,0.560256,0.684615,0.241026,0.428205,0.124359,0.831031
02205,02,1614.75,1614.75,298.084,5.69738,37.2298,0.285915,residential,False,-0.491305,False,152.75,74.6672,182.201,146.658,134.518,162.514,134.608,0.04371,0.0287846,0.110874,0.464819,0.598081,0.283582,0.335821,0.133262,0.861722
02206,02,1709.25,1709.25,371.086,5.91643,37.0531,0.254341,residential,False,-0.758034,False,76.5125,208.171,144.605,119.729,94.3451,159.82,77.8459,0.0413223,0.0177096,0.094451,0.532468,0.650531,0.256198,0.412043,0.118064,0.812023
02207,02,1807,1807,150.339,5.01289,38.5771,0.293558,residential,False,-0.0229974,False,154.677,215.118,148.987,238.546,208.768,133.011,194.027,0.047503,0.0280146,0.0742996,0.580999,0.678441,0.216809,0.485993,0.0974421,0.796512
02208,02,1789,1758,223.974,5.41153,36.502,0.243519,residential,False,-0.20807,False,187.371,125.745,206.64,170.691,156.99,86.1117,269.02,0.055409,0.0316623,0.0870712,0.515831,0.620053,0.236148,0.422164,0.104222,0.720188
02209,02,1806,1806,267.303,5.58838,37.487,0.269123,residential,False,-0.375126,False,144.502,158.39,254.79,179.154,160.888,48.3127,180.451,0.0234279,0.0345253,0.0665845,0.635018,0.723798,0.265105,0.459926,0.0887793,0.795918
02210,02,1560.47,1560.47,224.688,5.41471,36.2593,0.383994,residential,False,-0.0996699,False,199.614,105.198,88.3691,99.5783,182.048,346.38,294.99,0.0589005,0.0353403,0.117801,0.425393,0.541885,0.256545,0.34555,0.116492,0.816826
02211,02,1535.45,1535.45,299.07,5.70068,38.4803,0.252673,residential,False,-0.27186,False,95.0488,165.991,135.007,211.303,159.605,224.361,143.319,0.0384615,0.0371795,0.0615385,0.596154,0.696154,0.279487,0.416667,0.1,0.800204
02212,02,1530.42,1530.42,294.11,5.68395,38.1163,0.257545,residential,False,0.218515,False,310.875,52.3426,161.191,174.616,232.175,434.378,355.956,0.0232288,0.0278746,0.0847851,0.566783,0.689895,0.255517,0.41928,0.123113,0.787659
02213,02,1590,1590,498.018,6.21064,38.0278,0.282075,residential,False,-0.0584679,False,235.413,66.1152,165.99,136.458,177.206,351.077,244.987,0.0350467,0.0408879,0.0841121,0.566589,0.66472,0.268692,0.417056,0.0981308,0.827421
02214,02,1413.55,1413.55,460.366,6.13202,37.9928,0.264249,residential,False,-0.389642,False,131.614,61.3098,178.078,95.8074,194.705,261.126,145.162,0.027127,0.0320592,0.0616523,0.647349,0.747226,0.277435,0.458693,0.0998767,0.831633
02215,02,1698.82,1698.82,458.19,6.12728,37.7945,0.314105,residential,False,-0.714088,False,104.661,79.3271,152.338,71.8942,132.656,167.84,128.012,0.0287141,0.0349563,0.0674157,0.596754,0.700375,0.237203,0.45568,0.10362,0.773512
02216,02,1757,1757,526.838,6.26689,37.9734,0.211721,residential,False,-0.76131,False,109.251,58.5985,145.798,62.3943,111.409,178.939,182.011,0.0313225,0.0266821,0.0661253,0.603248,0.708817,0.24594,0.454756,0.105568,0.812207
02217,02,1851.56,1851.56,469.287,6.15122,37.6867,0.233462,residential,False,-0.680047,False,89.162,112.837,106.318,162.602,103.441,119.302,172.581,0.0258824,0.0305882,0.0776471,0.584706,0.702353,0.245882,0.442353,0.117647,0.804327
02218,02,1818,1812,289.961,5.66975,35.9263,0.351701,residential,False,-0.167517,False,234.128,108.032,151.685,187.282,104.129,205.104,307.175,0.0567633,0.0241546,0.0917874,0.513285,0.611111,0.228261,0.433575,0.0978261,0.784038
02219,02,1841,1707,368.725,5.91005,34.3152,0.455399,residential,False,0.0591171,False,289.196,282.183,42.9363,78.0115,273.111,199.063,302.874,0.0505529,0.101106,0.0552923,0.545024,0.647709,0.124803,0.526066,0.102686,0.647175
02220,02,1418,1418,368.572,5.90964,36.0988,0.388874,residential,False,-0.586814,False,166,83.8089,102.164,142.227,101.4,277.069,111.118,0.0430416,0.0215208,0.0760402,0.598278,0.674319,0.268293,0.449067,0.0760402,0.804147
02221,02,1494.53,1494.53,431.428,6.0671,37.2886,0.232658,residential,False,-0.654877,False,111.079,75.7082,214.158,145.326,109.036,180.292,99.6925,0.0240642,0.0294118,0.0588235,0.653743,0.760695,0.298128,0.438503,0.106952,0.833703
02222,02,1363.17,1363.17,181.548,5.20152,36.8677,0.450063,residential,False,-0.814262,False,90.5321,51.0579,166.326,94.4925,103.899,139.999,178.314,0.039548,0.0353107,0.0847458,0.548023,0.666667,0.274011,0.398305,0.118644,0.76699
02223,02,1637.62,1631.62,351.953,5.8635,36.3111,0.272992,residential,False,-0.933279,False,133.716,127.737,113.962,138.092,103.2,18.4081,192.952,0.0286029,0.019802,0.0726073,0.589659,0.713971,0.324532,0.366337,0.124312,0.809609
02224,02,1180.72,1149.72,484.478,6.18307,34.9196,0.323718,residential,False,0.0622496,False,198.645,150.926,192.136,284.79,211.861,268.674,122.177,0.0271739,0.0285326,0.0733696,0.603261,0.706522,0.315217,0.388587,0.103261,0.855658
02225,02,1667.3,1667.3,419.747,6.03965,37.7585,0.285753,residential,False,-0.267267,False,114.236,100.594,151.518,199.775,155.335,96.2679,386.45,0.0253807,0.0215736,0.0786802,0.629442,0.711929,0.284264,0.449239,0.0824873,0.858849
02226,02,1419.09,1419.09,114.532,4.74085,36.726,0.391574,residential,False,-0.474046,False,153.535,199.647,54.0264,121.975,104.475,114.439,312.708,0.0388471,0.0288221,0.101504,0.496241,0.630326,0.298246,0.338346,0.134085,0.854255
02227,02,1436.91,1436.91,322.356,5.77566,34.9546,0.412257,residential,False,-0.657771,False,74.8988,48.9562,81.7493,102.167,166.613,128.321,329.5,0.0314961,0.0202475,0.105737,0.539933,0.650169,0.31946,0.357705,0.110236,0.870623
02228,02,1708.91,1708.91,387.405,5.95947,35.9805,0.308293,residential,False,-0.516689,False,102.271,134.634,91.3801,136.899,123.471,133.78,228.748,0.0341981,0.0224057,0.0955189,0.528302,0.639151,0.251179,0.40684,0.110849,0.853266
02229,02,1202.34,1202.34,257.088,5.54942,36.8278,0.328,residential,False,-0.593607,False,126.31,71.7676,140.19,91.633,142.863,225.11,122.259,0.0402299,0.0229885,0.0770115,0.55977,0.697701,0.295402,0.381609,0.137931,0.852827
02230,02,1579,1579,462.704,6.13709,36.6372,0.333874,residential,False,-0.501061,False,173.455,41.9471,175.735,92.349,165.357,236.867,141.55,0.0501982,0.0277411,0.0528402,0.601057,0.705416,0.268164,0.435931,0.104359,0.80021
02231,02,1598.05,1598.05,382.64,5.94709,37.6364,0.253711,residential,False,-0.869492,False,88.0329,72.8096,147.735,161.333,142.237,67.8974,91.2146,0.0374677,0.0167959,0.0607235,0.630491,0.726098,0.244186,0.484496,0.0956072,0.803719
02232,02,1558.54,1558.54,343.722,5.83983,35.2591,0.440771,residential,False,-0.634573,False,116.218,95.8219,241.725,10.1218,182.413,243.315,180.901,0.0250417,0.100167,0.0450751,0.651085,0.72788,0.123539,0.597663,0.0767947,0.611895
02233,02,2172.98,2172.98,231.869,5.44617,36.8722,0.296071,residential,False,-0.315736,False,235.759,68.2934,148.236,158.716,143.069,253.792,142.239,0.024359,0.0307692,0.0589744,0.652564,0.739744,0.215385,0.520513,0.0871795,0.756964
02234,02,1922.95,1922.95,395.192,5.97937,38.0634,0.250175,residential,False,-0.657166,False,62.8492,179.37,174.825,237.843,104.793,99.4103,109.23,0.034713,0.046729,0.0413885,0.65287,0.750334,0.212283,0.516689,0.0974633,0.740196
02301,02,1994,1994,489.363,6.19311,35.6977,0.374672,residential,False,-0.642735,False,211.523,223.462,118.57,54.4162,108.429,101.125,120.291,0.0170269,0.0921086,0.0333941,0.690217,0.77909,0.0882131,0.652425,0.0888728,0.6192
02302,02,1163,1163,220.215,5.3946,35.2386,0.411294,residential,False,-0.445292,False,285.861,181.696,56.8017,86.1968,287.285,16.5085,300.348,0.0374987,0.0268071,0.0569,0.64903,0.744498,0.249478,0.49395,0.0954678,0.8358
02303,02,1576.7,1576.7,339.206,5.82661,36.5782,0.296245,residential,False,-0.44141,False,220.909,74.6734,104.122,143.079,262.819,32.7984,245.289,0.0320197,0.0172414,0.0603448,0.642857,0.73399,0.334975,0.400246,0.091133,0.834012
02304,02,1543,1543,387.961,5.9609,37.1318,0.351782,residential,False,-0.650816,False,217.663,97.2683,132.547,75.6509,135.406,64.199,174.344,0.0251046,0.0320781,0.0683403,0.62622,0.728033,0.252441,0.467225,0.101813,0.751033
02305,02,1529.3,1529.3,388.194,5.96151,37.6777,0.271348,residential,False,-1.11133,False,82.57,92.5558,173.661,160.44,130.06,22.9185,72.3095,0.0276074,0.0337423,0.0552147,0.66411,0.746933,0.251534,0.495399,0.0828221,0.760186
02306,02,1844.28,1844.28,384.942,5.95309,36.2324,0.317805,residential,False,-0.652827,False,76.9953,211.4,150.45,245.214,117.029,85.7893,84.6548,0.0464396,0.0325077,0.0510836,0.631579,0.716718,0.176471,0.552632,0.0851393,0.670431
02307,02,2207.09,2207.09,292.292,5.67775,36.8855,0.304234,residential,False,-0.446657,False,160.774,119.523,182.433,189.729,160.775,52.1019,173.211,0.0353741,0.047619,0.0435374,0.643537,0.733333,0.176871,0.545578,0.0897959,0.735849
02308,02,1593.72,1593.72,306.147,5.72407,35.6238,0.390481,residential,False,-0.022252,False,264.095,88.3125,317.911,103.702,316.221,150.37,138.435,0.0176991,0.0240202,0.0581542,0.664981,0.766119,0.256637,0.484197,0.101138,0.816222
02309,02,1670.56,1670.56,242.178,5.48967,37.1368,0.340647,residential,False,-0.803912,False,154.035,79.1955,133.974,119.93,166.994,78.8143,63.902,0.0241838,0.0338573,0.0544135,0.657799,0.754534,0.237001,0.499395,0.0967352,0.802708
02310,02,1624.91,1624.91,334.014,5.81118,36.7963,0.341878,residential,False,-0.589628,False,78.8383,163.595,119.548,92.425,87.0144,177.658,263.656,0.0149813,0.0124844,0.0536829,0.724095,0.813983,0.196005,0.596754,0.0898876,0.777137
02311,02,1855.34,1855.34,381.743,5.94475,36.8081,0.316077,residential,False,-0.571426,False,118.188,66.0776,131.743,136.921,163.98,147.998,137.306,0.0281124,0.0455154,0.0495315,0.690763,0.752343,0.188755,0.579652,0.0615797,0.758865
02312,02,1797.49,1797.49,446.182,6.10073,36.26,0.359326,residential,False,-0.573005,False,246.526,57.4664,88.8832,140.111,244.348,27.916,228.87,0.0258856,0.0422343,0.0463215,0.690736,0.784741,0.197548,0.565395,0.0940054,0.771488
02313,02,1559.82,1559.82,366.958,5.90525,36.4083,0.348345,residential,False,-0.444351,False,117.517,131.527,133.394,109.566,126.817,274.402,135.618,0.0493333,0.024,0.0813333,0.578667,0.66,0.208,0.501333,0.0813333,0.762097
02314,02,1795.19,1795.19,331.76,5.80441,36.3681,0.351359,residential,False,-0.429811,False,124.728,88.3837,109.767,124.07,161.82,214.744,168.457,0.0278746,0.0267131,0.0952381,0.566783,0.674797,0.231127,0.458769,0.108014,0.81569
02315,02,1722.08,1722.08,225.542,5.41851,35.1929,0.509644,residential,False,-0.167096,False,234.259,114.831,94.5443,98.2919,163.297,401.217,182.107,0.0582386,0.015625,0.0539773,0.632102,0.701705,0.223011,0.521307,0.0696023,0.749471
02316,02,1859.51,1859.51,566.916,6.34021,37.7335,0.305406,residential,False,-0.393683,False,128.851,91.3614,173.245,64.4653,273.955,141.671,140.769,0.0188917,0.0251889,0.0428212,0.739295,0.804786,0.170025,0.630982,0.0654912,0.797405
02317,02,1861,1861,329.335,5.79707,37.2604,0.353567,residential,False,-0.561222,False,109.844,58.7058,115.984,57.7747,249.638,270.71,107.438,0.0227273,0.0254011,0.0427807,0.744652,0.791444,0.221925,0.588235,0.0467914,0.751
02318,02,1565,1565,331.321,5.80309,36.8538,0.391591,residential,False,-0.47961,False,155.04,79.9647,83.0757,84.1524,258.269,159.914,123.597,0.0386152,0.0226365,0.0519308,0.701731,0.765646,0.193076,0.599201,0.0639148,0.833887
02319,02,1782,1782,393.659,5.97549,36.9284,0.340383,residential,False,-0.649814,False,248.329,64.2504,95.0064,47.7357,224.73,79.7422,147.414,0.0352526,0.0352526,0.0411281,0.725029,0.773208,0.253819,0.547591,0.0481786,0.820982
02320,02,1423.47,1417.47,127.222,4.84593,36.172,0.229881,residential,False,-0.219079,False,235.137,98.4973,148.629,176.61,101.62,239.702,256.084,0.0218341,0.0262009,0.0524017,0.671033,0.762737,0.234352,0.510917,0.0917031,0.797701
02321,02,2232.77,2232.77,162.206,5.08887,36.8649,0.172338,residential,False,0.200896,False,237.446,212.253,142.814,206.695,144.066,332.888,321.573,0.0528846,0.0252404,0.135817,0.394231,0.490385,0.245192,0.33774,0.0961538,0.805207
02322,02,1353,1353,213.169,5.36209,38.6448,0.34291,residential,False,-0.336124,False,252.158,121.994,89.1535,35.0532,141.172,189.845,400.966,0.0602582,0.0344333,0.0860832,0.509326,0.581062,0.163558,0.492109,0.071736,0.840095
02323,02,1806.33,1806.33,540.461,6.29242,39.0032,0.28614,residential,False,-0.116069,False,265.791,65.911,160.104,120.395,155.252,301.505,270.342,0.0579196,0.0236407,0.0886525,0.495272,0.594563,0.206856,0.434988,0.0992908,0.824612
02324,02,1689.67,1689.67,458.353,6.12764,38.5388,0.253217,residential,False,-0.267108,False,129.435,155.07,261.39,205.609,103.092,389.388,96.1336,0.0331754,0.0236967,0.0888626,0.600711,0.674171,0.232227,0.490521,0.0734597,0.829746
02325,02,1807,1807,352.001,5.86363,37.2801,0.425,residential,False,-0.54459,False,158.045,39.6987,164.93,179.957,119.611,101.1,286.846,0.0386007,0.0349819,0.0772014,0.581423,0.664656,0.193004,0.504222,0.0832328,0.826044
02326,02,1303.45,1303.45,581.874,6.36625,36.6901,0.236618,residential,False,-0.445688,False,152.019,79.0878,88.9627,53.782,216.588,159.071,250.964,0.077374,0.0468933,0.077374,0.464244,0.579132,0.137163,0.481829,0.114889,0.830097
02327,02,1387.69,1387.69,417.078,6.03327,37.4971,0.344711,residential,False,-0.630955,False,70.4836,97.1713,107.389,52.3348,183.611,237.329,153.486,0.0403917,0.0305998,0.0942472,0.555692,0.637699,0.25459,0.435741,0.0820073,0.837589
02328,02,1677.14,1677.14,503.932,6.22244,38.5835,0.32072,residential,False,-0.418218,False,85.7685,121.023,147.987,155.761,113.483,364.683,142.8,0.0481348,0.0397112,0.0661853,0.598075,0.66787,0.216606,0.495788,0.0697954,0.86646
02329,02,1638.72,1638.72,579.291,6.3618,35.7086,0.391145,residential,False,-0.223165,False,154.257,61.0544,166.984,114.342,313.816,170.262,164.178,0.0351076,0.0226501,0.159683,0.405436,0.514156,0.322763,0.277463,0.10872,0.885
02330,02,2078.13,2078.13,314.882,5.7522,38.2574,0.375383,residential,False,-0.376896,False,361.114,192.881,153.927,281.2,81.2697,129.821,86.6595,0.0638554,0.0337349,0.0903614,0.510843,0.591566,0.204819,0.460241,0.0807229,0.790123
02331,02,1669.05,1669.05,315.088,5.75285,38.6848,0.476169,residential,False,-0.311763,False,375.667,235.047,73.6558,58.3529,144.352,125.853,199.625,0.155492,0.042796,0.0870185,0.291013,0.378031,0.114123,0.419401,0.0870185,0.718623
02332,02,1608.49,1608.49,508.5,6.23146,38.3138,0.310565,residential,False,-0.16123,False,398.075,104.546,236.042,209.148,186.026,104.565,105.846,0.0747664,0.024032,0.0747664,0.500668,0.582109,0.185581,0.464619,0.0814419,0.788421
02333,02,1334.34,1334.34,166.416,5.11449,34.4861,0.355401,residential,False,-0.43502,False,149.955,98.8158,74.6671,121.419,107.633,492.648,154.041,0.0665702,0.0274964,0.180897,0.296671,0.386397,0.248915,0.295224,0.089725,0.851716
02334,02,1245.99,1245.99,190.282,5.24851,32.0815,0.470785,residential,False,-0.42086,False,214.688,130.39,46.8443,59.5,91.124,430.769,308.402,0.0578635,0.0192878,0.173591,0.316024,0.433234,0.290801,0.256677,0.117211,0.764108
02335,02,1267.55,1267.55,219.015,5.38914,31.2773,0.4293,residential,False,-0.678802,False,399.382,23.3633,23.832,48.7541,125.719,206.175,511.415,0.0985353,0.0386152,0.206391,0.151798,0.272969,0.210386,0.246338,0.121172,0.847191
02336,02,1305.54,1305.5,108.829,4.68977,30.9372,0.485603,residential,False,0.135059,False,554.066,272.828,32.0242,140.466,106.999,303.572,563.196,0.114754,0.0327869,0.237705,0.0300546,0.142077,0.20082,0.181694,0.112022,0.822742
02401,02,1263,1263,258.457,5.55473,35.659,0.405074,residential,False,-0.993883,False,142.572,158.549,34.1885,36.5547,176.024,107.256,68.9527,0.158823,0.0663735,0.132224,0.201728,0.283297,0.080675,0.4121,0.0815688,0.642717
02402,02,1554,1554,312.327,5.74405,34.976,0.46772,residential,False,-0.889333,False,121.222,174.577,43.9225,25.2039,174.864,87.2081,149.999,0.162698,0.087262,0.142258,0.120037,0.225536,0.0653962,0.359597,0.105499,0.679145
02403,02,1351.44,1351.44,425.503,6.05327,34.9365,0.43997,residential,False,-1.32956,False,66.4221,72.4387,54.9414,24.3142,101.004,105.758,139.914,0.149319,0.0711156,0.129961,0.197714,0.303773,0.115335,0.361658,0.106059,0.699476
02404,02,1610.87,1610.87,514.594,6.24338,35.9419,0.390672,residential,False,-1.00148,False,172.633,106.885,95.8804,29.8345,119.423,115.817,78.8044,0.17018,0.091591,0.133086,0.119193,0.225331,0.107488,0.314971,0.106139,0.649306
02405,02,1350.68,1350.68,545.877,6.30239,34.8868,0.471783,residential,False,-0.340511,False,321.491,147.108,60.0044,98.9572,144.126,143.097,210.38,0.201248,0.0795632,0.110764,0.115445,0.212168,0.0826833,0.344774,0.0967239,0.729003
02406,02,1683.14,1683.14,250.306,5.52268,35.5311,0.459664,residential,False,-0.982117,False,288.222,26.5984,118.617,97.1286,83.6178,60.91,192.062,0.129676,0.0411471,0.0885287,0.334165,0.42394,0.162095,0.390274,0.0897756,0.759172
02407,02,1725,1725,337.34,5.82109,37.126,0.359836,residential,False,-0.568833,False,166.035,107.167,93.687,108.456,93.8863,350.685,115.453,0.113001,0.0413123,0.119077,0.283111,0.413123,0.128797,0.386391,0.130012,0.779851
02408,02,2188.48,2188.48,336.654,5.81906,36.1053,0.264572,residential,False,-0.816032,False,135.457,27.6511,110.787,87.0454,189.652,101.445,151.999,0.0828092,0.0220126,0.15304,0.294549,0.400419,0.184486,0.345912,0.10587,0.820205
02409,02,1196.7,1196.7,218.884,5.38854,35.0522,0.437846,residential,False,-0.64192,False,312.818,152.926,75.7927,16.05,133.55,70.6487,363.781,0.147416,0.0744681,0.133739,0.177812,0.302432,0.0927052,0.366261,0.12462,0.777003
02410,02,1596,1596,296.367,5.6916,36.4373,0.389254,residential,False,0.18428,False,244.552,256.255,107.174,179.046,277.399,106.393,324.029,0.0845839,0.0463847,0.0914052,0.429741,0.519782,0.167804,0.437926,0.0900409,0.77416
02411,02,1578,1575,288.649,5.66521,34.5017,0.373896,residential,False,-0.134132,False,161.643,43.2518,115.771,111.989,271.577,286.257,313.856,0.0668058,0.0417537,0.140919,0.340292,0.454071,0.278706,0.269311,0.113779,0.897579
02412,02,1576,1576,508.195,6.23087,37.4032,0.383931,residential,False,-0.206919,False,118.348,136.685,137.101,179.535,196.673,229.138,146.746,0.0572473,0.0365408,0.0876979,0.489647,0.589525,0.227771,0.406821,0.0998782,0.802326
02413,02,1395.92,1395.92,491.666,6.1978,37.5472,0.300086,residential,False,-0.502958,False,78.2568,153.527,132.983,139.427,110.303,187.253,188.057,0.0673077,0.032967,0.0865385,0.495879,0.586538,0.203297,0.446429,0.0906593,0.806557
02414,02,1579.68,1579.68,559.852,6.32767,38.076,0.317374,residential,False,-0.284375,False,121.077,86.6455,116.922,79.5036,246.375,172.391,270.92,0.0979899,0.0452261,0.0741206,0.43593,0.528894,0.208543,0.399497,0.0929648,0.769231
02415,02,1776.32,1776.32,465.947,6.14407,37.6436,0.364169,residential,False,-0.294826,False,97.6322,117.305,55.6015,82.7511,251.379,240.435,278.495,0.110215,0.0322581,0.0833333,0.416667,0.50672,0.186828,0.423387,0.0900538,0.75504
02416,02,1672,1672,433.497,6.07188,37.5582,0.298369,residential,False,-0.4456,False,138.97,95.8916,117.387,70.0018,193.125,75.8926,353.131,0.0500596,0.0250298,0.0619785,0.578069,0.673421,0.219309,0.470799,0.0953516,0.783784
02417,02,1543.28,1543.28,289.005,5.66644,35.5867,0.438964,residential,False,-0.554267,False,183.341,167.176,10.6736,65.0955,170.384,236.004,250.768,0.0845714,0.0388571,0.0914286,0.44,0.537143,0.176,0.44,0.0971429,0.831132
02418,02,1277,1277,394.644,5.97798,37.1857,0.401862,residential,False,0.0227032,False,199.504,161.81,89.6992,124.281,329.545,151.776,238.781,0.0847222,0.0333333,0.0930556,0.429167,0.534722,0.170833,0.436111,0.105556,0.803115
02419,02,1854.08,1854.08,331.028,5.8022,37.5845,0.303639,residential,False,-0.399446,False,132.95,102.073,153.157,169.456,244.999,58.7638,164.34,0.0548098,0.0324385,0.0995526,0.470917,0.57047,0.244966,0.380313,0.0995526,0.846516
02420,02,1455.02,1455.02,308.944,5.73316,37.3037,0.390504,residential,False,-0.800207,False,63.6143,111.296,128.492,155.501,94.2107,116.151,150.197,0.1,0.0666667,0.0904762,0.406349,0.488889,0.15873,0.438095,0.0825397,0.689362
02421,02,1758.21,1758.21,596.801,6.39158,35.6992,0.245552,residential,False,-0.45583,False,162.83,93.0405,63.9672,67.9514,138.112,185.451,360.04,0.087925,0.0515826,0.143025,0.273154,0.391559,0.150059,0.354045,0.118406,0.803355
02422,02,1568,1568,243.481,5.49504,34.8766,0.513025,residential,False,-0.595691,False,137.424,144.669,104.126,100.249,175.135,45.2883,201.987,0.144444,0.0611111,0.130556,0.223611,0.313889,0.145833,0.352778,0.0902778,0.712891
02423,02,1794.08,1794.08,363.845,5.89673,33.9241,0.531268,residential,False,-0.535451,False,218.345,49.0748,92.1044,27.6351,272.888,108.687,284.162,0.167151,0.0828488,0.142442,0.125,0.234012,0.059593,0.375,0.109012,0.666984
02424,02,2030,2030,261.374,5.56595,35.3292,0.432076,residential,False,-0.34465,False,212.624,123.348,159.741,128.949,302.973,31.6973,170.108,0.091352,0.0365408,0.108404,0.408039,0.482339,0.174178,0.433618,0.0742996,0.764977
02425,02,1473.43,1473.43,303.65,5.71588,36.0641,0.425917,residential,False,-0.882407,False,112.371,65.5412,63.5539,109.295,131.876,145.288,103.823,0.122596,0.0673077,0.106971,0.298077,0.391827,0.114183,0.413462,0.09375,0.792614
02426,02,1376.35,1376.35,256.367,5.54661,36.8111,0.479574,residential,False,-0.566261,False,303.707,44.0488,90.4793,58.5607,177.869,100.678,251.474,0.133566,0.0743322,0.117305,0.221835,0.336818,0.0917538,0.380952,0.114983,0.798898
02427,02,1891.01,1891.01,243.987,5.49712,35.862,0.558549,residential,False,-0.790864,False,203.341,103.727,78.09,62.78,138.571,45.611,200.48,0.10107,0.0380499,0.0760999,0.448276,0.523187,0.154578,0.470868,0.0749108,0.790112
02428,02,2721.09,2721.09,366.914,5.90513,36.8294,0.389195,residential,False,-0.419473,False,107.907,258.893,73.2624,95.0661,122.018,96.3134,381.789,0.054115,0.0304397,0.137542,0.410372,0.508455,0.227734,0.374295,0.0980834,0.828837
02429,02,1936.11,1936.11,422.095,6.04523,38.0719,0.330826,residential,False,-0.736009,False,73.2534,76.4273,86.3477,105.875,127.246,148.816,209.573,0.0483871,0.0236559,0.105376,0.494624,0.580645,0.239785,0.408602,0.0860215,0.834378
02430,02,1617.85,1617.85,358.033,5.88062,38.1952,0.329789,residential,False,-0.653748,False,63.3723,152.524,183.633,79.7057,112.629,170.959,151.263,0.0594837,0.026936,0.0976431,0.489338,0.582492,0.190797,0.455668,0.0931538,0.829926
02431,02,1716.4,1716.4,355.699,5.87409,34.9205,0.496504,residential,False,-0.39347,False,437.968,71.8444,39.0249,34.3192,212.001,184.984,293.593,0.1443,0.0606061,0.134199,0.191919,0.290043,0.112554,0.357864,0.0981241,0.709808
02432,02,2060.23,2060.23,230.632,5.44083,35.0928,0.375242,residential,False,-0.244061,False,265.488,221.228,81.3687,172.966,141.285,209.555,109.134,0.147265,0.0462833,0.12202,0.245442,0.328191,0.106592,0.408135,0.0827489,0.674136
02433,02,1850.57,1850.57,314.054,5.74956,35.184,0.498628,residential,False,-0.647728,False,315.721,89.0969,146.475,77.2792,181.365,36.5017,131.745,0.105114,0.0539773,0.15767,0.213068,0.326705,0.132102,0.34375,0.113636,0.661395
02434,02,2670.35,2670.35,532.353,6.27731,35.8344,0.508628,residential,False,-0.834681,False,354.207,76.9924,27.444,112.005,83.1809,191.38,112.646,0.115278,0.0805556,0.104167,0.3,0.376389,0.0972222,0.422222,0.0763889,0.699522
02435,02,1976.35,1862.35,207.732,5.33625,36.7888,0.200177,residential,False,-0.224158,False,217.672,240.639,89.2097,177.802,101.288,263.415,164.286,0.0983607,0.03657,0.123581,0.339218,0.417402,0.171501,0.38966,0.0781841,0.742565
02501,02,1773.83,1773.83,573.273,6.35136,38.7135,0.247285,residential,False,-0.271488,False,176.788,52.7393,137.928,162.207,215.673,114.248,292.293,0.0703218,0.0333731,0.0667461,0.535161,0.631704,0.203814,0.468415,0.0965435,0.8125
02502,02,1830.1,1830.1,532.397,6.27739,38.5452,0.251664,residential,False,-0.431006,False,101.025,104.019,138.519,140.821,147.132,225.883,151.945,0.0632603,0.0377129,0.0632603,0.546229,0.626521,0.188564,0.484185,0.080292,0.809617
02503,02,1423.37,1423.37,347.896,5.8519,36.7523,0.433349,residential,False,-0.64467,False,127.94,89.8591,169.055,48.429,114.887,189.137,180.974,0.0777903,0.0349493,0.0631342,0.525366,0.61894,0.198422,0.467869,0.0935738,0.827298
02504,02,1698.02,1698.02,393.028,5.97388,37.777,0.406427,residential,False,-0.799771,False,131.405,30.9768,242.613,62.3132,123.436,197.582,126.571,0.0485021,0.0399429,0.0727532,0.544936,0.651926,0.191155,0.475036,0.10699,0.735632
02505,02,1497.69,1497.69,351.498,5.8622,38.1612,0.314945,residential,False,-0.282073,False,150.781,159.169,105.322,137.089,231.634,55.8071,281.478,0.0705053,0.0317274,0.104583,0.478261,0.542891,0.206816,0.446533,0.0646298,0.822115
02506,02,1912.7,1912.7,392.899,5.97355,37.7914,0.314804,residential,False,0.0546259,False,169.811,158.68,216.459,150.677,200.675,177.688,289.345,0.0457317,0.0325203,0.0792683,0.526423,0.630081,0.237805,0.413618,0.103659,0.855903
02507,02,1452,1452,470.832,6.1545,37.5654,0.326019,residential,False,-0.494426,False,233.66,132.94,158.178,67.0189,100.854,199.23,143.292,0.0675845,0.0225282,0.068836,0.570713,0.628285,0.201502,0.505632,0.057572,0.819388
02508,02,1424,1424,601.581,6.39956,38.8061,0.239369,residential,False,-0.624562,False,107.226,117.525,59.1628,156.462,111.945,167.773,180.682,0.0428752,0.0189155,0.0617907,0.605296,0.709962,0.253468,0.456494,0.104666,0.885809
02509,02,1451.35,1451.35,498.11,6.21082,38.8441,0.268842,residential,False,-0.748492,False,68.1222,104.049,88.4502,135.451,239.527,28.7575,204.331,0.0620872,0.0317041,0.0911493,0.537649,0.602378,0.23646,0.454425,0.0647292,0.828976
02510,02,1674,1674,401.383,5.99492,39.5743,0.243586,residential,False,-0.693223,False,67.9951,132.97,284.269,76.6845,176.205,106.688,79.2519,0.0340633,0.026764,0.0693431,0.614355,0.695864,0.212895,0.504866,0.0815085,0.822355
02511,02,1580.61,1580.61,545.01,6.3008,37.7714,0.298172,residential,False,-0.464332,False,114.148,87.7834,62.842,91.8506,243.449,217.969,149.569,0.0408879,0.0268692,0.10514,0.530374,0.595794,0.207944,0.468458,0.0654206,0.869168
02512,02,1344.04,1344.04,584.559,6.37086,38.6705,0.225875,residential,False,-0.749606,False,92.1888,45.9842,140.447,77.0887,228.095,190.726,76.3602,0.0488467,0.0189959,0.0583446,0.635007,0.691995,0.21981,0.522388,0.0569878,0.821705
02513,02,1766.31,1766.31,425.471,6.0532,36.8677,0.302042,residential,False,-0.284042,False,182.564,147.32,121.271,76.514,262.847,63.4989,259.936,0.0507726,0.0231788,0.108168,0.463576,0.57064,0.216336,0.406181,0.107064,0.85272
02514,02,1660.66,1660.66,519.491,6.25285,37.8638,0.315385,residential,False,-0.89587,False,124.782,39.8769,99.9462,6.2909,323.661,253.264,114.535,0.0499391,0.0231425,0.10475,0.505481,0.576127,0.225335,0.434836,0.0706456,0.834518
02515,02,1732.15,1732.15,328.782,5.7954,38.0149,0.255323,residential,False,-0.475014,False,86.2924,165.868,245.936,171.34,141.259,174.68,77.2941,0.0912807,0.0326975,0.10218,0.410082,0.498638,0.186649,0.416894,0.0885559,0.817881
02516,02,1448.52,1448.52,420.938,6.04249,37.6317,0.342108,residential,False,-0.576052,False,156.249,77.7459,56.3515,68.0552,176.559,279.712,138.874,0.0721785,0.0419948,0.0853018,0.480315,0.568241,0.23622,0.401575,0.0879265,0.785861
02517,02,1802.67,1802.67,278.039,5.62776,37.3066,0.351431,residential,False,-0.82797,False,192.682,38.3553,62.1268,119.994,165.43,47.3141,221.003,0.0444994,0.0296663,0.0964153,0.500618,0.594561,0.23733,0.404203,0.0939431,0.85865
02518,02,1455.33,1455.33,328.147,5.79346,38.4257,0.337247,residential,False,-0.149232,False,125.039,201.476,169.606,158.944,141.634,117.46,351.885,0.0558442,0.0363636,0.0753247,0.558442,0.625974,0.228571,0.461039,0.0675325,0.815401
02519,02,1823,1823,363.057,5.89456,38.7205,0.283828,residential,False,-0.405874,False,149.256,140.765,274.573,272.385,59.0933,345.929,103.971,0.0587484,0.0255428,0.0791826,0.536398,0.623244,0.249042,0.425287,0.0868455,0.800204
02520,02,1676.78,1676.78,481.568,6.17705,38.0155,0.332235,residential,False,-0.449645,False,217.296,117.208,156.857,81.5717,154.376,127.444,136.915,0.0714286,0.0381773,0.102217,0.471675,0.549261,0.213054,0.432266,0.0775862,0.794747
02521,02,1759.6,1759.6,575.445,6.35514,38.1516,0.262746,residential,False,-0.513047,False,225.24,228.887,87.5433,95.6009,72.3688,256.487,132.095,0.0337079,0.0324594,0.0561798,0.635456,0.721598,0.208489,0.516854,0.0861423,0.816616
02522,02,1557.4,1557.4,602.24,6.40066,38.3134,0.261095,residential,False,-0.341959,False,210.511,180.854,77.531,83.5374,88.1494,256.204,308.132,0.0341656,0.0262812,0.0551905,0.617608,0.720105,0.212878,0.494087,0.102497,0.802105
02523,02,1709.22,1709.22,480.03,6.17385,38.4496,0.363055,residential,False,-0.623153,False,109.919,45.0201,295.759,65.799,119.864,244.907,167.787,0.105943,0.0413437,0.0917313,0.394057,0.48708,0.169251,0.422481,0.0930233,0.758252
02524,02,1635,1635,389.789,5.96561,37.176,0.407569,residential,False,-0.631102,False,164.589,18.773,121.529,111.671,142.505,248.4,218.44,0.0547264,0.0161692,0.0771144,0.589552,0.660448,0.200249,0.521144,0.0708955,0.833333
02525,02,1636,1636,519.588,6.25304,37.6017,0.334135,residential,False,-0.604841,False,97.1022,179.364,70.0049,95.5758,85.8746,202.687,242.778,0.0581257,0.0201661,0.0676157,0.578885,0.653618,0.201661,0.502966,0.0747331,0.810115
02526,02,1391,1391,548.126,6.30651,37.4814,0.266734,residential,False,-0.500062,False,87.8417,145.933,131.119,67.1148,122.446,152.238,310.276,0.0397946,0.0333761,0.0795892,0.567394,0.676508,0.233633,0.453145,0.109114,0.85512
02527,02,1848,1848,539.048,6.28981,37.3277,0.349562,residential,False,-0.556244,False,121.701,129.257,230.787,150.326,142.539,47.1718,170.787,0.1025,0.04875,0.065,0.44875,0.55125,0.14125,0.475,0.1025,0.772771
02528,02,1552.86,1552.86,568.243,6.34255,37.4336,0.320265,residential,False,-0.751168,False,98.9392,79.4684,116.369,62.3421,169.661,171.709,102.328,0.0452381,0.0178571,0.0666667,0.578571,0.685714,0.208333,0.482143,0.107143,0.834817
02529,02,1725.45,1725.45,505.765,6.22607,37.1524,0.272361,residential,False,-1.064,False,172.58,125.865,82.9778,85.4921,66.3234,68.5455,103.901,0.0312849,0.0234637,0.073743,0.592179,0.67933,0.22905,0.468156,0.0871508,0.849716
02530,02,2162.76,2162.76,485.816,6.18583,38.0507,0.333525,residential,False,-1.03741,False,78.5616,134.192,73.559,63.6285,113.494,155.448,63.8473,0.0690537,0.0370844,0.0664962,0.544757,0.620205,0.176471,0.503836,0.0754476,0.745506
02531,02,1854.43,1854.43,426.344,6.05525,37.1255,0.364321,residential,False,-1.1608,False,116.374,82.2299,70.1126,102.872,70.6496,58.8578,138.36,0.0675513,0.0253317,0.079614,0.551267,0.615199,0.231604,0.466828,0.0639324,0.809709
02532,02,1717.52,1583.52,477.787,6.16916,37.7325,0.293715,residential,False,-0.603578,False,174.641,60.5901,94.2738,84.938,212.915,168.279,98.0712,0.0737527,0.0368764,0.0976139,0.429501,0.533623,0.198482,0.402386,0.104121,0.837545
02533,02,2307.11,2307.11,374.936,5.92676,38.6203,0.27443,residential,False,-0.669676,False,158.519,116.869,66.0305,85.7146,118.4,261.906,97.8568,0.029703,0.0176018,0.0891089,0.532453,0.639164,0.277228,0.374037,0.106711,0.846654
02534,02,1769.88,1769.88,427.14,6.05711,37.0143,0.337002,residential,False,-0.337863,False,266.009,100.98,102.12,56.1964,173.837,190.638,213.817,0.0827858,0.0302234,0.0801577,0.500657,0.567674,0.187911,0.47569,0.0670171,0.763944
03101,03,1374.3,1374.26,46.9949,3.85004,31.9903,0.601105,residential,False,1.44527,False,736.25,654.041,490.968,363.075,286.776,544.065,624.248,0.302837,0.0737851,0.117254,-0.0954389,-0.00455758,0.107412,0.21724,0.0908813,0.654943
03102,03,1442,1442,52.1899,3.95489,32.6657,0.525618,residential,False,0.344297,False,475.303,187.34,129.909,139.765,211.492,155.205,541.275,0.144308,0.0559795,0.142957,0.169945,0.267401,0.211165,0.246044,0.0974561,0.709974
03103,03,1154.97,1143,27.3878,3.3101,30.7499,0.654739,residential,False,1.80288,False,695.381,544.102,613.436,369.557,476.225,669.442,1134.23,0.165378,0.0610554,0.206483,0.000901974,0.116403,0.16491,0.207853,0.115501,0.833447
03104,03,1132,1129,35.3184,3.56441,32.681,0.592414,residential,False,1.68671,False,491.889,758.866,462.32,487.53,415.852,880.743,682.014,0.190794,0.0713121,0.206133,-0.0449642,0.0608772,0.13706,0.214904,0.105841,0.786846
03105,03,1740.33,1734.33,23.1963,3.14399,33.2649,0.548147,residential,False,0.794805,False,168.614,427.708,287.693,325.259,194.241,421.266,688.985,0.210879,0.0805545,0.145515,0.018762,0.127784,0.135916,0.23924,0.109022,0.546683
03106,03,1344.4,1340.4,75.9213,4.3297,32.4761,0.578542,residential,False,0.312207,False,290.146,538.402,116.72,98.6616,144.107,464.345,291.163,0.292817,0.0912518,0.144263,-0.14335,-0.0507289,0.0842774,0.209452,0.0926212,0.622584
03107,03,1508.29,1189.29,31.3238,3.44438,34.5358,0.514688,residential,False,2.05974,False,1267.56,702.518,515.728,593.707,557.623,1123.76,660.473,0.279066,0.0582414,0.206758,-0.210053,-0.113206,0.0849919,0.19078,0.0968467,0.774396
03108,03,1179,1179,210.399,5.349,32.5184,0.497737,residential,False,-0.671851,False,287.233,175.9,114.973,0,280.226,170.09,281.659,0.286168,0.0804529,0.16119,-0.149749,-0.0566506,0.0639157,0.233693,0.0930979,0.735901
03109,03,1699.07,1699.07,228.012,5.4294,33.4316,0.539644,residential,False,-0.213084,False,229.19,259.184,81.72,51.4262,107.23,313.078,313.045,0.332243,0.0723012,0.158069,-0.259279,-0.153349,0.0466321,0.1844,0.105931,0.651791
03110,03,1182.02,1181.99,53.99,3.9888,34.5387,0.480253,residential,False,-0.365386,False,176.194,70.5004,21.1651,61.4214,147.245,377.057,668.721,0.385651,0.0898706,0.112641,-0.239201,-0.150117,0.0461736,0.212917,0.0890834,0.603979
03111,03,1324.56,1300.34,226.945,5.42471,33.1669,0.557694,residential,False,-0.00346589,False,475.589,135.723,40.3972,36.2158,316.694,124.816,591.524,0.412592,0.0684544,0.113264,-0.316325,-0.210629,0.0395989,0.169932,0.105696,0.602378
03112,03,1584.64,1583.86,506.103,6.22674,33.407,0.541935,residential,False,0.10121,False,646.951,170.036,83.8532,10.8747,325.748,153.84,669.433,0.426058,0.0660971,0.0919036,-0.275054,-0.196332,0.0448211,0.198087,0.078722,0.573835
03113,03,1204,1204,378.558,5.93637,33.9004,0.537868,residential,False,0.05285,False,842.129,101.123,131.721,9.23782,244.146,150.824,876.322,0.390924,0.0761346,0.101148,-0.26035,-0.161624,0.0436239,0.188097,0.0987261,0.675657
03114,03,1241.72,1238.74,164.453,5.10262,33.6076,0.551838,residential,False,-0.353161,False,719.715,37.7377,33.5847,70.3837,118.222,100.723,1023.84,0.400523,0.0656903,0.13065,-0.337946,-0.234471,0.0393988,0.153828,0.103475,0.615545
03115,03,1375.86,1375.86,176.297,5.17217,34.5979,0.4121,residential,False,-0.133722,False,762.068,56.1251,70.1228,20.5884,184.518,282.111,563.841,0.372272,0.0662211,0.100482,-0.20849,-0.135762,0.0659112,0.198353,0.0727281,0.694234
03116,03,1020,1020,36.9853,3.61052,33.589,0.593695,residential,False,1.50835,False,705.828,579.775,615.592,562.851,288.843,1058.44,332.724,0.233488,0.0573175,0.234494,-0.196123,-0.0854915,0.107455,0.164405,0.110632,0.841798
03117,03,1198.14,1198.14,278.122,5.62806,35.1788,0.385713,residential,False,-0.375758,False,644.231,69.9662,88.3465,36.8469,96.7415,174.444,448.32,0.311684,0.0665435,0.122465,-0.136278,-0.0464335,0.0782988,0.219573,0.0898442,0.713233
03118,03,1070.99,1070.99,29.2806,3.37693,35.0986,0.564058,residential,False,0.700076,False,356.828,312.956,192.966,200.956,266.92,255.952,551.604,0.334222,0.0650936,0.21832,-0.338396,-0.246368,0.0562351,0.157911,0.0920285,0.792311
03119,03,1111,1111,125.348,4.83109,36.5171,0.438489,residential,False,-0.395042,False,350.793,231.986,86.6738,66.7082,112.58,121.582,184.803,0.308204,0.0738862,0.136896,-0.176059,-0.0620133,0.0764588,0.192582,0.114046,0.761444
03120,03,1022,1022,109.803,4.69869,34.5611,0.541341,residential,False,0.0857767,False,548.093,318.577,56.4266,50.7383,144.802,275.465,401.781,0.30886,0.0671386,0.161985,-0.208881,-0.114425,0.0785703,0.183393,0.0944564,0.774963
03121,03,1129.82,1012.91,48.9733,3.89128,35.4486,0.525214,residential,False,0.807653,False,789.77,169.22,136.776,118.504,364.165,477.941,497.889,0.276303,0.0348009,0.250383,-0.296826,-0.196604,0.0776797,0.15218,0.100222,0.808336
03122,03,985,985,27.69,3.32107,34.2054,0.609101,residential,False,0.90793,False,425.244,415.442,185.861,334.622,227.332,593.47,402.025,0.190456,0.0553162,0.2691,-0.135195,-0.0396532,0.132904,0.191457,0.0955421,0.845629
03123,03,1107,1107,32.584,3.48382,34.4137,0.571034,residential,False,0.535442,False,267.969,205.747,438.752,210.278,157.05,542.598,335.258,0.205533,0.0540561,0.247664,-0.147196,-0.0545912,0.126779,0.179222,0.0926044,0.847189
03124,03,1035.01,1032.01,49.9888,3.9118,35.7519,0.520164,residential,False,0.371049,False,600.035,245.143,60.6057,100.433,230.404,139.46,790.024,0.36346,0.0830516,0.18548,-0.365574,-0.258757,0.0531997,0.130165,0.106817,0.75463
03125,03,1111.95,1111.95,30.1888,3.40747,34.1089,0.59558,residential,False,2.18366,False,786.066,802.966,868.542,750.947,617.462,1038.8,817.634,0.221026,0.0708026,0.256318,-0.216329,-0.11322,0.108532,0.152483,0.103109,0.83994
03126,03,1309,1309,298.788,5.69973,36.7848,0.451871,residential,False,-0.982105,False,285.252,54.2111,63.7365,27.6926,72.509,65.4656,455.12,0.347533,0.0748921,0.114642,-0.191166,-0.0921692,0.0814714,0.189538,0.0989965,0.744341
03127,03,1804.12,1804.12,99.0926,4.59605,35.7406,0.527964,residential,False,-0.281554,False,247.334,95.4893,70.5043,47.6735,212.277,261.382,243.915,0.3583,0.0438958,0.156918,-0.259584,-0.173144,0.0768668,0.178767,0.0864401,0.693414
03128,03,1281.36,1163.36,27.9476,3.33033,34.9533,0.480124,residential,False,1.4533,False,730.887,434.299,387.274,275.511,513.686,627.265,478.348,0.26127,0.0758388,0.225652,-0.243178,-0.139804,0.101465,0.142278,0.103375,0.846493
03129,03,1233,1233,63.7477,4.15493,36.3915,0.406245,residential,False,0.497225,False,747.386,116.144,138.477,102.315,284.244,441.779,332.554,0.250626,0.0400529,0.257107,-0.26453,-0.158161,0.0854992,0.157704,0.106368,0.779885
03130,03,1331.88,1331.88,268.178,5.59165,36.5306,0.418089,residential,False,-0.111796,False,412.162,65.7642,53.4831,80.8018,188.969,221.692,493.384,0.302472,0.0603345,0.154713,-0.16332,-0.0719047,0.0664475,0.227417,0.0914156,0.701524
03131,03,1191,1191,53.2412,3.97483,35.2659,0.559183,residential,False,0.667036,False,701.743,176.395,121.25,94.1063,230.047,471.965,757.203,0.234657,0.0664957,0.234438,-0.192002,-0.0908043,0.104142,0.172952,0.101197,0.807545
03132,03,1066.75,1066.75,28.5043,3.35006,34.9009,0.576139,residential,False,0.831645,False,308.88,381.23,332.258,402.743,209.674,430.501,364.986,0.24345,0.0858643,0.251017,-0.266484,-0.166734,0.0966007,0.131382,0.0997509,0.840215
03133,03,1135.14,1135.14,33.1526,3.50112,34.7325,0.566253,residential,False,1.07119,False,670.497,254.127,281.027,255.437,364.008,429.361,488.078,0.252539,0.0515894,0.23464,-0.201066,-0.126214,0.10367,0.182444,0.0748519,0.823763
03134,03,1169.19,1160.19,38.5799,3.65273,35.2877,0.482228,residential,False,0.000528166,False,234.285,153.322,122.446,215.25,172.124,202.608,229.673,0.262762,0.0763315,0.234103,-0.258862,-0.15721,0.0963115,0.141692,0.101651,0.807647
03135,03,1119.91,1025.91,43.7885,3.77937,34.4795,0.555829,residential,False,0.802097,False,505.955,189.026,141.669,269.498,402.123,278.425,476.988,0.282802,0.0822108,0.226307,-0.301351,-0.20238,0.085739,0.122019,0.0989714,0.818017
03136,03,1025,1025,47.9557,3.87028,35.3205,0.525344,residential,False,0.557552,False,314.771,258.53,237.728,135.052,195.555,366.186,542.144,0.214931,0.0611919,0.281803,-0.244958,-0.14853,0.112721,0.139055,0.0964283,0.846123
03137,03,1270.93,1270.93,38.4692,3.64986,35.4153,0.553584,residential,False,1.19714,False,439.122,362.157,264.763,310.488,313.011,773.04,608.512,0.277029,0.0584493,0.239243,-0.246269,-0.16889,0.0949649,0.175038,0.0773795,0.801497
03138,03,1213.63,1133.67,48.6522,3.8847,34.1968,0.530793,residential,False,0.995009,False,816.578,649.842,270.117,413.376,146.064,733.196,253.312,0.259059,0.0518209,0.193259,-0.138462,-0.0440353,0.121745,0.192111,0.0944268,0.75943
03139,03,1526,1526,45.7391,3.82295,35.6282,0.483679,residential,False,0.87109,False,826.998,246.842,231.155,283.545,240.775,298.809,483.448,0.222036,0.0615018,0.214292,-0.128467,-0.0360781,0.148769,0.159092,0.0923887,0.79433
03140,03,1123.68,1099.1,39.3584,3.67271,35.4827,0.529599,residential,False,1.44397,False,722.59,415.485,522.118,464.546,373.24,493.731,540.795,0.219185,0.0584481,0.23976,-0.178269,-0.0813704,0.125031,0.155645,0.0968988,0.84323
03201,03,756.087,557.087,27.7048,3.32161,34.1733,0.529749,residential,False,2.37207,False,3460.12,251.669,1999.92,632.788,219.248,1443.74,3182.11,0.481135,0.0484715,0.164693,-0.493253,-0.418617,0.052878,0.0996971,0.0746351,0.827586
03202,03,1135.77,800.453,16.7466,2.81819,34.0407,0.57133,residential,False,2.02769,False,2067.45,426.44,1020.49,467.153,303.684,508.796,2133.8,0.326401,0.0497128,0.183799,-0.235888,-0.15508,0.120024,0.154288,0.0808081,0.784566
03203,03,1346.23,1343.12,143.138,4.96381,35.435,0.481099,residential,False,0.0120194,False,335.931,148.96,54.9133,55.2371,180.863,218.597,695.58,0.316963,0.0754438,0.163363,-0.208959,-0.119857,0.0764052,0.194962,0.0891025,0.763532
03204,03,1402.11,1402.11,123.276,4.81443,34.4496,0.515626,residential,False,-0.101722,False,222.975,74.6434,79.6862,106.677,97.3543,440.121,750.232,0.312301,0.0572813,0.166877,-0.204265,-0.098839,0.0646753,0.210237,0.105426,0.749142
03205,03,1177.13,1177.13,147.456,4.99353,35.5568,0.492154,residential,False,-0.26696,False,193.294,91.5512,67.0817,56.6165,198.457,137.228,572.105,0.350645,0.0475107,0.149648,-0.220495,-0.143279,0.0863235,0.193475,0.0772163,0.719183
03206,03,1080,1080,174.947,5.16448,34.7182,0.453212,residential,False,-0.370563,False,350.81,107.004,45.1631,99.1608,147.117,202.085,195.079,0.323761,0.0638577,0.192721,-0.284503,-0.192385,0.084275,0.147704,0.0921176,0.816696
03207,03,1174.57,920.606,40.6696,3.70548,34.3514,0.539774,residential,False,1.25933,False,1099.45,440.308,561.977,204.322,214.556,888.076,402.788,0.269634,0.0440459,0.247632,-0.283694,-0.168423,0.103618,0.129953,0.115271,0.756843
03208,03,1040.76,1040.76,94.4741,4.54833,34.6515,0.516628,residential,False,-0.170864,False,170.874,160.944,65.4406,50.5004,133.355,385.998,500.415,0.280329,0.0685543,0.210193,-0.224575,-0.138754,0.0850518,0.180895,0.0858211,0.741908
03209,03,1039.56,794.442,66.1664,4.19217,34.5603,0.551186,residential,False,0.497229,False,346.438,114.726,88.2466,94.9003,231.746,666.583,868.07,0.306079,0.0495415,0.185421,-0.244571,-0.113326,0.0925108,0.154418,0.131245,0.76763
03210,03,1064.11,599.61,37.911,3.63524,34.2757,0.586783,residential,False,1.35076,False,701.987,515.74,568.919,637.107,210.831,955.087,321.677,0.341256,0.0572508,0.210001,-0.324498,-0.232106,0.0843249,0.142434,0.0923925,0.776218
03211,03,1115.61,1109.61,74.9905,4.31736,35.9004,0.466882,residential,False,0.365516,False,680.646,271.838,539.055,132.79,144.759,562.779,79.2597,0.207165,0.0498156,0.253919,-0.139362,-0.0401838,0.168916,0.152805,0.0991782,0.82802
03212,03,1146.3,965.115,74.3706,4.30906,34.4832,0.52473,residential,False,0.576835,False,504.974,199.682,368.622,330.684,158.557,299.445,316.102,0.214228,0.0648186,0.204028,-0.11238,0.00393987,0.117767,0.18811,0.116319,0.813316
03213,03,1245.57,1168.04,59.1722,4.08045,35.3298,0.513964,residential,False,0.448374,False,473.896,272.534,303.562,209.846,129.266,258.223,363.369,0.230274,0.0471986,0.234367,-0.178912,-0.0665839,0.117472,0.168257,0.112328,0.798711
03214,03,993.47,987.47,42.0804,3.73958,34.329,0.568172,residential,False,0.821156,False,461.694,353.145,555.926,211.215,127.417,734.469,405.733,0.200633,0.0473454,0.289705,-0.194747,-0.107518,0.129075,0.166516,0.0872282,0.853405
03215,03,1142,1142,72.1995,4.27943,34.1026,0.541242,residential,False,0.867743,False,428.104,356.521,280.593,557.935,179.068,775.792,233.301,0.208068,0.0539069,0.192375,-0.0585933,0.0513947,0.164732,0.177117,0.109988,0.735595
03216,03,1408,1399,83.1886,4.42111,34.68,0.546931,residential,False,0.234973,False,381.766,154.072,49.3076,516.076,265.153,123.733,306.962,0.252065,0.0696469,0.186215,-0.138277,-0.04407,0.104217,0.195785,0.0942075,0.790026
03217,03,1263.98,1177.88,43.0534,3.76244,37.9721,0.304957,residential,False,0.501187,False,368.866,202.959,299.498,215.361,187.392,206.814,487.426,0.181029,0.0513733,0.178695,0.0384004,0.152341,0.150065,0.248059,0.113941,0.828132
03218,03,1506,1506,204.501,5.32057,35.646,0.442365,residential,False,-0.45743,False,108.346,131.71,94.1825,211.865,89.7572,464.59,115.952,0.164766,0.051696,0.184932,0.0301486,0.141334,0.11819,0.261656,0.111186,0.757256
03219,03,1112.47,1110,31.7781,3.45878,39.161,0.307046,residential,False,0.0219377,False,397.091,126.842,267.367,144.939,103.671,138.015,443.603,0.210117,0.0786111,0.18505,-0.0918885,0.0375107,0.128412,0.174866,0.129399,0.827331
03220,03,1110,1110,202.81,5.31227,34.9958,0.480446,residential,False,0.252992,False,477.163,118.54,300.568,198.323,177.502,124.498,381.155,0.162999,0.0694888,0.205282,-0.0222895,0.105824,0.139839,0.206153,0.128114,0.800052
03221,03,1409.53,1406.53,91.6142,4.51759,33.5408,0.541113,residential,False,1.48647,False,588.077,708.196,554.364,503.952,276.629,966.787,399.804,0.215183,0.0575618,0.228155,-0.126648,-0.0120571,0.143491,0.173199,0.114591,0.823008
03222,03,717,717,40.2894,3.69609,35.3356,0.534888,residential,False,0.85351,False,452.138,343.831,314.42,301.476,268.098,244.259,447.852,0.197574,0.05822,0.269398,-0.193083,-0.0693657,0.122701,0.151188,0.123717,0.865889
03223,03,1272,1272,118.759,4.77709,34.4283,0.537854,residential,False,0.0624501,False,146.64,170.12,213.563,134.475,183.972,310.182,249.355,0.140021,0.0513211,0.180354,0.119263,0.213631,0.167909,0.271729,0.0943685,0.835795
03224,03,1470,1470,160.562,5.07868,35.0817,0.521298,residential,False,-0.241739,False,190.496,123.864,63.7661,57.2686,207.279,353.203,218.501,0.200906,0.0370246,0.165691,0.0199902,0.142113,0.149567,0.23702,0.122122,0.789426
03225,03,1290,1254,75.683,4.32655,34.1324,0.544214,residential,False,0.977617,False,521.982,435.491,321.686,270.256,271.512,651.998,251.404,0.130258,0.0673191,0.208545,0.0798515,0.18455,0.180135,0.23852,0.104699,0.778316
03226,03,1228,1228,205.204,5.32401,34.9489,0.499684,residential,False,-0.379617,False,167.715,108.313,114.628,136.467,89.3669,330.848,211.175,0.225373,0.0634071,0.151198,-0.0421018,0.0769297,0.114406,0.220063,0.119032,0.728939
03227,03,1103,1103,113.347,4.73045,34.2518,0.534365,residential,False,0.170923,False,224.666,174.692,205.277,153.68,145.789,488.858,242.52,0.219606,0.0597994,0.183361,-0.0833792,0.0381033,0.126999,0.192589,0.121482,0.777634
03228,03,1237,1237,118.542,4.77527,34.0971,0.551147,residential,False,-0.0717627,False,123.105,160.602,78.3647,111.56,195.372,348.31,312.548,0.177303,0.0599269,0.208255,-0.0607431,0.0786394,0.134697,0.190118,0.139383,0.747853
03229,03,1167,1161,53.0958,3.9721,33.5073,0.594322,residential,False,0.894718,False,606.928,155.283,253.037,259.671,237.587,641.686,547.504,0.155955,0.0588702,0.207457,-0.0150605,0.111264,0.167518,0.180834,0.126324,0.832023
03230,03,1309,1309,103.768,4.64216,33.8347,0.570291,residential,False,0.834338,False,476.563,318.65,210.53,247.402,295.972,306.359,448.368,0.118686,0.0632156,0.160023,0.193375,0.30371,0.229219,0.242866,0.110335,0.838725
03231,03,1231,1209,168.551,5.12724,34.8195,0.503533,residential,False,-0.400126,False,162.279,141.502,79.3794,89.6319,113.603,279.939,219.225,0.174096,0.0635231,0.201227,-0.0184849,0.104895,0.157194,0.199644,0.12338,0.796812
03232,03,1314,1314,157.21,5.05758,35.6057,0.425112,residential,False,-0.367316,False,208.416,99.4976,186.189,102.042,101.975,166.211,260.761,0.215766,0.0528542,0.130277,0.0549901,0.153609,0.143752,0.257281,0.0986192,0.736448
03233,03,1826,1826,96.5957,4.57053,34.8512,0.53067,residential,False,-0.143666,False,206.695,116.002,138.601,176.098,199.32,125.079,224.798,0.146967,0.0418145,0.183721,0.108642,0.214221,0.171775,0.267554,0.105579,0.803548
03234,03,1091,1028,93.9014,4.54225,34.1077,0.541175,residential,False,0.518625,False,508.289,134.07,276.192,135.955,143.449,622.611,488.488,0.163414,0.0543942,0.217756,-0.00631774,0.107376,0.179645,0.195208,0.113694,0.844647
03235,03,1115,1115,200.014,5.29839,35.0081,0.487685,residential,False,0.23686,False,354.505,151.176,198.134,186.565,105.289,368.798,451.098,0.124381,0.0455193,0.1497,0.221643,0.32968,0.20293,0.292794,0.108036,0.801867
03236,03,1317,1296,56.8282,4.04003,34.1619,0.55138,residential,False,0.837817,False,675.022,298.417,104.763,313.776,176.126,618.361,575.05,0.169885,0.0581637,0.195633,0.00325186,0.125721,0.161616,0.207153,0.122469,0.851408
03237,03,1246.29,1246.27,54.0495,3.9899,33.7037,0.532816,residential,False,0.944007,False,597.822,265.469,93.2698,469.751,297.788,683.188,369.502,0.139025,0.051326,0.230793,0.02041,0.128374,0.167929,0.222299,0.107964,0.841118
03238,03,1457.7,1451.72,68.3159,4.22414,34.7921,0.539741,residential,False,-0.061983,False,129.545,123.037,168.149,200.238,170.324,167.195,356.197,0.135965,0.0562195,0.187458,0.0962625,0.203151,0.198738,0.220948,0.106889,0.839314
03301,03,1122.35,1056.94,57.829,4.05749,36.4343,0.444085,residential,False,0.953869,False,383.265,676.965,714.781,167.059,158.917,869.745,300.885,0.250335,0.0651993,0.179355,-0.135911,-0.0144053,0.112385,0.181394,0.121506,0.792248
03302,03,1343,1300,29.3373,3.37886,37.7276,0.361098,residential,False,1.02439,False,387.874,531.219,820.858,291.938,185.884,674.062,294.216,0.224572,0.0592108,0.193675,-0.0944245,0.00487462,0.137423,0.1864,0.0992991,0.801932
03303,03,1017,1017,51.9792,3.95084,38.0578,0.376758,residential,False,0.303443,False,363.748,272.596,238.505,228.982,140.709,279.142,224.659,0.247776,0.0662716,0.151629,-0.0633656,0.0526544,0.131128,0.204911,0.11602,0.781083
03304,03,1121.13,1112,87.8513,4.47565,34.3866,0.527795,residential,False,0.285414,False,271.662,175.874,703.808,101.731,146.165,473.017,204.42,0.335044,0.0767179,0.112235,-0.145043,-0.0593658,0.0744949,0.227742,0.0856768,0.715818
03305,03,1244,1244,142.197,4.95722,34.8644,0.519262,residential,False,-0.181562,False,156.464,146.099,84.5222,131.883,117.37,275.048,387.063,0.168565,0.0390941,0.173716,0.0791686,0.184625,0.190293,0.231156,0.105456,0.822919
03306,03,1017,1017,190.062,5.24735,35.3616,0.52047,residential,False,-0.389755,False,418.469,56.8503,566.662,17.9739,138.537,214.979,173.583,0.338226,0.0679647,0.10111,-0.137387,-0.0158846,0.0705342,0.231414,0.121502,0.642846
03307,03,1198,1198,132.239,4.88461,35.8835,0.525672,residential,False,0.162127,False,414.089,209.003,345.537,96.9205,109.901,312.236,265.372,0.257604,0.0764951,0.149259,-0.0871045,0.00258483,0.122793,0.196965,0.0896893,0.743667
03308,03,1474.13,1474.13,124.922,4.82769,36.0089,0.454589,residential,False,-0.304118,False,205.374,144.153,167.704,222.579,131.487,162.405,108.388,0.229566,0.0426969,0.147981,-0.00838591,0.10951,0.125462,0.243699,0.117896,0.770707
03309,03,1309,1309,126.431,4.8397,35.4769,0.476613,residential,False,-0.628981,False,126.611,120.129,103.424,94.6132,97.1491,117.877,251.06,0.13613,0.0526273,0.184262,0.122524,0.223667,0.200974,0.241943,0.101143,0.829655
03310,03,977.87,977.87,109.892,4.6995,34.4623,0.539138,residential,False,-0.141682,False,234.648,136.994,183.014,123.871,134.149,147.05,301.427,0.225891,0.0600579,0.1403,0.00924675,0.126851,0.152014,0.223424,0.117604,0.824032
03311,03,1393,1393,118.426,4.77429,34.3186,0.553995,residential,False,-0.136456,False,131.899,169.867,163.309,113.112,228.804,70.6033,396.332,0.14644,0.0591722,0.154118,0.135296,0.251116,0.199876,0.235978,0.115821,0.808792
03312,03,1630.24,1630.24,300.034,5.70389,35.541,0.484093,residential,False,-1.0233,False,241.174,0,152.99,52.7878,229.539,153.466,394.085,0.322538,0.0610483,0.112742,-0.116638,-0.0163539,0.109499,0.209143,0.100284,0.652225
03313,03,1093.92,1093.92,141.035,4.94901,35.1334,0.550933,residential,False,-0.323678,False,241.752,209.051,7.56211,100.62,247.965,131.3,362.074,0.182751,0.0472786,0.16722,0.0480302,0.167912,0.167229,0.230772,0.119881,0.770309
03314,03,1185.79,1185.79,74.2251,4.3071,34.8105,0.535178,residential,False,-0.311234,False,237.406,105.029,97.9291,213.903,136.036,166.538,164.192,0.149172,0.042242,0.191755,0.0571972,0.176907,0.191747,0.206377,0.11971,0.828201
03315,03,1219.07,1219.06,273.096,5.60982,35.0126,0.426411,residential,False,0.475087,False,326.594,151.521,113.242,109.227,360.522,267.547,564.469,0.114199,0.062497,0.122776,0.274232,0.395963,0.195676,0.315532,0.12173,0.843879
03316,03,1375.99,1375.99,71.063,4.26357,34.3413,0.557976,residential,False,-0.0255247,False,396.813,62.0882,231.855,233.001,139.093,184.19,259.597,0.106328,0.052815,0.186639,0.174246,0.269244,0.17692,0.290293,0.0949978,0.805813
03317,03,1252,1252,165.586,5.10949,35.287,0.491957,residential,False,0.213124,False,339.82,309.551,126.455,96.1536,224.431,201.678,266.999,0.16501,0.0727406,0.106928,0.193811,0.291222,0.137932,0.327817,0.0974109,0.808903
03318,03,1047.21,1044.22,136.904,4.91928,35.2203,0.541285,residential,False,0.123906,False,492.564,140.592,189.288,55.2801,217.576,127.483,452.322,0.173726,0.0667399,0.0959136,0.191152,0.307088,0.16342,0.297372,0.115936,0.798288
03319,03,1176,1176,313.786,5.74871,36.7067,0.333393,residential,False,-0.0690322,False,196.4,400.724,209.55,28.2133,152.065,102.751,562.684,0.130358,0.0529972,0.103929,0.299102,0.37828,0.174707,0.358682,0.0791786,0.802885
03320,03,1287.93,1287.82,201.39,5.30524,36.3543,0.493111,residential,False,-0.0927474,False,481.307,359.725,101.144,35.2952,119.564,370.362,176.991,0.221072,0.0463342,0.0978814,0.150887,0.238439,0.152269,0.317571,0.0875525,0.743005
03321,03,1339,1339,219.377,5.39079,35.3882,0.426114,residential,False,0.0336832,False,272.042,148.705,181.192,116.781,125.188,169.148,535.343,0.124507,0.0400957,0.114361,0.290732,0.391818,0.208098,0.321502,0.101086,0.783006
03322,03,1149.38,1149.38,57.7196,4.0556,34.1153,0.611409,residential,False,0.31102,False,490.581,239.323,169.237,217.488,150.583,375.324,183.421,0.101873,0.0499391,0.203505,0.148406,0.260648,0.185035,0.268748,0.112242,0.827759
03323,03,1449,1449,465.192,6.14245,36.1553,0.329916,residential,False,-0.0692487,False,325.019,399.184,71.8439,92.389,83.4543,217.371,422.428,0.14471,0.0444785,0.125134,0.219493,0.32027,0.194797,0.29454,0.100777,0.811916
03324,03,1187.63,1187.63,171.92,5.14703,34.1181,0.565316,residential,False,0.112618,False,314.25,134.853,75.2786,110.818,334.047,184.467,278.958,0.0884925,0.0355515,0.148587,0.269829,0.413273,0.239838,0.26707,0.143444,0.798346
03325,03,1108,1108,251.988,5.52938,34.7606,0.512036,residential,False,0.123037,False,186.069,129.803,62.2472,144.215,233.473,367.001,420.949,0.0903671,0.0529838,0.130992,0.343032,0.442408,0.253798,0.310593,0.0993759,0.807926
03326,03,1154.02,1150,151.832,5.02278,34.3691,0.535265,residential,False,0.0966823,False,382.873,255.467,53.2105,235.994,112.645,319.301,307.521,0.0586769,0.0462813,0.128164,0.360735,0.506732,0.229788,0.317788,0.145997,0.766864
03327,03,1030.59,1030.59,181.634,5.20199,35.2772,0.496154,residential,False,-0.52428,False,104.465,73.7003,66.1056,122.018,138.478,250.102,238.359,0.0844775,0.038796,0.127267,0.3795,0.480402,0.216138,0.375107,0.100902,0.880991
03328,03,1367.63,1367.63,249.142,5.51802,35.1748,0.476221,residential,False,-1.17005,False,126.563,29.186,147.869,44.1603,110.513,80.2625,128.154,0.134171,0.0543624,0.110429,0.265099,0.391116,0.200408,0.30929,0.126018,0.814512
03329,03,1311.78,1311.78,181.761,5.20269,35.4527,0.464286,residential,False,-1.13371,False,172.32,7.31564,33.9031,59.9913,196.598,165.73,161.03,0.0895584,0.0484502,0.118319,0.315019,0.454185,0.225449,0.297448,0.139166,0.835961
03330,03,1299.94,1299.94,120.929,4.7952,36.5456,0.38253,residential,False,-0.154995,False,99.7054,235.704,136.453,132.673,110.497,175.516,494.156,0.115718,0.0325898,0.130739,0.275432,0.378714,0.176415,0.345474,0.103282,0.811942
03331,03,1234.12,1231.21,165.158,5.10691,36.7492,0.408033,residential,False,-0.602119,False,99.9084,65.0226,236.401,122.533,112.663,140.711,191.069,0.122417,0.0445204,0.109943,0.305082,0.411384,0.181445,0.355997,0.106302,0.792988
03332,03,1287,1287,144.564,4.97372,36.5887,0.47258,residential,False,-0.792684,False,64.9342,67.0609,149.804,107.297,107.097,250.059,118.273,0.0696147,0.0332952,0.140047,0.357964,0.481581,0.25143,0.316195,0.123617,0.760565
03333,03,1264,1264,232.902,5.45062,36.1134,0.446191,residential,False,-1.10655,False,261.551,57.718,209.799,5.00426,110.902,60.4564,222.158,0.0852754,0.0362225,0.117066,0.342828,0.468801,0.201522,0.343647,0.125973,0.797134
03334,03,1230,1230,167.145,5.11886,36.2707,0.391557,residential,False,-0.732255,False,126.596,104.246,167.72,69.5869,107.52,62.9318,241.253,0.0679609,0.0401484,0.089378,0.484557,0.584064,0.235838,0.406059,0.0995061,0.854175
03335,03,1306,1306,322.49,5.77607,36.5137,0.362389,residential,False,-0.82728,False,151.152,75.9085,85.1386,108.542,80.2105,112.337,196.675,0.0530334,0.0351577,0.113149,0.420556,0.555546,0.226913,0.359825,0.13499,0.869236
03336,03,929.835,929.835,364.233,5.89779,36.6991,0.364036,residential,False,-0.881672,False,112.172,41.3933,171.174,29.6609,110.735,319.219,134.483,0.0861126,0.0318181,0.102446,0.386499,0.517913,0.255354,0.319704,0.131414,0.867167
03337,03,1201.16,1168.16,293.97,5.68348,35.1314,0.455117,residential,False,0.138147,False,289.001,66.1677,247.863,137.438,214.968,291.257,314.509,0.0717642,0.0301288,0.1705,0.287607,0.407425,0.255626,0.274245,0.119818,0.875069
03338,03,1294.38,1294.38,247.031,5.50951,36.0475,0.395728,residential,False,-0.0910839,False,377.334,120.537,258.256,155.842,119.958,236.512,149.944,0.0808779,0.032112,0.136802,0.321947,0.440833,0.253088,0.286539,0.118886,0.846629
03339,03,1396.7,1396.7,319.163,5.7657,35.9124,0.442303,residential,False,0.100289,False,402.346,212.895,357.254,60.0665,183.006,193.728,196.965,0.0671026,0.031615,0.0917346,0.44963,0.56993,0.256369,0.352098,0.1203,0.841113
03340,03,1325.84,1325.59,299.134,5.70089,35.3597,0.485084,residential,False,0.161419,False,274.867,79.3709,190.099,132.922,243.279,431.894,226.003,0.0732606,0.0256583,0.082439,0.471144,0.590701,0.274024,0.35282,0.119557,0.838614
03401,03,1085.07,1085.07,28.4719,3.34892,34.0339,0.606251,residential,False,1.93129,False,1116.34,898.729,859.236,853.223,172.466,1120.79,1134.6,0.236837,0.069939,0.255851,-0.254802,-0.148535,0.0925315,0.145354,0.106267,0.825469
03402,03,966.409,966.409,27.5791,3.31706,34.4367,0.557796,residential,False,1.36849,False,658.908,639.343,454.15,741.173,148.758,831.831,601.444,0.238551,0.0643657,0.24017,-0.197698,-0.0981335,0.110183,0.170839,0.0995646,0.878236
03403,03,1077.08,1071.08,32.0182,3.4663,34.3648,0.592278,residential,False,1.93669,False,734.137,1072.17,584.704,1070.87,339.381,1054.46,593.656,0.265953,0.0761771,0.219903,-0.234292,-0.135949,0.090792,0.160773,0.0983422,0.820131
03404,03,856.895,701.395,30.8382,3.42876,33.9788,0.583815,residential,False,0.834696,False,563.048,400.007,205.1,262.862,157.552,531.304,511.492,0.314323,0.0623919,0.236223,-0.321063,-0.234877,0.0727735,0.156709,0.086186,0.637268
03405,03,1305.18,1292.18,32.9146,3.49392,34.434,0.543765,residential,False,0.616565,False,254.851,351.531,202.873,405.562,158.715,357.477,454.384,0.241298,0.0520167,0.264386,-0.246731,-0.166532,0.0993466,0.159606,0.0801992,0.800613
03406,03,967.852,967.852,35.2371,3.5621,34.2412,0.584993,residential,False,1.56724,False,552.19,687.477,526.479,779.357,252.735,584.723,800.22,0.235085,0.0714921,0.244895,-0.215763,-0.113776,0.109727,0.154491,0.101987,0.869757
03407,03,918.417,265.42,30.39,3.41411,34.661,0.571979,residential,False,1.37176,False,645.608,947.648,278.966,309.16,166.035,990.096,838.128,0.350031,0.0697046,0.195938,-0.353909,-0.247547,0.0629964,0.129063,0.106362,0.782431
03408,03,1594.94,1439.94,31.938,3.4638,34.8391,0.524213,residential,False,1.75192,False,780.97,906.406,393.738,331.712,505.337,744.85,656.861,0.283328,0.0619219,0.189346,-0.211816,-0.0898358,0.0976091,0.163248,0.121981,0.829214
03409,03,1061.77,1058.77,21.6016,3.07277,34.3337,0.526977,residential,False,1.91103,False,1111.66,983.949,619.533,435.679,396.249,785.029,749.69,0.313372,0.0815229,0.202569,-0.301379,-0.21196,0.0782364,0.136327,0.0894191,0.817921
03410,03,1188.81,1167.81,33.5681,3.51358,37.9706,0.338142,residential,False,0.488711,False,255.46,274.49,187.807,263.989,151.602,394.891,459.055,0.247037,0.0532699,0.126938,-0.00765798,0.0951692,0.125026,0.241291,0.102827,0.740611
03411,03,1430.03,1430.03,108.747,4.68903,35.2378,0.520634,residential,False,0.479035,False,375.181,332.034,256.626,83.4212,302.054,277.814,240.689,0.232609,0.0643174,0.103341,0.0543389,0.153329,0.0967259,0.293562,0.09899,0.787827
03412,03,1127.64,936.01,21.9374,3.08819,37.4793,0.307957,residential,False,1.26439,False,714.422,570.572,332.624,440.561,254.373,454.178,527.072,0.268578,0.0847004,0.195065,-0.205076,-0.109518,0.0943361,0.16423,0.0955582,0.776108
03413,03,1501.89,1474.89,117.942,4.77019,35.5255,0.50341,residential,False,0.412113,False,318.77,268.31,183.551,245.72,184.589,206.802,385.854,0.263708,0.0551906,0.1266,-0.0209538,0.0660747,0.106479,0.262876,0.0870285,0.73334
03414,03,933.757,933.757,194.674,5.27133,34.9175,0.450343,residential,False,0.296533,False,461.1,112.885,158.873,108.432,252.46,222.163,412.544,0.237237,0.0660791,0.0922734,0.0852967,0.169391,0.100507,0.3143,0.0840945,0.736273
03415,03,1577.3,1577.3,162.792,5.09247,35.9554,0.38111,residential,False,0.135114,False,246.402,138.755,294.663,221.431,153.276,197.523,282.862,0.123205,0.0481494,0.162025,0.158373,0.281727,0.167372,0.27623,0.123355,0.784902
03416,03,1505.22,1505.22,224.4,5.41343,34.7869,0.387857,residential,False,-0.0291844,False,528.13,144.313,164.228,49.1164,181.582,166.155,276.117,0.181274,0.0565846,0.115187,0.126215,0.234674,0.101015,0.32166,0.108459,0.705228
03417,03,1560.4,1554.04,87.04,4.46637,34.7385,0.460876,residential,False,0.0495414,False,195.014,288.53,87.8003,109.132,152.396,362.757,288.002,0.256537,0.0537488,0.147243,-0.0971186,0.0169683,0.107986,0.198675,0.114087,0.794381
03418,03,894.891,894.891,161.833,5.08657,34.7124,0.492631,residential,False,-0.167191,False,370.362,289.73,203.05,72.6275,107.369,87.8516,290.779,0.261002,0.064718,0.141643,-0.0555559,0.0412058,0.0893335,0.257755,0.0967618,0.671683
03419,03,1074.81,1074.81,68.9841,4.23388,34.0553,0.550943,residential,False,0.060258,False,175.024,98.1999,171.235,140.579,188.945,223.749,473.205,0.167147,0.0391771,0.16159,0.109505,0.236186,0.171631,0.266611,0.126681,0.798101
03420,03,1332,1332,193.307,5.26428,36.487,0.466923,residential,False,-0.110848,False,322.196,78.8837,55.252,106.427,118.971,458.927,459.952,0.223538,0.0661275,0.0917702,0.0844093,0.1945,0.104808,0.29491,0.11009,0.672944
03421,03,1120.05,1120.05,174.878,5.16409,35.0612,0.504174,residential,False,-0.0787679,False,469.978,70.027,147.869,108.899,161.734,347.896,175.643,0.248703,0.0801768,0.108803,0.0347162,0.125359,0.086,0.306222,0.0906429,0.693945
03422,03,1125,1125,150.551,5.0143,36.625,0.527818,residential,False,0.42369,False,494.605,143.977,283.676,129.276,210.139,237.75,408.419,0.261147,0.0732199,0.115054,-0.0242325,0.0963358,0.085052,0.266916,0.120568,0.743871
03423,03,1430,1430,235.805,5.463,36.5149,0.411942,residential,False,0.135676,False,326.621,203.218,139.238,169.904,75.117,492.874,432.21,0.216546,0.0693125,0.0829708,0.134335,0.235842,0.137436,0.296415,0.101507,0.758179
03424,03,1124,1124,161.404,5.08391,36.0663,0.52158,residential,False,-0.209511,False,294.593,62.5449,125.073,44.3121,217.737,280.231,266.006,0.251114,0.0707887,0.134897,-0.0644582,0.0703314,0.0724074,0.249145,0.13479,0.696177
03425,03,1280.85,1262.85,189.961,5.24682,34.9323,0.552612,residential,False,0.0597055,False,262.747,240.059,94.642,241.214,155.2,162.902,281.382,0.271206,0.0760266,0.116512,-0.0694811,0.0515243,0.0801132,0.238123,0.121005,0.722861
03426,03,1275.39,1275.39,92.4293,4.52644,33.526,0.614887,residential,False,-0.075691,False,324.985,122.544,41.2533,126.477,96.6039,426.778,569.185,0.138682,0.0418655,0.121115,0.197058,0.333142,0.179016,0.27784,0.136084,0.753053
03427,03,964,964,189.89,5.24645,34.8746,0.434347,residential,False,-0.197554,False,264.214,238.743,83.5587,47.1083,162.944,93.8237,486.335,0.140313,0.0587778,0.113072,0.230554,0.342856,0.186466,0.297474,0.112302,0.754383
03428,03,1261,1261,165.951,5.11169,35.0916,0.438388,residential,False,-0.782892,False,159.622,182.814,24.3903,56.2753,169.832,56.4961,222.353,0.140862,0.0363704,0.147108,0.189495,0.29954,0.198423,0.279042,0.110044,0.813886
03429,03,1482.98,1482.98,178.872,5.18667,35.5315,0.518067,residential,False,-0.885234,False,244.936,53.7339,19.5422,25.5596,128.763,260.517,233.607,0.25306,0.0783619,0.157454,-0.127286,0.011201,0.0539406,0.229287,0.138487,0.657758
03430,03,1283.61,1283.61,134.035,4.8981,34.7731,0.492415,residential,False,-0.473781,False,203.506,157.702,103.225,126.872,121.823,79.6378,207.191,0.102439,0.0241312,0.147332,0.257631,0.376894,0.200274,0.307127,0.119263,0.774712
03431,03,1248,1248,166.043,5.11225,35.6542,0.482155,residential,False,-0.0419636,False,117.07,260.313,75.7506,167.51,123.8,358.119,367.166,0.207924,0.0560644,0.147988,0.0202221,0.158823,0.11416,0.261974,0.138601,0.709271
03432,03,1561.92,1561.92,252.909,5.53303,34.1187,0.428038,residential,False,0.0120953,False,429.428,300.226,78.3864,19.3009,215.03,168.181,502.211,0.300654,0.101961,0.118954,-0.112418,-0.0222222,0.0405229,0.266667,0.0901961,0.718692
03433,03,894.582,891.582,105.505,4.65876,34.8166,0.511079,residential,False,-0.27392,False,97.2783,152.795,92.9786,147.828,120.054,189.436,432.043,0.183877,0.0893602,0.18375,-0.0244124,0.101641,0.0917072,0.251507,0.126054,0.720983
03501,03,1062.8,1008.58,18.9746,2.9431,35.5946,0.422699,residential,False,1.2491,False,528.574,724.229,273.163,205.373,287.504,851.453,501.808,0.258565,0.0935926,0.211885,-0.216073,-0.124177,0.0971328,0.157244,0.0918958,0.802695
03502,03,1781,1781,149.342,5.00624,34.6556,0.388459,residential,False,0.966525,False,621.088,785.574,456.474,53.4207,203.304,893.652,378.025,0.167992,0.0654241,0.159609,0.089315,0.196901,0.143375,0.273542,0.107586,0.753415
03503,03,1046.25,1046.25,207.994,5.33751,36.0121,0.520349,residential,False,0.583328,False,707.933,451.213,479.799,61.849,137.928,617.239,231.184,0.289405,0.0544439,0.0968899,-0.0043766,0.0798444,0.110079,0.27184,0.084221,0.681503
03504,03,1164,954,55.5135,4.01663,36.1029,0.458007,residential,False,0.286863,False,259.301,433.321,259.795,165.182,135.89,421.656,168.642,0.260201,0.061225,0.158254,-0.0985353,0.0116924,0.109412,0.210508,0.110228,0.749005
03505,03,1355.89,1352.89,63.3309,4.14837,35.0991,0.520965,residential,False,0.354166,False,275.963,250.092,198.332,210.441,168.834,388.699,259.354,0.234005,0.0553791,0.179062,-0.0503456,0.0269493,0.113215,0.249506,0.0772949,0.828549
03506,03,1288,1288,213.467,5.36348,36.6832,0.531108,residential,False,0.412632,False,576.426,275.366,310.903,74.0787,133.642,433.161,334.215,0.206951,0.0612976,0.0788317,0.188496,0.274548,0.104816,0.369463,0.0860523,0.714498
03507,03,1166,1166,200.813,5.30237,35.3894,0.528174,residential,False,-0.219438,False,374.592,167.687,76.1964,19.5156,145.883,241.807,463.266,0.206263,0.0763806,0.102143,0.110618,0.215438,0.132747,0.286277,0.10482,0.754994
03508,03,1125.59,1125.59,264.253,5.57691,35.508,0.490371,residential,False,0.402505,False,509.491,247.547,433.66,166.925,154.495,302.963,191.089,0.209901,0.0684619,0.0824302,0.14997,0.26301,0.139597,0.302704,0.11304,0.74704
03509,03,2420.17,2420.17,142.737,4.961,35.3169,0.470137,residential,False,0.599532,False,577.336,349.956,459.629,168.936,150.841,414.704,223.613,0.174346,0.0577833,0.178943,0.0231754,0.121813,0.139544,0.23692,0.0986373,0.798021
03510,03,1325,1325,330.57,5.80082,34.844,0.428025,residential,False,-0.138845,False,47.0868,361.771,283.81,304.45,96.4263,146.94,338.759,0.12357,0.0415392,0.113338,0.274764,0.378795,0.193494,0.318178,0.10403,0.761852
03511,03,1182,1182,274.879,5.61633,35.0127,0.420638,residential,False,-0.264203,False,190.953,251.84,152.865,177.787,93.0506,87.3153,301.26,0.159311,0.0517762,0.0971128,0.244757,0.330286,0.169378,0.331802,0.085529,0.817345
03512,03,1067.12,1067.12,63.4364,4.15004,36.8467,0.401363,residential,False,0.619432,False,397.575,412.082,130.163,143.346,302.295,418.58,258.132,0.180125,0.0660436,0.213705,-0.0688235,0.0535201,0.144599,0.180407,0.122344,0.823843
03513,03,1248.16,1243.98,281.56,5.64035,34.9414,0.44299,residential,False,-0.384354,False,362.969,99.5552,319.345,125.633,149.357,103.676,77.3388,0.152782,0.0667459,0.120003,0.222393,0.314929,0.172002,0.323176,0.0925356,0.819957
03514,03,1365.79,1365.79,141.139,4.94974,37.4424,0.313289,residential,False,-0.580102,False,123.587,173.07,165.495,128.312,85.3366,210.819,102.995,0.134312,0.0382917,0.0920614,0.307581,0.44008,0.180181,0.353774,0.132499,0.720318
03515,03,1313.82,1294,273.916,5.61282,35.7732,0.414792,residential,False,-0.267351,False,164.906,307.643,214.71,230.332,98.7575,104.99,149.13,0.130484,0.0631619,0.0977685,0.284481,0.399836,0.193394,0.319339,0.115356,0.830861
03516,03,1869.92,1869.92,259.692,5.5595,34.8334,0.472883,residential,False,-0.487108,False,183.941,63.126,183.791,68.9648,164.5,79.7491,305.668,0.111457,0.044669,0.112163,0.306727,0.420216,0.201888,0.328459,0.113488,0.833738
03517,03,1436.4,1436.4,166.768,5.1166,35.6701,0.421584,residential,False,0.00513621,False,313.161,166.995,503.163,45.1733,131.603,235.677,271.647,0.186564,0.0696946,0.122531,0.0849092,0.214049,0.118133,0.275871,0.12914,0.713897
03518,03,1427,1427,247.591,5.51178,36.4777,0.367448,residential,False,-0.425851,False,209.44,273.591,26.351,50.6882,189.068,367.263,102.917,0.147284,0.0436736,0.111059,0.233932,0.357533,0.181677,0.310598,0.123601,0.792916
03519,03,976,976,198.478,5.29068,35.4805,0.534159,residential,False,-0.255182,False,366.408,55.7342,231.355,85.2912,316.192,58.7035,179.105,0.199977,0.0634836,0.106743,0.143955,0.224417,0.143906,0.306769,0.0804624,0.769976
03520,03,1291.9,1291.9,274.833,5.61616,34.4888,0.476177,residential,False,-0.433802,False,149.055,115.531,169.27,112.988,113.726,119.139,256.723,0.108657,0.0550473,0.105427,0.313812,0.433157,0.206262,0.321633,0.119345,0.831541
03521,03,1090.99,1090.99,296.087,5.69065,35.67,0.431902,residential,False,0.159925,False,319.408,213.375,131.935,64.9454,272.344,259.133,238.381,0.153544,0.067497,0.12089,0.176619,0.2929,0.155304,0.295748,0.116281,0.771974
03522,03,1574.03,1574.03,289.151,5.66695,35.4534,0.388464,residential,False,-0.422292,False,179.286,113.218,140.353,59.3991,158.688,182.421,177.338,0.228454,0.0681962,0.125043,0.0124573,0.117019,0.12215,0.243805,0.104562,0.754433
03523,03,1152,1151.89,167.048,5.11828,34.226,0.593588,residential,False,0.297348,False,488.928,210.927,98.7154,69.0292,332.778,288.938,233.095,0.215411,0.0907084,0.101612,0.0857605,0.193959,0.1169,0.285884,0.108199,0.770663
03524,03,1036.66,1036.66,180.796,5.19737,34.7724,0.469698,residential,False,-0.349873,False,208.263,162.253,124.843,113.75,144.476,123.96,170.482,0.191718,0.072666,0.110127,0.104152,0.247299,0.126968,0.27903,0.143146,0.805989
03525,03,1471,1471,285.49,5.65421,34.2302,0.481304,residential,False,-0.123825,False,187.826,139.559,147.168,141.765,124.752,314.327,238.087,0.163491,0.0463462,0.099742,0.235071,0.346545,0.182806,0.315498,0.111474,0.786367
03526,03,1024.66,1024.66,225.747,5.41941,34.665,0.511347,residential,False,-0.134195,False,83.8638,307.691,238.853,92.1757,160.232,325.379,153.687,0.148468,0.0615738,0.104795,0.252778,0.368548,0.177323,0.328718,0.11577,0.788391
03527,03,1199.51,1199.51,229.915,5.43771,34.1345,0.536257,residential,False,-0.0474237,False,204.059,162.611,227.108,37.7678,222.817,217.7,294.062,0.174407,0.0645281,0.0820358,0.228297,0.328812,0.157364,0.327375,0.100516,0.730747
03528,03,1565.69,1565.69,379.827,5.93971,35.927,0.325471,residential,False,0.430583,False,288.821,121.653,294.618,253.197,218.42,307.259,349.587,0.0651891,0.0345222,0.0921931,0.473663,0.581696,0.313349,0.317696,0.108033,0.859192
03529,03,1468.76,1226.76,334.701,5.81324,34.636,0.445731,residential,False,0.559009,False,182.994,228.342,376.863,173.689,327.109,317.136,307.804,0.127548,0.0486862,0.114799,0.298651,0.381624,0.251733,0.289265,0.0829734,0.819527
03530,03,1469.54,1469.54,163.888,5.09918,36.5287,0.479427,residential,False,-0.118661,False,447.844,143.326,147.64,50.6667,235.4,119.352,205.39,0.227361,0.0562223,0.12785,0.0381664,0.160996,0.111697,0.281681,0.12283,0.719881
03531,03,1709,1709,289.457,5.66801,35.8848,0.410785,residential,False,0.0735386,False,343.891,160.594,224.976,121.293,213.565,145.325,210.337,0.12889,0.0464064,0.142846,0.223463,0.324789,0.210842,0.284358,0.101326,0.81904
03532,03,1562.43,1562.43,461.204,6.13384,37.3424,0.289304,residential,False,0.0916671,False,256.181,63.6593,194.827,203.344,217.535,279.389,266.33,0.0840127,0.0431838,0.108569,0.373302,0.483267,0.211045,0.354839,0.109965,0.804075
03533,03,1182.29,1182.29,373.905,5.924,35.9605,0.385903,residential,False,-0.192773,False,477.333,89.9148,99.7203,103.793,229.205,93.5104,208.05,0.108722,0.0437146,0.120112,0.273922,0.40882,0.204966,0.297791,0.134897,0.702548
03534,03,1485.05,1485.05,296.695,5.69271,36.357,0.355157,residential,False,-0.239948,False,324.292,88.4113,274.851,117.44,130.075,313.449,96.7572,0.127044,0.0387266,0.129485,0.261943,0.365933,0.1746,0.343871,0.10399,0.832365
03601,03,1631.31,1612.21,443.715,6.09518,35.746,0.362274,residential,False,-0.139136,False,194.543,138.885,284.346,188.976,128.78,144.999,211.099,0.0925494,0.0364215,0.105854,0.36285,0.483428,0.246226,0.315027,0.120579,0.813188
03602,03,1282.6,1282.6,122.364,4.807,35.1438,0.520376,residential,False,0.0560348,False,233.416,191.369,348.929,73.2282,177.016,307.92,177.814,0.0996191,0.0413471,0.110684,0.324292,0.465579,0.20635,0.328245,0.141287,0.751495
03603,03,1549.38,1549.38,390.018,5.96619,36.4066,0.323781,residential,False,-0.7944,False,98.4051,67.8245,265.769,75.8539,99.5115,144.741,128.008,0.0533318,0.0300947,0.101958,0.484954,0.583525,0.258241,0.382003,0.0985707,0.794199
03604,03,1598,1598,598.786,6.3949,37.4231,0.273062,residential,False,-0.423163,False,125.144,130.514,211.431,147.205,94.639,117.632,268.152,0.0682112,0.0271773,0.0844153,0.473841,0.587775,0.257923,0.368544,0.113934,0.847147
03605,03,1350,1350,428.417,6.0601,37.1054,0.258664,residential,False,-1.03752,False,82.5143,39.7296,79.15,65.7643,174.613,42.011,241.934,0.0535883,0.0328415,0.103669,0.451009,0.571131,0.256001,0.352265,0.120122,0.834518
03606,03,1428,1428,500.432,6.21547,37.7464,0.314922,residential,False,-0.676602,False,67.3425,83.4269,152.009,121.298,130.474,148.921,162.571,0.0540399,0.0328341,0.10149,0.46546,0.572413,0.257372,0.363618,0.106953,0.801791
03607,03,1691.09,1691.09,673.501,6.51249,38.2315,0.199055,residential,False,-0.362997,False,56.0891,244.777,261.533,155.675,206.994,159.485,79.9986,0.0634605,0.0308046,0.102549,0.462485,0.559371,0.232553,0.395942,0.0968862,0.796973
03608,03,1217,1217,602.339,6.40082,37.5978,0.243475,residential,False,-0.814526,False,63.2804,48.441,241.911,71.8678,205.945,32.511,286.084,0.0744018,0.0183312,0.116211,0.423749,0.524938,0.251636,0.362725,0.101189,0.87918
03609,03,1228,1228,442.347,6.0921,37.2556,0.284138,residential,False,-0.424288,False,68.4967,108.767,121.92,169.93,246.429,192.796,103.945,0.0624711,0.0271501,0.109525,0.454634,0.559129,0.307956,0.318673,0.104495,0.839445
03610,03,1384.91,1384.91,601.654,6.39968,37.8194,0.223234,residential,False,0.155622,False,184.417,222.602,313.866,94.9592,327.016,135.216,204.481,0.0551091,0.0275545,0.0700344,0.518944,0.626866,0.258324,0.385763,0.107922,0.83908
03611,03,1472,1472,512.886,6.24005,36.7455,0.288996,residential,False,-0.033731,False,86.4474,69.1655,186.089,184.415,424.061,164.203,230.685,0.0658145,0.0344969,0.116981,0.422151,0.525077,0.276301,0.328646,0.102925,0.835585
03612,03,1325,1325,404.983,6.00384,36.7598,0.274898,residential,False,-0.0791081,False,219.986,125.392,214.429,131.188,367.44,160.87,78.3327,0.0596192,0.0315317,0.0979275,0.473931,0.578747,0.298592,0.332886,0.104816,0.855975
03613,03,1276,1276,462.172,6.13594,36.9566,0.27644,residential,False,-0.493552,False,98.9352,52.2152,126.586,137.836,191.545,294.498,121.47,0.0533845,0.0297052,0.103637,0.452509,0.566474,0.276675,0.332855,0.113965,0.834143
03614,03,1735.95,1735.95,476.401,6.16626,38.5121,0.243988,residential,False,-0.483342,False,76.5239,190.872,224.098,175.655,99.9986,205.076,112.678,0.0717822,0.0309406,0.0841584,0.485149,0.590347,0.252475,0.388614,0.105198,0.767486
03615,03,1490.01,1490.01,409.072,6.01389,37.9034,0.225944,residential,False,-0.895999,False,87.9166,65.1339,358.888,218.835,119.812,51.9406,65.262,0.073921,0.0337895,0.107245,0.431855,0.526095,0.267338,0.345683,0.09424,0.837138
03616,03,1366,1366,330.483,5.80055,37.8658,0.297718,residential,False,-0.337422,False,135.821,78.2889,257.744,82.621,370.603,106.761,100.733,0.035581,0.0302802,0.0919269,0.519711,0.620391,0.310382,0.336837,0.10068,0.816435
03617,03,1533.79,1533.79,553.272,6.31585,36.8249,0.298408,residential,False,-1.0519,False,66.3413,82.2527,253.136,76.7821,70.9732,207.255,64.6255,0.0481642,0.0263596,0.15859,0.3728,0.474077,0.258473,0.321081,0.101277,0.847883
03618,03,1788,1788,437,6.07993,38.0474,0.220783,residential,False,-0.361799,False,92.7391,137.757,373.251,133.875,186.977,193.091,74.6866,0.0348964,0.0305344,0.0926936,0.550709,0.633588,0.31843,0.359869,0.082879,0.816814
03619,03,1324,1324,652.554,6.48089,37.6819,0.226018,residential,False,-0.0364111,False,386.535,64.507,158.428,156.492,400.262,152.547,99.6007,0.0454766,0.0189576,0.113093,0.495676,0.594717,0.286537,0.367709,0.0990419,0.81529
03620,03,1355,1355,654.067,6.48321,36.9404,0.241048,residential,False,-0.23777,False,461.237,35.6503,65.9725,75.4088,374.697,151.607,196.987,0.0388881,0.0183863,0.108202,0.523714,0.622459,0.279155,0.391649,0.0987448,0.841338
03621,03,1358,1358,553.167,6.31566,37.8387,0.307017,residential,False,-1.61672,False,60.3357,96.1728,2.64956,28.935,100.016,166.62,131.902,0.0518425,0.0313264,0.121439,0.454746,0.543597,0.287698,0.34033,0.0888503,0.8446
03622,03,1568,1568,412.364,6.02191,38.5276,0.303228,residential,False,-0.38027,False,142.853,126.065,225.545,114.956,146.309,103.273,196.095,0.0452344,0.0394014,0.120776,0.451615,0.547679,0.274494,0.343132,0.0960645,0.860693
03623,03,1579,1579,580.301,6.36355,37.5454,0.271254,residential,False,-0.0627705,False,145.922,78.6681,214.142,105.27,313.708,168.533,248.668,0.056913,0.0406937,0.112769,0.415426,0.525967,0.269462,0.315647,0.110541,0.820935
03624,03,1462.64,1462.64,416.182,6.03112,37.2126,0.364319,residential,False,-0.959021,False,128.872,24.455,150.296,61.6969,165.815,57.4739,197.533,0.0438555,0.0281832,0.102307,0.505415,0.594336,0.280756,0.370821,0.0889218,0.860049
03625,03,1214,1214,362.498,5.89302,38.0571,0.328694,residential,False,-2.41523,False,78.0376,7.71134,143.833,4.87623,170.644,0,274.187,0.041422,0.0448548,0.132537,0.424799,0.533204,0.234634,0.364124,0.108405,0.812723
03626,03,1243,1243,559.686,6.32738,38.4251,0.323402,residential,False,-0.600074,False,45.9536,70.0843,113.976,110.308,251.403,108.876,221.464,0.033084,0.0266349,0.0902876,0.566619,0.664968,0.299142,0.390849,0.098349,0.810042
03627,03,1276,1276,559.684,6.32737,38.9024,0.288547,residential,False,-0.477267,False,82.371,52.1601,27.6972,143.865,349.803,197.335,219.976,0.0352336,0.0344247,0.111783,0.504497,0.608192,0.269121,0.382393,0.103695,0.83719
03628,03,1654,1654,514.036,6.24229,39.0401,0.270192,residential,False,-0.524994,False,53.19,59.5241,104.161,58.8714,267.689,231.628,245.361,0.0440835,0.0406032,0.0986079,0.4942,0.585847,0.25058,0.386311,0.0916473,0.821801
03629,03,1711.15,1711.15,322.277,5.77541,37.9249,0.283573,residential,False,-0.169858,False,157.862,170.696,84.102,180.32,103.816,458.911,223.022,0.06621,0.033105,0.0993151,0.456621,0.552511,0.260274,0.361872,0.0958904,0.804945
03630,03,1409,1409,389.289,5.96432,38.4393,0.312416,residential,False,-0.541409,False,121.228,74.1849,74.8022,117.931,145.959,363.531,124.464,0.0493038,0.0141275,0.115172,0.483287,0.574672,0.270432,0.37733,0.0913849,0.841562
03631,03,1435.47,1435.47,611.731,6.41629,38.9315,0.225051,residential,False,-0.508449,False,107.921,153.17,130.835,42.6128,153.611,206.918,183.911,0.0516373,0.0251889,0.0969773,0.491184,0.588161,0.309824,0.329975,0.0969773,0.830898
03632,03,1576,1576,498.086,6.21077,38.9818,0.255233,residential,False,-0.827574,False,76.9921,27.0018,75.661,73.5356,217.018,263.013,125.333,0.0342904,0.0250747,0.117181,0.491141,0.576449,0.284772,0.35784,0.0853079,0.851858
03633,03,1349,1349,469.733,6.15216,38.9868,0.26293,residential,False,-1.93505,False,70.2296,87.7146,8.24624,0,129.817,182.266,129.068,0.0538674,0.0289622,0.127451,0.419618,0.51327,0.262331,0.338606,0.0936523,0.809492
03634,03,1685.53,1685.53,456.562,6.12372,38.9806,0.205416,residential,False,-0.808103,False,78.9519,100.369,103.253,154.39,137.463,44.6019,192.452,0.0424312,0.0206422,0.0974771,0.478211,0.608945,0.309633,0.308486,0.130734,0.818522
03635,03,1315,1315,543.437,6.29791,39.4976,0.223926,residential,False,-1.05642,False,95.8442,36.2918,119.065,47.8099,113.181,142.344,141.973,0.0478899,0.0383304,0.135042,0.414778,0.531285,0.30099,0.29672,0.116507,0.86911
03701,03,1387,1387,588.41,6.37742,37.0643,0.310422,residential,False,-0.650877,False,260.417,124.062,197.579,16.422,48.9831,249.733,400.332,0.166057,0.0510597,0.116246,0.202813,0.293578,0.154844,0.330272,0.090765,0.809723
03702,03,1117,1117,223.37,5.40883,37.2266,0.382298,residential,False,-0.178821,False,253.884,178.562,333.717,57.7813,91.6474,266.461,242.187,0.149018,0.0344264,0.117684,0.242012,0.3408,0.205037,0.303677,0.0987887,0.825438
03703,03,1318.4,1318.4,218.577,5.38714,38.3104,0.330385,residential,False,-0.359248,False,148.855,187.517,464.791,92.6981,89.6178,96.9918,238.057,0.141755,0.030801,0.105054,0.289387,0.395078,0.238059,0.298136,0.105691,0.804164
03704,03,1534,1534,264.593,5.57819,38.0677,0.334305,residential,False,-0.0655665,False,117.566,131.571,303.248,123.013,160.621,289.154,239.695,0.135716,0.0444556,0.0835351,0.336449,0.419676,0.186379,0.369321,0.0832273,0.772872
03705,03,1513.16,1513.16,232.121,5.44726,37.1041,0.368799,residential,False,-0.251904,False,261.431,80.5253,428.836,200.934,121.453,136.517,135.58,0.17564,0.0524896,0.106629,0.217951,0.301712,0.210155,0.290066,0.0837607,0.774034
03706,03,1500,1500,222.863,5.40656,35.6923,0.485186,residential,False,-0.0932224,False,193.872,143.671,438.652,338.991,84.6961,184.074,190.276,0.196202,0.0634379,0.111891,0.143971,0.22983,0.143551,0.308512,0.0858595,0.692983
03707,03,1650.6,1650.6,381.72,5.94469,36.4432,0.336603,residential,False,-0.0193413,False,197.774,99.2386,175.096,200.848,183.969,260.37,213.206,0.101852,0.0352225,0.11008,0.364101,0.450957,0.220831,0.355201,0.0868568,0.790082
03708,03,1240,1240,222.977,5.40707,37.4011,0.306535,residential,False,-0.241876,False,177.031,78.3218,275.98,320.273,143.199,132.91,153.121,0.11282,0.0291365,0.138811,0.296816,0.392579,0.232882,0.315566,0.095763,0.806588
03709,03,1121.44,1121.44,298.773,5.69968,37.9608,0.405303,residential,False,-0.0913369,False,114.703,335.825,282.987,94.4508,148.517,212.643,185.641,0.139136,0.0507549,0.111812,0.24687,0.35647,0.213371,0.284447,0.1096,0.828024
03710,03,1140,1140,589.891,6.37994,38.0067,0.240729,residential,False,0.164699,False,137.018,164.858,248.471,288.074,188.137,319.063,206.752,0.0577107,0.0280559,0.116986,0.425417,0.538429,0.279702,0.320411,0.113012,0.83688
03711,03,1239.7,1239.7,349.527,5.85658,36.5757,0.415452,residential,False,-0.156561,False,300.845,209.792,188.308,168.142,99.7891,133.417,215.862,0.128081,0.0448587,0.0972137,0.328415,0.423236,0.182481,0.371229,0.0948208,0.778145
03712,03,1242.34,1242.34,377.539,5.93367,35.6041,0.407478,residential,False,0.0466726,False,268.768,173.627,181.261,227.607,139.232,265.845,182.795,0.110776,0.0370681,0.0861004,0.387052,0.495015,0.181323,0.402605,0.107963,0.798044
03713,03,1329.03,1329.03,620.997,6.43133,38.4779,0.212388,residential,False,0.237093,False,116.774,199.575,297.827,325.348,222.247,326.446,169.93,0.0695307,0.030929,0.100528,0.43322,0.540746,0.254645,0.348634,0.107526,0.81169
03714,03,1215,1215,328.197,5.79361,36.4762,0.307953,residential,False,-0.549853,False,180.38,77.9775,111.33,103.283,173.189,71.2906,212.444,0.0714437,0.0519319,0.0978452,0.422936,0.520201,0.26692,0.325305,0.0972658,0.837782
03715,03,1672,1672,281.265,5.6393,37.1255,0.492442,residential,False,-0.735597,False,132.432,111.502,88.461,127.535,93.0351,314.156,68.9447,0.179183,0.0661213,0.0860718,0.21104,0.316102,0.135782,0.340513,0.105062,0.735753
03716,03,1427,1427,221.977,5.40257,36.7776,0.372605,residential,False,-0.538503,False,181.624,152.565,183.176,114.127,119.405,79.634,136.934,0.110494,0.0416978,0.116183,0.345465,0.422788,0.220005,0.352137,0.0773229,0.811483
03717,03,1150,1150,181.303,5.20017,37.4077,0.491971,residential,False,-0.0849058,False,337.214,224.206,155.342,89.8231,147.593,234.083,153.771,0.125134,0.0220896,0.115749,0.27719,0.357268,0.143629,0.374443,0.0800778,0.733036
03718,03,1336.16,1336.16,298.978,5.70037,37.3367,0.257759,residential,False,-0.241782,False,111.756,141.726,258.884,233.41,149.723,284.219,89.0508,0.0822962,0.0441495,0.115602,0.371067,0.469111,0.255597,0.313368,0.0980441,0.823444
03719,03,1762,1762,113.004,4.72742,39.558,0.260547,residential,False,-0.476174,False,149.407,119.296,258.704,197.145,108.555,83.336,154.386,0.154489,0.0333011,0.0940683,0.281699,0.377982,0.169775,0.360481,0.0962835,0.787706
03720,03,1144,1144,224.202,5.41255,37.2644,0.393787,residential,False,-0.594614,False,138.237,122.878,199.31,52.2949,149.276,178.853,97.2151,0.130286,0.0416459,0.105036,0.303374,0.393358,0.178501,0.360195,0.089984,0.801674
03721,03,1408,1408,463.653,6.13914,36.487,0.357101,residential,False,-0.460101,False,112.31,175.301,112.489,190.612,87.4453,189.736,186.287,0.0905146,0.0526614,0.0886723,0.419903,0.516971,0.205699,0.393392,0.0970671,0.797436
03722,03,1503,1503,420.202,6.04074,36.6457,0.327221,residential,False,-0.176989,False,208.698,190.623,131.617,177.239,199.381,51.8191,275.321,0.096404,0.0531013,0.0763153,0.425984,0.527451,0.22986,0.368843,0.101467,0.810212
03723,03,1069,1069,254.749,5.54028,37.0586,0.513847,residential,False,-0.00362125,False,334.578,131.3,159.17,91.278,273.899,185.899,157.75,0.139531,0.0488644,0.0859573,0.341757,0.423714,0.174769,0.392476,0.0819574,0.743686
03724,03,1026.89,1026.89,106.775,4.67073,37.2817,0.352692,residential,False,-0.194318,False,211.962,88.6843,105.306,118.044,201.263,247.914,196.017,0.195541,0.074586,0.105652,0.11821,0.223726,0.110888,0.308515,0.105516,0.707476
03725,03,1388.11,1388.11,375.624,5.92859,37.1292,0.361726,residential,False,-0.0694898,False,151.845,146.934,179.123,183.134,174.379,241.636,189.449,0.137157,0.0442864,0.0801854,0.354768,0.447963,0.193606,0.378504,0.0931953,0.781499
03726,03,1308,1308,226.024,5.42064,35.539,0.521294,residential,False,-0.511061,False,156.097,215.524,87.7133,204.158,115.361,54.4191,201.512,0.206418,0.0567433,0.0949791,0.126572,0.231368,0.106636,0.321333,0.104796,0.763653
03727,03,1372,1372,251.022,5.52554,36.6227,0.489462,residential,False,-0.215366,False,326.386,102.946,155.524,99.0886,216.619,160.531,125.194,0.142181,0.0498669,0.0807793,0.330742,0.44026,0.171918,0.381784,0.109518,0.806528
03728,03,1242,1242,196.462,5.28047,38.6557,0.377135,residential,False,-0.267869,False,151.399,173.498,174.568,170.476,155.961,260.367,85.6608,0.0994879,0.0356813,0.111864,0.376718,0.455659,0.199062,0.389007,0.0789413,0.811798
03729,03,1610,1610,578.98,6.36127,38.7418,0.265263,residential,False,-0.291725,False,171.403,228.322,169.854,61.417,149.104,144.16,205.356,0.0451843,0.0321046,0.135553,0.435196,0.523187,0.273484,0.342449,0.0879905,0.838294
03730,03,1215,1215,180.036,5.19316,36.717,0.385184,residential,False,-0.0891093,False,136.489,237.311,198.934,250.955,148.506,135.344,198.068,0.0856354,0.038011,0.115827,0.390337,0.480208,0.199975,0.391824,0.0898715,0.718572
03731,03,941.361,941.361,227.341,5.42645,36.5952,0.393143,residential,False,-0.766708,False,150.28,64.5495,94.5831,94.0585,148.346,59.3243,203.695,0.0821639,0.0453365,0.112421,0.402427,0.49465,0.244534,0.352477,0.0922236,0.841656
03732,03,1417.02,1417.02,367.314,5.90622,37.107,0.335826,residential,False,-0.54684,False,134.632,302.555,94.9564,45.048,116.967,257.097,109.875,0.114673,0.0322594,0.0855062,0.380087,0.474078,0.181882,0.398384,0.0939906,0.76296
03733,03,1574,1574,396.551,5.9828,37.5909,0.401104,residential,False,-0.141252,False,298.581,121.054,249.018,179.421,98.9641,191.422,217.581,0.0852018,0.043722,0.0941704,0.394619,0.5,0.20852,0.365471,0.105381,0.807033
03734,03,1466,1466,554.467,6.31801,37.6443,0.254729,residential,False,-0.546739,False,134.432,321.319,163.07,216.864,101.607,139.085,49.8174,0.0783061,0.0401071,0.076969,0.448807,0.545555,0.218709,0.385373,0.0967478,0.798443
03801,03,1406.2,1406.2,359.544,5.88484,35.2692,0.486271,residential,False,-0.411048,False,341.14,124.26,15.043,35.6035,276.971,228.5,212.557,0.232432,0.0629552,0.111669,0.0749186,0.171698,0.075061,0.343959,0.0967793,0.727096
03802,03,1349.97,1349.97,197.667,5.28658,35.3807,0.39851,residential,False,-0.349048,False,245.728,39.2631,73.6453,79.3153,206.653,227.535,304.199,0.149276,0.0539793,0.157108,0.127601,0.231618,0.141481,0.292504,0.104017,0.734875
03803,03,1850.31,1850.31,292.889,5.67979,37.9085,0.31783,residential,False,-0.355864,False,140.116,136.661,116.054,140.883,102.301,296.086,194.614,0.0459175,0.0197692,0.120125,0.458682,0.555386,0.280343,0.344381,0.0967041,0.792163
03804,03,1512.31,1512.31,407.638,6.01038,39.2653,0.283456,residential,False,-0.0969377,False,113.459,215.574,275.825,269.799,164.834,149.57,146.325,0.0353376,0.0220633,0.140956,0.428067,0.531686,0.2777,0.326661,0.103619,0.838346
03805,03,1847.01,1847.01,357.901,5.88026,37.4276,0.342005,residential,False,-0.357961,False,126.899,84.5611,173.028,147.011,118.954,340.859,165.343,0.0545758,0.0415676,0.151024,0.337034,0.43851,0.257832,0.284801,0.101476,0.83092
03806,03,564.542,564.542,346.688,5.84843,37.6533,0.241201,residential,False,-0.348503,True,201.186,67.2686,74.8608,61.256,184.104,373.225,216.76,0.0510009,0.0304998,0.139925,0.409911,0.511599,0.258689,0.342148,0.101688,0.852369
03807,03,1401,1401,427.657,6.05832,36.5774,0.331938,residential,False,-0.523047,False,60.3319,72.2433,117.06,126.754,280.629,115.091,171.5,0.0618734,0.0389334,0.153658,0.346377,0.44179,0.26915,0.292759,0.095413,0.862097
03808,03,1643.8,1643.8,550.208,6.3103,36.8072,0.302316,residential,False,-0.907273,False,55.61,103.611,66.9325,160.296,92.089,183.295,119.817,0.0690674,0.0486324,0.111104,0.424067,0.513288,0.255497,0.34874,0.0892208,0.759665
03809,03,1223.69,1223.69,377.955,5.93478,38.1077,0.347147,residential,False,-0.723251,False,92.5114,164.572,176.791,213.727,120.097,15.1294,262.988,0.061234,0.0430621,0.148463,0.326725,0.44174,0.250048,0.286374,0.115015,0.861132
03810,03,1024.6,1024.6,420.049,6.04037,38.0097,0.332507,residential,False,-0.784546,False,42.2149,225.705,45.7763,56.4455,128.934,167.445,229.712,0.0505916,0.02874,0.110049,0.440724,0.554003,0.270756,0.330609,0.113279,0.812725
03811,03,1789,1789,315.662,5.75467,37.7336,0.320887,residential,False,-0.466857,False,180.742,103.316,290.691,102.524,88.7619,142.038,196.871,0.0309524,0.0238095,0.129762,0.503571,0.57619,0.311905,0.352381,0.072619,0.834817
03812,03,1604.55,1604.55,637.26,6.45718,38.5302,0.205156,residential,False,-0.488604,False,75.0717,115.419,188.516,149.899,178.988,97.0013,166.137,0.0462754,0.0316027,0.109481,0.460497,0.560948,0.294582,0.32167,0.100451,0.825441
03813,03,1585.4,1585.4,551.823,6.31323,38.2082,0.2667,residential,False,-0.472308,False,56.0831,224.023,178.843,126.767,137.11,201.953,123.254,0.0519753,0.031303,0.124835,0.436734,0.532034,0.252334,0.361211,0.0952998,0.802388
03814,03,1518,1518,295.324,5.68807,36.562,0.388711,residential,False,-0.469597,False,263.381,89.6416,268.961,59.075,122.012,89.711,225.702,0.0362061,0.0231073,0.135797,0.433525,0.54957,0.302876,0.302652,0.116045,0.848921
03815,03,1224.31,1224.31,644.519,6.4685,37.5578,0.238136,residential,False,-0.786387,False,64.9901,90.806,89.582,74.8979,137.685,204.584,138.14,0.0599332,0.0470946,0.0961394,0.478202,0.560209,0.245165,0.38911,0.0820064,0.818641
03816,03,1308,1308,309.357,5.7345,37.8678,0.344252,residential,False,-1.18119,False,73.5972,96.1817,322.144,18.8471,142.391,57.6481,70.7942,0.0504728,0.0313245,0.130359,0.44681,0.526315,0.266446,0.361196,0.0795046,0.870686
03817,03,1574,1574,399.159,5.98936,37.1143,0.274132,residential,False,-0.705618,False,75.5146,156.066,115.037,124.606,138.722,77.7655,143.895,0.0588464,0.0356377,0.140393,0.321158,0.46144,0.269724,0.250674,0.140282,0.833108
03818,03,1434,1315,295.157,5.68751,35.2691,0.42586,residential,False,-0.244282,False,253.038,82.5292,171.183,158.794,169.013,107.693,224.747,0.0557384,0.0403313,0.14027,0.361341,0.47473,0.28308,0.274269,0.113389,0.829777
03819,03,1617.14,1617.14,480.351,6.17452,38.0583,0.319373,residential,False,-0.743389,False,95.6658,49.2545,192.373,41.4601,185.38,98.2166,216.127,0.0469616,0.0326377,0.136142,0.427091,0.515335,0.265579,0.344615,0.0882438,0.835624
03820,03,1520,1520,362.792,5.89383,37.6741,0.274752,residential,False,-1.50891,False,88.5448,1.83623,313.911,103.742,271.798,9.06252,151.482,0.0348569,0.021519,0.145273,0.422633,0.524919,0.276,0.326763,0.102286,0.841728
03821,03,2040.78,2040.78,471.776,6.1565,38.5543,0.23698,residential,False,-0.255699,False,128.925,168.711,277.205,128.67,156.949,131.175,168.222,0.0316027,0.0146727,0.167043,0.393905,0.502257,0.274266,0.318284,0.108352,0.833177
03822,03,1444,1423,353.144,5.86688,34.5787,0.382085,residential,False,-0.327842,False,184.605,109.317,75.1198,83.7746,210.664,205.224,183.819,0.0568291,0.03888,0.181094,0.251611,0.389058,0.235457,0.254078,0.137447,0.849875
03823,03,1530.57,1530.57,251.145,5.52603,37.2927,0.296325,residential,False,-0.643084,False,105.433,102.178,82.6774,99.5412,196.588,112.303,127.042,0.052017,0.0318366,0.126683,0.427092,0.506337,0.268218,0.337574,0.0792455,0.852781
03824,03,1635,1635,332.429,5.80643,38.4171,0.204936,residential,False,-0.184571,False,100.94,201.171,337.879,266.697,144.984,166.801,115.77,0.0479616,0.0210568,0.135681,0.405713,0.501679,0.268962,0.320394,0.095966,0.849643
03825,03,1559,1559,433.301,6.07143,35.8689,0.314601,residential,False,-0.462435,False,144.536,146.135,78.8942,112.947,117.821,169.035,223.255,0.0580003,0.0434563,0.138445,0.360011,0.46578,0.235584,0.320872,0.105769,0.864999
03826,03,1679.3,1679.3,381.265,5.94349,35.7368,0.348103,residential,False,-0.647529,False,106.571,79.6596,149.081,32.6846,171.726,246.24,143.962,0.0517621,0.0363436,0.146476,0.376652,0.479075,0.255507,0.319383,0.102423,0.828935
03827,03,1479,1479,344.137,5.84104,38.0571,0.284875,residential,False,-0.393796,False,199.68,57.3077,168.93,183.485,256.847,35.716,239.393,0.0418782,0.0203046,0.13769,0.416244,0.517766,0.300761,0.295051,0.101523,0.860262
03828,03,1468,1468,413.838,6.02547,37.1867,0.301155,residential,False,-0.16758,False,274.125,160.669,146.284,72,204.132,180.463,158.486,0.0316669,0.0395245,0.133948,0.438997,0.532296,0.271154,0.333457,0.0932996,0.808851
03829,03,1806.93,1806.93,228.045,5.42954,37.6171,0.234546,residential,False,-0.303928,False,184.49,87.148,133.4,127.698,139.527,312.632,163.648,0.0652549,0.0352392,0.130907,0.397368,0.482568,0.280827,0.312702,0.0851997,0.807824
03830,03,1078.22,1078.22,424.855,6.05175,37.5932,0.228682,residential,False,-1.16452,False,46.3204,31.2792,182.232,89.2595,117.122,55.0685,190.811,0.0469543,0.0266497,0.156726,0.376904,0.464467,0.296954,0.283629,0.0875635,0.859324
03831,03,1881.53,1881.53,352.53,5.86514,37.8939,0.213906,residential,False,-0.385597,False,36.8326,96.0211,237.997,78.1436,169.103,356.348,267.656,0.0591834,0.027852,0.198039,0.261772,0.344994,0.244657,0.274337,0.0832221,0.857755
03832,03,1756,1756,636.567,6.45609,35.175,0.416798,residential,False,-0.509248,False,224.687,95.573,84.8443,149.524,125.218,84.1497,230.107,0.149528,0.0474729,0.121572,0.179491,0.302343,0.124975,0.325616,0.122852,0.73046
03901,03,1754,1754,348.718,5.85426,36.8396,0.384564,residential,False,-0.601028,False,117.693,144.712,92.5678,124.267,68.5759,236.086,214.208,0.124932,0.0549671,0.103224,0.297413,0.406451,0.170376,0.355193,0.109038,0.789832
03902,03,1450,1450,235.781,5.4629,37.8426,0.321,residential,False,-0.840027,False,62.9147,111.053,136.828,125.768,122.189,104.356,106.234,0.124891,0.0646779,0.124403,0.25025,0.357805,0.179487,0.320056,0.107555,0.859566
03903,03,1175,1175,391.179,5.96917,36.2135,0.395877,residential,False,-0.237675,False,152.697,158.432,147.289,158.92,146.111,218.107,156.513,0.130011,0.0731067,0.0858748,0.288797,0.414831,0.146102,0.35858,0.126034,0.804699
03904,03,1165.3,1165.3,207.681,5.336,36.9703,0.393604,residential,False,-0.528975,False,192,133.494,87.6783,79.7919,183.56,81.1104,162.811,0.101645,0.0582829,0.104999,0.332679,0.455965,0.17793,0.361393,0.123286,0.816379
03905,03,948.276,948.276,133.677,4.89543,37.0679,0.568715,residential,False,-0.459842,False,334.723,166.806,46.238,54.8754,168.311,209.873,114.524,0.322102,0.0348731,0.110719,-0.104572,0.0166617,0.0811526,0.247097,0.121233,0.746839
03906,03,1110,1107,144.848,4.97569,36.734,0.414799,residential,False,0.189004,False,333.94,226.51,169.433,81.219,330.545,126.7,243.754,0.13302,0.0522768,0.183511,0.10037,0.229401,0.177944,0.238957,0.129031,0.86646
03907,03,1293.64,1293.64,346.222,5.84708,36.6624,0.427234,residential,False,-0.237394,False,218.48,141.404,122.639,66.3035,252.662,145.707,164.061,0.107282,0.0438228,0.0993717,0.330118,0.458185,0.209682,0.32709,0.128067,0.808935
03908,03,1252,1252,363.591,5.89603,36.5868,0.4445,residential,False,-0.116303,False,184.617,166.222,235.044,47.7945,321.896,76.2911,269.602,0.104813,0.0406651,0.0989286,0.366999,0.478418,0.214706,0.356035,0.11142,0.810615
03909,03,967.044,967.044,131.451,4.87863,35.7371,0.56595,residential,False,-0.362736,False,246.621,165.584,73.8344,105.43,201.26,49.2474,267.166,0.178852,0.050251,0.125856,0.0603755,0.267786,0.0641819,0.300901,0.20741,0.606064
03910,03,1144.32,1144.32,121.468,4.79965,35.121,0.643475,residential,False,-0.837274,False,344.177,117.222,35.9222,36.7447,58.2922,137.483,334.304,0.183593,0.0782654,0.10893,0.0469152,0.239096,0.0615582,0.27788,0.19218,0.722545
03911,03,1453,1453,330.252,5.79986,35.1034,0.380413,residential,False,-1.06607,False,138.089,30.8373,30.7238,72.422,180.192,147.187,98.5796,0.248281,0.0665522,0.114178,-0.0454876,0.127302,0.0424896,0.274482,0.17279,0.666324
03912,03,935.568,935.568,377.665,5.93401,36.8608,0.569023,residential,False,-0.605149,False,593.948,67.2206,30.5574,36.5018,108.614,118.086,439.698,0.256471,0.0749181,0.0883306,0.0185789,0.16748,0.0542736,0.309107,0.148901,0.646551
03913,03,1312.11,1312.11,239.574,5.47886,34.2242,0.558448,residential,False,-0.726562,False,216.12,119.638,18.5017,32.2659,241.499,92.6883,211.992,0.284352,0.068213,0.0968478,-0.0763837,0.0916951,0.047769,0.257048,0.168079,0.732742
03914,03,1662.97,1662.97,152.979,5.0303,35.2415,0.562348,residential,False,-0.411681,False,234.068,148.267,68.4989,92.0347,102.071,202.365,245.8,0.19762,0.0459294,0.0896073,0.198766,0.301797,0.107528,0.378465,0.10303,0.742006
03915,03,1444.95,1444.95,467.474,6.14734,34.7566,0.532105,residential,False,-0.541792,False,394.596,46.0402,50.2825,25.8266,226.202,83.6663,451.67,0.259782,0.0604701,0.104013,-0.0431946,0.130263,0.0499968,0.270604,0.173458,0.726099
03916,03,1248.37,1239.37,67.3831,4.21039,34.7764,0.552158,residential,False,0.335203,False,366.627,211.201,108.178,179.18,256.872,256.612,271.711,0.206882,0.0646161,0.140464,0.0206355,0.146581,0.113639,0.254341,0.125946,0.840796
03917,03,1448.13,1448.13,284.79,5.65175,34.691,0.493706,residential,False,-0.489538,False,322.385,90.6524,57.1058,28.2325,222.276,148.436,211.158,0.0902768,0.0501451,0.123273,0.317386,0.427678,0.217556,0.31338,0.110292,0.801906
03918,03,1007.28,1007.28,159.499,5.07204,34.9909,0.581391,residential,False,-0.0314216,False,632.03,125.385,98.6397,104.036,116.336,134.31,503.539,0.217759,0.0432563,0.112109,0.111495,0.230904,0.0923358,0.349027,0.11941,0.710155
03919,03,1830.88,1830.88,71.4607,4.26915,38.2179,0.340334,residential,False,0.0260226,False,183.805,187.675,222.011,122.214,141.255,357.093,225.308,0.202838,0.0667988,0.0830993,0.14012,0.271356,0.0757384,0.350319,0.131236,0.69269
03920,03,1158,1158,457.196,6.12511,35.1731,0.361448,residential,False,-0.622489,False,101.654,192.163,112.176,75.6782,126.679,169.614,115.687,0.0676599,0.0260412,0.0826831,0.465304,0.584866,0.253967,0.36168,0.119562,0.792255
03921,03,3501,3501,276.723,5.62302,37.3867,0.30724,residential,False,-0.0403513,False,343.743,226.693,315.904,283.586,144.96,55.565,171.647,0.140197,0.0603782,0.153052,0.112762,0.24436,0.142066,0.263944,0.131598,0.597154
03922,03,1361,1361,553.659,6.31655,37.0983,0.27144,residential,False,-1.17645,False,57.8963,49.4815,162.69,26.4302,152.153,119.863,92.7002,0.0583981,0.0284231,0.0998239,0.460599,0.569605,0.265935,0.352886,0.109006,0.836987
03923,03,1127,1127,506.205,6.22694,37.777,0.310072,residential,False,-1.533,False,91.9784,142.942,0,33.1958,164.009,92.7754,156.217,0.0595611,0.0278709,0.11115,0.453363,0.540912,0.261076,0.362999,0.087549,0.828312
03924,03,1226,1226,298.049,5.69726,35.7915,0.472664,residential,False,-0.308332,False,263.411,84.8796,139.533,80.7421,228.4,89.18,222.925,0.118056,0.0495678,0.0869341,0.296423,0.419587,0.184712,0.3167,0.123165,0.773438
03925,03,1196,1196,392.886,5.97352,37.4183,0.247353,residential,False,-1.94997,False,66.1056,52.9495,65.9524,65.4309,207.033,0,105.219,0.0372633,0.0224545,0.110432,0.49371,0.599789,0.307974,0.333431,0.106079,0.849043
03926,03,1278,1278,346.387,5.84756,36.3191,0.342938,residential,False,-0.446587,False,212.528,144.479,180.196,50.4264,102.503,117.61,301.107,0.0970724,0.0441238,0.0925972,0.388833,0.493015,0.194228,0.384274,0.104182,0.762971
03927,03,1641,1641,422.561,6.04633,38.015,0.244365,residential,False,-0.55594,False,102.632,112.774,208.532,94.0294,219.16,64.2126,133.42,0.0566131,0.0229012,0.109581,0.447705,0.559077,0.295244,0.318655,0.111371,0.849608
03928,03,1107,1107,251.643,5.52801,35.2919,0.49704,residential,False,-0.569561,False,110.762,50.0788,122.406,89.3115,142.455,142.306,331.97,0.132444,0.0433552,0.117217,0.286951,0.381546,0.176314,0.360297,0.0945948,0.802206
03929,03,1607,1607,550.85,6.31146,37.6925,0.256079,residential,False,-0.612057,False,94.0712,104.114,115.357,36.3219,248.883,196.52,112.678,0.051553,0.0243757,0.121576,0.429297,0.538502,0.313045,0.289381,0.109205,0.860455
03930,03,1165,1165,296.727,5.69281,35.5214,0.476415,residential,False,0.0512327,False,424.198,76.295,166.4,215.798,153.979,188.153,315.416,0.144338,0.0559079,0.10142,0.264898,0.367059,0.15467,0.355985,0.102161,0.767417
03931,03,1604,1604,489.996,6.1944,38.051,0.264812,residential,False,-0.576494,False,59.1303,224.979,170.672,161.107,159.318,111.615,86.5337,0.0518097,0.0345633,0.126292,0.429517,0.528653,0.276569,0.33105,0.0991366,0.804611
03932,03,1088.33,1088.33,187.61,5.23437,36.6121,0.295789,residential,False,-0.232471,False,219.988,159.656,125.582,67.0639,195.36,139.565,224.571,0.0430706,0.0389392,0.202286,0.258283,0.356112,0.257819,0.245821,0.097829,0.863634
03933,03,1108.47,1108.47,484.925,6.18399,37.0264,0.324501,residential,False,-0.631155,False,108.687,191.393,109.104,50.3836,174.298,104.923,132.851,0.0486573,0.0463085,0.112705,0.442349,0.551655,0.300883,0.302829,0.109306,0.859379
03934,03,957,957,455.837,6.12214,35.9766,0.350982,residential,False,-0.754887,False,80.7502,200.323,91.9773,48.8805,88.1772,143.142,238.765,0.0994793,0.0509622,0.107624,0.366376,0.466453,0.196953,0.376526,0.100077,0.817522
03935,03,1163,1163,251.209,5.52628,36.5091,0.413778,residential,False,-0.0465829,False,459.738,132.523,141.651,244.438,147.008,54.2458,381.214,0.141212,0.069265,0.0962742,0.258969,0.365452,0.162797,0.333658,0.106483,0.783906
03936,03,1091.21,1091.21,269.22,5.59553,36.8546,0.333413,residential,False,-0.894465,False,120.415,91.1185,50.9353,70.6024,174.628,40.5474,211.476,0.0591716,0.0331658,0.170554,0.314723,0.421892,0.268735,0.275714,0.107168,0.836354
03937,03,1277,1277,416.408,6.03167,37.4238,0.350541,residential,False,-0.764718,False,266.239,37.5858,196.916,47.0154,125.036,70.9659,223.246,0.126667,0.0477215,0.101917,0.311821,0.417415,0.157871,0.382535,0.105593,0.704238
03938,03,1656,1647,268.836,5.5941,37.4892,0.286429,residential,False,-0.315097,False,299.774,76.8655,93.2782,49.3808,244.446,169.652,204.142,0.0660495,0.0292808,0.176872,0.226814,0.388751,0.23134,0.238395,0.161937,0.815555
03939,03,1784,1730,190.493,5.24962,38.4334,0.360184,residential,False,-0.0933522,False,288.699,102.679,61.7205,144.764,226.152,225.264,226.873,0.039351,0.0180237,0.185758,0.252378,0.427245,0.240098,0.23739,0.174867,0.908744
04101,04,1839.09,1839.09,176.141,5.17129,35.2434,0.564331,residential,False,0.174341,False,290.55,380.262,132.105,72.5079,215.63,121.265,420.672,0.217437,0.0498107,0.186659,-0.123478,0.0290249,0.0679784,0.212639,0.152503,0.642706
04102,04,1729,1729,169.581,5.13333,34.0988,0.520486,residential,False,-0.101713,False,305.417,217.803,108.782,39.2023,147.555,224.911,371.99,0.17973,0.0454818,0.207378,-0.0649622,0.1007,0.0912803,0.230866,0.165662,0.667186
04103,04,1518.37,1518.37,153.082,5.03097,34.9339,0.612916,residential,False,-0.52534,False,309.753,142.216,192.934,87.9688,85.3563,72.4157,203.751,0.200586,0.0524786,0.219595,-0.122934,0.0235322,0.0654401,0.231806,0.146467,0.645295
04104,04,1669.61,1669.61,158.994,5.06886,34.0251,0.653197,residential,False,-0.00282696,False,428.084,354.303,313.287,42.2531,77.9187,204.05,381.526,0.256577,0.0809205,0.175128,-0.139398,-0.00675524,0.0337762,0.258531,0.132643,0.565182
04105,04,2133.63,2133.63,205.096,5.32348,35.7403,0.527751,residential,False,-0.467684,False,173.36,139.029,43.6765,27.8341,165.016,310.189,276.617,0.211113,0.0649609,0.190293,-0.0867212,0.0461778,0.0711698,0.243515,0.132899,0.553974
04106,04,2261.65,2261.63,118.516,4.77505,34.2139,0.567819,residential,False,-0.0643023,False,152.953,194.832,197.756,66.617,195.271,253.45,237.075,0.202201,0.0517766,0.179557,-0.058146,0.105904,0.0599913,0.263621,0.16405,0.648022
04107,04,2000.18,1717.18,25.8073,3.25066,37.3648,0.352877,residential,False,0.356017,False,342.894,299.448,228.391,100.101,187.908,303.33,304.117,0.223314,0.0634652,0.198059,-0.142657,-0.000335372,0.0750386,0.203677,0.142321,0.612339
04108,04,882.941,882.941,232.676,5.44965,35.1358,0.534552,residential,False,-0.945339,False,59.3212,45.8227,144.076,56.9766,220.703,97.8418,109.129,0.196845,0.0482099,0.255241,-0.134397,-0.0149318,0.0516246,0.266063,0.119466,0.659351
04109,04,2014,2014,215.079,5.371,35.2939,0.540543,residential,False,0.0152603,False,336.071,247.844,279.526,36.4778,111.302,359.795,295.283,0.210883,0.0779345,0.177605,-0.0535452,0.0769834,0.0492235,0.285719,0.130529,0.564759
04110,04,1883.06,1883.06,232.676,5.44965,35.3637,0.525175,residential,False,-0.256872,False,275.556,164.454,338.975,26.7881,113.783,179.967,296.901,0.239587,0.0563135,0.175545,-0.114752,0.0423962,0.0648924,0.235487,0.157149,0.641744
04111,04,1705.8,1705.8,202.178,5.30915,34.9364,0.525445,residential,False,-0.936782,False,342.553,196.65,343.325,1.15611,51.7742,132.157,321.469,0.240496,0.0527544,0.154446,-0.0661153,0.0870049,0.0755527,0.253274,0.15312,0.623352
04112,04,2180,2165,263.436,5.57381,36.2017,0.42417,residential,False,0.0541113,False,409.67,111.805,244.355,129.13,126.509,192.322,355.149,0.144889,0.0472703,0.137671,0.144429,0.317535,0.14128,0.285709,0.173106,0.698692
04113,04,1827,1827,456.363,6.12329,36.0348,0.349475,residential,False,-0.194502,False,194.054,121.284,189.24,142.081,144.823,153.28,239.695,0.13109,0.0464037,0.116009,0.200696,0.364269,0.174014,0.273782,0.163573,0.747656
04114,04,1686,906.997,93.494,4.5379,38.0667,0.310221,residential,False,-0.314085,False,147.35,109.42,169.156,197.18,86.7606,246.206,245.939,0.102599,0.0462147,0.142595,0.214446,0.386313,0.18403,0.27561,0.171867,0.753115
04115,04,1774.3,1774.3,512.828,6.23994,35.9717,0.271515,residential,False,-0.802623,False,52.6817,167.493,117.263,124.59,91.1227,220.096,94.6719,0.102113,0.0223005,0.166667,0.226526,0.347418,0.200704,0.294601,0.120892,0.783883
04116,04,2134.7,2134.7,549.983,6.30989,37.4527,0.27478,residential,False,-0.483341,False,87.3582,134.839,169.311,171.167,175.452,130.404,103.286,0.0850684,0.0334197,0.137681,0.297538,0.444218,0.202996,0.317292,0.14668,0.802062
04117,04,2694,2691,359.064,5.8835,36.5011,0.281669,residential,False,-0.0645454,False,252.208,169.421,112.909,151.304,251.604,193.625,120.292,0.107856,0.0399467,0.23036,0.045273,0.194407,0.13715,0.246338,0.149134,0.729026
04118,04,1834,1834,291.722,5.6758,37.7897,0.257779,residential,False,0.157201,False,210.373,144.534,147.868,167.904,190.222,295.995,335.81,0.0899888,0.0427447,0.155231,0.202475,0.371204,0.163105,0.284589,0.168729,0.738664
04119,04,1982.01,1982.01,328.181,5.79357,37.2199,0.319788,residential,False,-0.82647,False,89.3105,134.842,70.0698,130.462,114.46,94.7959,128.42,0.106286,0.0411429,0.146286,0.243429,0.388571,0.174857,0.321143,0.145143,0.744717
04201,04,1246.25,1233.25,54.9609,4.00662,32.4467,0.608272,residential,False,1.29153,False,1174.63,840.787,268.958,245.923,289.297,391.806,457.013,0.110855,0.0247116,0.33749,-0.17694,-0.0378993,0.167966,0.103438,0.139041,0.821007
04202,04,1559.9,1481.9,52.8528,3.96751,31.5229,0.643821,residential,False,0.571775,False,312.892,211.481,87.8071,176.154,233.702,261.697,1089.68,0.0812294,0.0197585,0.321625,-0.0823271,0.0845225,0.174533,0.145993,0.16685,0.790738
04203,04,1971.47,1968.47,82.2508,4.40977,31.3055,0.675079,residential,False,1.08907,False,368.086,337.123,420.395,336.954,265.157,915.46,371.419,0.112907,0.0173873,0.369685,-0.228618,-0.0850678,0.145517,0.108457,0.14355,0.763691
04204,04,1918.98,1918.98,195.939,5.2778,33.4489,0.597061,residential,False,-0.396097,False,47.084,166.228,213.552,47.9895,280.92,951.611,40.6247,0.152731,0.0278707,0.315496,-0.214047,-0.0535117,0.09699,0.157191,0.160535,0.712157
04205,04,1649.75,1649.75,45.3397,3.81418,31.5295,0.607477,residential,False,0.89116,False,349.512,511.65,149.915,181.642,204.311,315.754,1311.4,0.0861298,0.0212528,0.432886,-0.284116,-0.136465,0.149888,0.0850112,0.147651,0.806452
04206,04,1741.08,1600,212.329,5.35814,35.6805,0.384988,residential,False,-0.176634,False,217.899,490.011,85.5824,124.647,83.5685,163.537,291.443,0.164776,0.0400065,0.274412,-0.14745,0.0111755,0.132818,0.15892,0.158626,0.746252
04207,04,1980.91,1966,86.4881,4.46001,35.6586,0.414413,residential,False,0.323882,False,209.65,204.95,202.565,215.254,118.481,600.22,388.695,0.138272,0.0333333,0.287654,-0.124691,0.0197531,0.118519,0.182716,0.144444,0.75069
04208,04,2422.08,2422.08,179.285,5.18898,35.1401,0.346536,residential,False,-0.0808569,False,166.804,77.2429,181.134,125.336,118.832,866.899,224.203,0.0681413,0.040345,0.210684,0.149972,0.29463,0.196884,0.231914,0.144658,0.737948
04209,04,1578.7,1578.7,166.432,5.11459,34.9158,0.487738,residential,False,0.183275,False,335.915,479.516,53.5276,112.343,124.229,382.049,366.472,0.116354,0.0317591,0.289241,-0.096041,0.0564477,0.164578,0.144976,0.152489,0.795593
04210,04,1507,1507,167.903,5.12339,34.8567,0.513303,residential,False,-0.0733329,False,201.306,233.011,188.821,107.873,180.341,166.184,183.989,0.112432,0.0335135,0.349189,-0.178378,-0.0259459,0.130811,0.152432,0.152432,0.809564
04211,04,1558,1558,67.1049,4.20626,34.0492,0.56888,residential,False,0.532284,False,378.687,127.455,233.254,183.648,255.264,328.219,448.344,0.0898396,0.0363636,0.376471,-0.205348,-0.057754,0.165775,0.0951872,0.147594,0.843723
04212,04,1625,1625,124.117,4.82122,34.7969,0.505259,residential,False,0.0313402,False,129.986,227.217,233.663,294.107,133.622,189.857,251.265,0.0903614,0.0331325,0.356426,-0.192771,-0.0461847,0.140562,0.113454,0.146586,0.828926
04213,04,1629.28,1608.28,50.3364,3.91873,31.7465,0.651856,residential,False,1.03189,False,248.054,710.015,416.721,303.744,202.239,402.219,711.559,0.0976163,0.0249716,0.360953,-0.167991,-0.046538,0.172531,0.118048,0.121453,0.819021
04214,04,1723,1723,117.322,4.76492,35.454,0.481276,residential,False,0.572265,False,306.386,192.051,317.009,162.502,252.221,409.672,341.014,0.0841463,0.0292683,0.284146,-0.0219512,0.139024,0.180488,0.165854,0.160976,0.755697
04215,04,2082,2082,318.267,5.76289,36.427,0.382807,residential,False,-0.243923,False,112.83,75.4981,175.986,176,194.228,328.872,138.52,0.0824053,0.0545657,0.115813,0.30735,0.469933,0.159243,0.346325,0.162584,0.698289
04216,04,1671,1671,167.635,5.12179,35.7105,0.452486,residential,False,-0.0909046,False,131.972,194.301,114.684,217.143,159.179,221.826,225.174,0.102307,0.0230692,0.369107,-0.200602,-0.0531595,0.160481,0.110331,0.147442,0.796209
04217,04,1658.14,1658.14,83.9468,4.43018,33.721,0.549082,residential,False,0.138318,False,356.301,121.49,132.405,157.677,193.726,124.652,518.316,0.079602,0.0248756,0.370149,-0.158209,-0.0129353,0.159204,0.132338,0.145274,0.828036
04218,04,1802,1802,227.063,5.42523,35.9421,0.387063,residential,False,-0.480685,False,112.755,240.717,172.153,338.323,73.7358,107.265,137.29,0.0735608,0.0373134,0.364606,-0.137527,0.00959488,0.152452,0.148188,0.147122,0.775947
04219,04,1871,1871,116.876,4.76111,34.9178,0.509245,residential,False,0.0564302,False,224.307,270.641,204.862,394.857,210.469,70.3889,156.093,0.0938124,0.0379242,0.294411,-0.0848303,0.0878244,0.126747,0.176647,0.172655,0.777266
04220,04,1733.86,1724.86,51.1002,3.93379,33.123,0.634605,residential,False,0.998111,False,612.267,239.91,224.804,156.035,374.366,290.375,887.793,0.0671073,0.0186862,0.344777,-0.0634955,0.0729584,0.20621,0.142179,0.136454,0.83738
04221,04,1995,1989,97.7777,4.5827,36.6524,0.40357,residential,False,0.258392,False,226.505,414.923,213.218,276.127,129.202,226.351,249.238,0.0892308,0.0235897,0.338462,-0.114872,0.0164103,0.165128,0.147692,0.131282,0.78703
04222,04,1998.01,1998.01,186.252,5.2271,35.7581,0.355985,residential,False,0.207601,False,147.79,158.252,181.747,266.48,201.632,465.171,204.197,0.104396,0.0384615,0.202198,0.089011,0.253846,0.198901,0.196703,0.164835,0.742067
04223,04,1646.14,1646.14,292.393,5.6781,36.0385,0.360593,residential,False,0.0921008,False,93.6124,182.007,274.733,212.397,132.146,488.245,267.465,0.115288,0.0313283,0.241855,-0.00626566,0.135338,0.191729,0.159148,0.141604,0.734304
04224,04,1607.16,1607.16,53.2436,3.97488,33.415,0.615783,residential,False,1.22006,False,760.171,342.511,520.272,679.208,180.458,354.372,718.509,0.0649136,0.0140876,0.362195,-0.0814245,0.0527008,0.221597,0.124088,0.134125,0.896242
04225,04,2366.93,2366.93,125.324,4.8309,35.9416,0.387596,residential,False,0.123097,False,183.522,93.0825,164.858,259.945,172.396,678.279,185.296,0.118457,0.046832,0.15427,0.143251,0.312672,0.15427,0.261708,0.169421,0.59345
04226,04,1792,1792,136.608,4.91711,34.6535,0.512762,residential,False,0.0637241,False,162.641,140.77,208.974,297.814,167.067,314.164,177.104,0.0835735,0.0317003,0.3122,-0.067243,0.0835735,0.172911,0.15562,0.150817,0.817187
04227,04,1651.21,1651.21,253.06,5.53363,37.4852,0.231666,residential,False,0.330269,False,163.555,281.628,382.562,130.566,199.956,569.834,169.964,0.101447,0.0468597,0.154758,0.223394,0.35166,0.162552,0.317048,0.128266,0.687933
04301,04,1981,1981,319.99,5.76829,36.2388,0.398902,residential,False,-0.342582,False,253.119,89.495,118.898,157.822,159.989,251.509,94.5039,0.121491,0.0633373,0.0975894,0.306518,0.43643,0.215193,0.310405,0.129912,0.737179
04302,04,1706,1706,367.262,5.90607,37.1851,0.29596,residential,False,-0.636627,False,352.048,85.9925,133.854,194.201,108.234,30.7968,178.309,0.0895218,0.0448812,0.177659,0.173952,0.33446,0.199362,0.24177,0.160508,0.773902
04303,04,1819,1819,300.44,5.70525,36.6723,0.356677,residential,False,-0.715348,False,197.664,93.5668,159.121,83.2587,98.134,76.0634,174.085,0.0715843,0.0394517,0.188469,0.211054,0.362825,0.236261,0.234846,0.151771,0.781834
04304,04,1814,1814,458.456,6.12786,37.945,0.310246,residential,False,-0.548369,False,71.0112,108.973,170.085,149.436,203.831,148.638,87.5135,0.0743639,0.0446238,0.204055,0.186185,0.321634,0.222524,0.24208,0.135449,0.822744
04305,04,1364.16,1364.16,336.155,5.81757,36.2637,0.40886,residential,False,-0.656519,False,129.656,76.3868,122.06,132.611,123.276,94.8565,189.052,0.0754807,0.0336188,0.138026,0.282434,0.478039,0.225314,0.270627,0.195605,0.800292
04306,04,1650,1650,405.494,6.00511,36.754,0.401351,residential,False,-0.245502,False,194.395,113.424,176.346,220.86,206.172,123.84,109.829,0.0665858,0.0478349,0.113992,0.409228,0.53721,0.233178,0.356628,0.127982,0.808516
04307,04,1803,1803,381.285,5.94355,37.0452,0.409557,residential,False,-0.258205,False,175.549,43.3639,378.614,46.5314,480.202,123.054,128.764,0.0821619,0.0373924,0.13638,0.289099,0.440225,0.216427,0.291214,0.151125,0.789472
04308,04,913.789,913.789,135.77,4.91096,36.315,0.369263,residential,False,-0.0498238,False,276.873,89.5444,480.125,102.501,158.978,250.295,166.007,0.104523,0.039264,0.230964,0.0617601,0.205614,0.186435,0.210811,0.143854,0.79843
04309,04,1768,1768,407.546,6.01015,38.9652,0.273052,residential,False,-0.269583,False,96.958,207.95,518.636,213.772,80.3711,259.206,120.917,0.126634,0.019251,0.228588,0.00529377,0.156689,0.165091,0.195425,0.151395,0.751069
04310,04,1836,1836,358.715,5.88253,37.836,0.237433,residential,False,0.0869201,False,115.03,196.439,190.576,208.605,281.873,169.499,206.788,0.0812834,0.026738,0.195722,0.192513,0.342246,0.209626,0.259893,0.149733,0.820468
04311,04,1521,1473,373.007,5.9216,37.6823,0.277088,residential,False,-0.44446,False,152.252,183.938,91.6652,156.522,238.493,86.7722,82.8194,0.0749014,0.0262812,0.283837,0.0118265,0.161629,0.206307,0.164258,0.149803,0.772267
04312,04,1167.02,1167.02,359.625,5.88506,36.9636,0.312894,residential,False,-0.166555,False,114.354,175.606,135.136,309.218,133.369,172.331,226.592,0.0605225,0.02428,0.154245,0.314921,0.46751,0.23919,0.290499,0.152589,0.764706
04313,04,1755,1755,428.672,6.06069,36.3895,0.304726,residential,False,-0.0629498,False,96.5505,291.09,63.2038,164.98,200.06,308.2,225.825,0.0857143,0.0243386,0.231746,0.0931217,0.245503,0.231746,0.178836,0.152381,0.786304
04314,04,1628.33,1628.33,364.234,5.8978,37.8835,0.239493,residential,False,-0.332532,False,87.4182,114.11,174.112,142.645,199.104,311.484,99.1758,0.0684944,0.0229082,0.178549,0.265191,0.415688,0.281417,0.230818,0.150497,0.821581
04315,04,1687.67,1687.67,290.447,5.67142,37.3252,0.31772,residential,False,-0.5915,False,142.282,89.7627,123.357,185.57,101.443,108.47,188.269,0.0530143,0.0200227,0.201204,0.246089,0.403185,0.257155,0.243152,0.157096,0.797461
04316,04,1689,1689,403.165,5.99935,35.9816,0.272955,residential,False,-0.600244,False,172.279,82.1856,97.3707,237.895,138.745,99.4258,109.092,0.0561975,0.0235174,0.308048,0.0165167,0.170045,0.210797,0.169966,0.153529,0.803675
04317,04,1447,1390,147.71,4.99525,35.1675,0.406051,residential,False,-0.125754,False,289.116,113.005,47.8711,187.297,227.023,158.808,238.706,0.0813477,0.0244555,0.287234,-0.0194189,0.150833,0.198236,0.150927,0.170252,0.814712
04318,04,1554.89,1554.89,519.258,6.2524,36.458,0.232816,residential,False,0.122147,False,240.534,50.766,174.878,323.21,340.589,192.201,206.23,0.061447,0.0257681,0.214073,0.196234,0.35778,0.229931,0.241824,0.161546,0.861981
04319,04,1319.77,1319.77,443.311,6.09427,37.2002,0.28943,residential,False,-0.330549,False,131.43,61.2425,151.83,175.566,251.969,297.166,81.6028,0.0597015,0.0373134,0.205224,0.211443,0.350746,0.262438,0.21393,0.139303,0.86383
04320,04,2121.07,2121.07,405.466,6.00504,38.3279,0.267963,residential,False,-0.51295,False,113.627,164.955,122.392,138.827,100.417,268.774,111.966,0.0599875,0.031153,0.179389,0.27824,0.407687,0.250798,0.266819,0.129447,0.773468
04321,04,1758.18,1758.18,436.184,6.07806,37.2096,0.268968,residential,False,-0.529323,False,87.0617,66.897,179.142,185.657,177.744,79.8222,204.76,0.0616997,0.0232829,0.220023,0.135041,0.309662,0.215367,0.201397,0.174622,0.762157
04322,04,1968.72,1968.72,501.608,6.21782,37.4004,0.249856,residential,False,0.0318002,False,163.484,187.895,168.323,252.533,284.282,162.606,122.72,0.0544218,0.0272109,0.2138,0.185617,0.364431,0.253644,0.200194,0.178814,0.833467
04323,04,1652,1652,334.152,5.81159,37.4813,0.317749,residential,False,-0.567598,False,141.464,107.093,318.855,70.7087,171.529,156.216,64.5981,0.0944852,0.0332249,0.271758,0.00796483,0.142439,0.193404,0.180805,0.134474,0.73086
04324,04,1804.16,1804.16,258.262,5.55397,37.7263,0.262042,residential,False,-0.298652,False,71.4116,247.877,308.804,172.148,99.5371,239.999,151.32,0.0831375,0.028064,0.261573,0.017407,0.185055,0.19055,0.171568,0.167648,0.772983
04325,04,1174.16,1174.16,357.273,5.8785,37.1372,0.361527,residential,False,-0.391224,False,119.041,208.273,93.8083,235.882,107.91,266.881,108.633,0.0519248,0.0251742,0.216253,0.207315,0.357966,0.23591,0.239583,0.150651,0.67208
04326,04,1521,1521,397.226,5.98451,37.072,0.390343,residential,False,-0.340415,False,143.808,47.8364,271.716,108.554,187.888,165.135,218.604,0.0612026,0.0306842,0.199972,0.219335,0.365323,0.225952,0.254557,0.145988,0.768715
04327,04,1550.84,1550.84,405.988,6.00632,37.5725,0.327835,residential,False,-0.453763,False,266.725,63.4631,73.3655,94.1574,126.034,187.64,271.746,0.0784276,0.0359586,0.169105,0.229291,0.393422,0.223027,0.253796,0.164131,0.776734
04328,04,1887,1887,327.965,5.79291,37.6032,0.337218,residential,False,0.111602,False,168.49,160.637,356.953,103.336,229.503,265.291,201.829,0.0827049,0.0368228,0.190915,0.171731,0.324146,0.166034,0.279317,0.152415,0.775021
04329,04,1932,1932,471.879,6.15672,37.0684,0.315357,residential,False,-0.252651,False,120.99,101.886,344.058,136.159,323.392,47.9007,177.131,0.0657042,0.0380575,0.139447,0.318051,0.486976,0.229067,0.294136,0.168925,0.817464
04401,04,2035.25,2030.35,349.987,5.8579,38.6121,0.307076,residential,False,-0.531097,False,116.124,170.675,106.384,129.946,165.091,141.417,92.3097,0.0890688,0.0435223,0.173077,0.200405,0.347166,0.211538,0.251012,0.146761,0.78487
04402,04,2223,2073.91,212.754,5.36014,37.3412,0.385476,residential,False,-0.228832,False,151.783,131.461,146.416,222.671,161.284,106.473,236.2,0.130243,0.0529801,0.203091,0.0408389,0.190949,0.14128,0.232892,0.15011,0.717989
04403,04,1267.94,1267.94,78.1368,4.35846,37.6972,0.194467,residential,False,-0.126727,False,73.0806,485.573,221.309,153.051,130.244,232.264,161.682,0.0873606,0.0183666,0.293856,-0.0109101,0.124657,0.204561,0.165745,0.135567,0.754839
04404,04,1583.98,1583.98,375.512,5.92829,38.0105,0.285853,residential,False,0.0842795,False,202.659,198.701,125.29,256.359,98.8383,332.324,391.571,0.0947753,0.0247022,0.17221,0.200638,0.35154,0.221105,0.246519,0.150902,0.770669
04405,04,1891,1891,331.874,5.80475,38.5882,0.216028,residential,False,-0.0311084,False,209.063,234.288,156.934,154.455,97.391,386.065,229.812,0.0620239,0.0250272,0.181719,0.252448,0.389554,0.244831,0.25136,0.137106,0.780118
04406,04,2044.81,2044.81,339.857,5.82852,38.2438,0.288299,residential,False,-0.654456,False,97.1532,88.9711,120.752,168.089,133.938,132.654,121.501,0.106831,0.0487175,0.186011,0.139692,0.279339,0.144913,0.287621,0.139647,0.703703
04407,04,1748.73,1748.73,272.673,5.60827,37.9128,0.281589,residential,False,-0.219932,False,143.904,96.4224,318.343,100.79,159.676,197.491,212.685,0.0733653,0.0309296,0.180805,0.217544,0.365172,0.208154,0.263559,0.147628,0.750497
04408,04,2064.47,2064.47,340.298,5.82982,37.7889,0.31658,residential,False,-0.856209,False,89.6541,120.504,113.167,85.3508,94.3409,197.416,88.844,0.11838,0.0440749,0.215121,0.0527125,0.193528,0.154638,0.231576,0.140816,0.674655
04409,04,2023,2023,228.628,5.4321,37.7746,0.278496,residential,False,-0.391675,False,182.979,143.865,213.361,81.1324,149.038,132.887,142.421,0.079798,0.0373737,0.240404,0.0919192,0.249495,0.192929,0.219192,0.157576,0.792063
04410,04,2150.27,2150.27,368.264,5.9088,38.4013,0.292512,residential,False,-0.632193,False,108.727,119.2,254.731,74.5401,135.151,118.627,113.294,0.0867628,0.0423407,0.16775,0.235422,0.38273,0.210785,0.279149,0.147308,0.716339
04411,04,2277.53,2277.53,354.513,5.87074,38.1216,0.260896,residential,False,-0.303699,False,90.725,148.545,240.942,171.006,142.673,269.738,115.694,0.0751323,0.026455,0.219048,0.146032,0.270899,0.22328,0.216931,0.124868,0.731895
04412,04,2052,2052,322.626,5.7765,37.9047,0.289818,residential,False,-0.378587,False,169.878,144.326,125.949,150.282,132.472,243.124,104.367,0.0854673,0.0394761,0.220591,0.134988,0.274791,0.197154,0.243892,0.139803,0.761246
04413,04,1852,1852,354.845,5.87168,38.1518,0.292878,residential,False,-0.371513,False,80.4785,116.257,265.79,186.462,109.283,222.074,182.71,0.0752315,0.0219907,0.224537,0.130787,0.275463,0.196759,0.233796,0.144676,0.750868
04414,04,1879.17,1879.17,348.086,5.85245,38.2044,0.318953,residential,False,-0.244323,False,147.841,157.622,147.71,88.1824,199.161,151.842,202.451,0.0663326,0.0311637,0.258783,0.0752632,0.212899,0.220139,0.18024,0.137636,0.801215
04415,04,1795.91,1795.91,136.1,4.91339,37.9757,0.267649,residential,False,0.0733391,False,64.8844,449.597,155.879,164.103,176.844,312.003,258.654,0.0755207,0.0295734,0.26558,0.0560949,0.187623,0.219023,0.178173,0.131528,0.768772
04416,04,1599.12,1599.12,257.705,5.55182,37.4103,0.321592,residential,False,-0.0541644,False,143.342,228.812,239.364,169.752,146.713,316.123,132.851,0.0712901,0.0244244,0.233873,0.132386,0.280469,0.170308,0.267242,0.148083,0.678684
04417,04,1676.69,1676.69,357.91,5.88028,37.9318,0.301065,residential,False,-0.266315,False,171.957,68.4198,372.632,94.1356,119.163,200.961,289.717,0.0834203,0.0253379,0.248487,0.0664869,0.198142,0.210409,0.187986,0.131656,0.743103
04418,04,1260.17,1260.17,241.472,5.48675,37.614,0.302137,residential,False,-0.605294,False,106.018,203.428,303.288,115.222,136.385,30.5435,165.585,0.0597384,0.0156358,0.319761,-0.0216755,0.123225,0.239389,0.118435,0.1449,0.828805
04419,04,1677.19,1677.19,214.436,5.36801,38.2293,0.271453,residential,False,-0.353217,False,138.211,210.374,184.66,133.49,124.469,117.066,173.697,0.0448718,0.0224359,0.274573,0.0705128,0.227564,0.223291,0.166667,0.157051,0.761134
04420,04,1417.14,1417.14,160.895,5.08075,38.2461,0.231253,residential,False,-0.0277303,False,80.0025,307.635,245.497,129.663,135.372,456.799,186.404,0.0801244,0.0434647,0.33434,-0.0854807,0.04609,0.155655,0.17333,0.131571,0.66641
04421,04,1777,1777,149.728,5.00882,38.0103,0.205428,residential,False,-0.0414292,False,79.4624,191.823,323.417,132.817,141.217,593.068,162.191,0.0823699,0.0274566,0.267341,0.015896,0.143064,0.182081,0.183526,0.127168,0.702429
04422,04,1834,1834,199.451,5.29557,37.3752,0.250154,residential,False,-0.000658459,False,110.338,157.331,240.197,237.559,152.849,241.113,261.427,0.0777454,0.02138,0.343052,-0.101069,0.0456754,0.183673,0.136054,0.146744,0.797683
04423,04,1880.71,1880.71,157.803,5.06135,36.7499,0.213433,residential,False,0.0574809,False,86.0803,284.598,206.574,201.239,225.509,329.739,133.489,0.118314,0.0518639,0.343598,-0.19611,-0.103728,0.119935,0.145867,0.0923825,0.713303
04424,04,1953.67,1953.67,285.558,5.65444,36.9754,0.287569,residential,False,-0.0977781,False,109.963,317.082,184.192,104.278,166.164,343.364,136.677,0.0808743,0.0273224,0.340984,-0.0928962,0.0601093,0.194536,0.134426,0.153005,0.780405
04425,04,1631,1631,320.089,5.7686,36.0848,0.383728,residential,False,0.0594474,False,125.021,172.044,151.141,193.993,322.87,243.826,141.12,0.095186,0.0284464,0.333698,-0.150985,0.00218818,0.155361,0.122538,0.153173,0.779001
04426,04,1585,1585,428.364,6.05997,37.2857,0.253053,residential,False,0.0596127,False,175.833,321.125,302.371,82.4794,206.878,146.66,221.487,0.0528463,0.0170439,0.28122,0.110589,0.241292,0.250181,0.194474,0.130704,0.792366
04427,04,2010,2010,316.585,5.75759,36.9965,0.365327,residential,False,-0.239953,False,222.191,91.0052,262.305,46.4199,141.329,150.643,420.134,0.10754,0.0457355,0.234858,0.0444994,0.181706,0.161928,0.224969,0.137206,0.728242
04428,04,1932,1932,282.592,5.64401,37.9537,0.370034,residential,False,-0.443521,False,219.062,138.452,129.922,87.553,168.593,78.9582,170.657,0.0737787,0.0348953,0.206381,0.160518,0.31007,0.231306,0.209372,0.149551,0.829228
04429,04,2269.45,2269.44,67.6386,4.21418,37.8382,0.306032,residential,False,0.132187,False,247.79,170.849,197.068,106.604,158.916,224.292,434.737,0.105882,0.0376471,0.234118,0.0811765,0.209412,0.168235,0.252941,0.128235,0.712146
04501,04,1788.75,1764.75,32.0492,3.46727,30.8973,0.656168,residential,False,1.42671,False,513.431,728.574,238.599,398.063,311.128,889.22,626.5,0.102957,0.0219058,0.455641,-0.365827,-0.271632,0.112815,0.0799562,0.094195,0.779001
04502,04,1578,1578,41.0556,3.71493,31.5528,0.626046,residential,False,0.621431,False,239.491,281.916,112.708,244.92,216.849,509.101,571.351,0.10928,0.0173498,0.491489,-0.452922,-0.343557,0.0998698,0.0479768,0.109366,0.775398
04503,04,1760,1760,55.2033,4.01102,32.3524,0.603079,residential,False,0.729153,False,336.548,510.294,106.823,293.62,187.156,274.086,784.99,0.0802378,0.0196135,0.439772,-0.287773,-0.164775,0.118194,0.114043,0.122998,0.751852
04504,04,2219.49,2219.49,199.986,5.29825,35.7983,0.46466,residential,False,0.363801,False,128.993,319.159,176.893,304.561,147.545,517.437,332.263,0.102786,0.0287722,0.34355,-0.160118,-0.0267031,0.114696,0.171521,0.133415,0.699408
04505,04,1986.35,1986.35,420.273,6.04091,38.1235,0.327721,residential,False,0.133586,False,112.557,63.1921,224.91,265.003,187.532,565.488,331.467,0.100457,0.0422374,0.251142,0.00228311,0.157534,0.1621,0.191781,0.155251,0.74894
04506,04,1864,1864,379.677,5.93932,37.5122,0.285251,residential,False,-0.109724,False,82.7746,113.579,333.871,136.118,122.397,442.471,277.216,0.0849257,0.0265393,0.291932,-0.00955414,0.142251,0.193206,0.174098,0.151805,0.779146
04507,04,1511.96,1511.96,197.08,5.28361,37.245,0.30798,residential,False,-0.287437,False,121.782,116.791,342.418,44.8721,175.992,232.8,199.92,0.108233,0.0156037,0.276034,-0.0470959,0.117484,0.159232,0.177939,0.16458,0.71176
04508,04,1269.47,1269.47,282.803,5.64475,37.7164,0.277703,residential,False,-0.897062,False,109.967,179.721,197.346,275.34,205.079,1.92871,149.905,0.088597,0.0190594,0.279771,0.00510061,0.156536,0.19345,0.180019,0.151435,0.795776
04509,04,1555,1555,296.798,5.69305,37.3039,0.270916,residential,False,-0.453583,False,75.4973,113.01,171.274,253.32,151.792,141.333,133.452,0.0715985,0.0209837,0.292917,-0.00289053,0.164262,0.191303,0.170322,0.167152,0.778947
04510,04,1620,1620,270.416,5.59996,38.2707,0.295603,residential,False,-0.248487,False,144.244,117.364,173.413,127.163,106.115,385.93,212.023,0.130238,0.0453001,0.254813,-0.0634202,0.0951302,0.143828,0.177803,0.15855,0.770563
04511,04,2011,2011,216.328,5.3768,37.0533,0.365798,residential,False,-0.448033,False,117.18,154.366,215.046,134.385,153.526,126.738,106.649,0.121035,0.037051,0.330602,-0.183726,-0.0460471,0.118188,0.149723,0.137679,0.696365
04512,04,2290,2290,149.469,5.00709,36.4949,0.425693,residential,False,-0.511487,False,249.205,122.92,165.338,85.8163,118.914,99.8782,153.197,0.120945,0.0376918,0.253377,-0.0215281,0.1066,0.154748,0.198046,0.128128,0.7102
04513,04,1314,1314,403.756,6.00081,37.0858,0.321606,residential,False,-0.00699258,False,77.2457,101.678,373.904,134.521,229.166,279.204,265.72,0.0995202,0.036843,0.306679,-0.103687,0.045997,0.157076,0.145436,0.149684,0.724722
04514,04,1342,1342,396.596,5.98292,35.5383,0.397012,residential,False,-0.619107,False,79.8484,107.865,163.429,199.18,122.019,169.955,96.2874,0.0779793,0.0427999,0.274327,-0.0116248,0.152522,0.167265,0.173417,0.164147,0.751951
04515,04,1328,1328,355.522,5.87359,35.1223,0.485816,residential,False,0.130065,False,199.663,80.0763,158.571,289.782,290.648,214.269,229.023,0.0916052,0.0337749,0.273556,-0.00890673,0.141655,0.195607,0.160647,0.150562,0.755491
04516,04,1523,1523,364.821,5.89941,34.773,0.469469,residential,False,0.24227,False,220.033,227.879,60.2406,253.121,354.032,139.539,311.012,0.0898316,0.0306738,0.240425,0.0644595,0.224601,0.215847,0.17887,0.160142,0.812289
04517,04,2055,2055,167.121,5.11872,36.709,0.385305,residential,False,0.263794,False,400.938,170.461,195.314,214.857,181.664,195.755,282.753,0.124868,0.0465608,0.243386,-0.0253968,0.128042,0.141799,0.201058,0.153439,0.751567
04518,04,2045,2021,186.5,5.22843,38.0523,0.338622,residential,False,0.195667,False,224.647,141.443,188.902,305.476,198.295,356.828,170.134,0.12877,0.0429234,0.24826,-0.0487239,0.0974478,0.133411,0.194896,0.146172,0.71831
04519,04,1934,1934,253.428,5.53508,35.7523,0.460814,residential,False,-0.264725,False,123.518,111.954,227.544,103.342,156.041,185.971,235.68,0.148692,0.0307225,0.261854,-0.0962037,0.0481564,0.143046,0.171296,0.14436,0.732363
04520,04,1832.01,1832.01,88.6639,4.48485,33.8401,0.585961,residential,False,0.307138,False,329.023,207.109,201.245,206.303,170.884,196.433,375.601,0.126126,0.029029,0.333333,-0.173173,-0.024024,0.151151,0.135135,0.149149,0.784268
04521,04,1666.01,1666.01,55.6235,4.01861,32.6365,0.610689,residential,False,0.469859,False,195.987,350.735,119.503,241.679,160.433,276.702,762.613,0.100682,0.0266806,0.452675,-0.359369,-0.261666,0.104757,0.0892302,0.0977036,0.71934
04522,04,1836.77,1836.77,45.6617,3.82126,31.4542,0.632561,residential,False,0.841872,False,393.037,323.668,180.015,372.662,193.345,420.193,645.364,0.131944,0.0152032,0.472504,-0.436844,-0.34877,0.0931641,0.0744396,0.0880745,0.772914
04523,04,1448.2,1442.2,104.487,4.64906,34.1639,0.536636,residential,False,0.0919639,False,320.3,254.846,172.851,126.967,119.087,240.901,297.323,0.107626,0.00643531,0.387241,-0.253068,-0.131346,0.138715,0.103085,0.121722,0.785295
04524,04,1684.75,1681.75,35.2104,3.56134,30.9373,0.623025,residential,False,1.22384,False,536.23,592.103,251.636,463.698,193.161,780.193,609.071,0.101373,0.0116156,0.569166,-0.536431,-0.460401,0.0781415,0.0559662,0.0760296,0.801514
04525,04,1651.21,1651.21,46.3531,3.83629,30.9141,0.621593,residential,False,0.551492,False,290.513,330.296,175.199,208.724,176.204,527.968,355.436,0.118644,0.0158898,0.462924,-0.387712,-0.271186,0.115466,0.0783898,0.116525,0.781893
04526,04,1448.16,1448.16,133.324,4.89278,34.6414,0.567224,residential,False,0.193355,False,125.576,222.912,194.89,231.07,210.083,424.822,178.202,0.138539,0.0328328,0.326964,-0.197974,-0.0624292,0.128896,0.138632,0.135545,0.722423
04527,04,1881,1881,376.445,5.93077,36.3557,0.327577,residential,False,-0.288931,False,122.311,173.914,270.971,178.534,131.534,156.52,134.882,0.0854392,0.0312876,0.303249,-0.0445247,0.101083,0.166065,0.178099,0.145608,0.758401
04528,04,1218.64,1218.64,364.627,5.89887,37.7076,0.258418,residential,False,-0.132453,False,95.8249,189.075,284.782,342.066,143.883,181.51,139.637,0.0881658,0.0203888,0.316578,-0.0604159,0.0816794,0.200465,0.143863,0.142095,0.790632
04601,04,1528.14,1528.14,230.954,5.44222,36.5316,0.36195,residential,False,-0.418465,False,97.0201,89.6787,104.242,124.945,237.368,123.514,197.78,0.0795547,0.033157,0.280785,0.0149913,0.156607,0.204092,0.171239,0.141616,0.796757
04602,04,1621.16,1621.16,264.377,5.57738,36.4972,0.346884,residential,False,-0.559636,False,79.1487,133.809,131.688,112.855,101.897,368.57,122.792,0.0794806,0.0257957,0.319656,-0.0311773,0.0969336,0.194595,0.173364,0.128111,0.768883
04603,04,1902.86,1902.86,242.695,5.49181,35.7956,0.322385,residential,False,-0.0925197,False,132.252,155.78,89.3508,125.774,146.138,504.801,264.66,0.0914378,0.0444917,0.309336,-0.058095,0.0684586,0.172251,0.170428,0.126554,0.679142
04604,04,2523.16,2523.16,308.55,5.73188,36.7067,0.400662,residential,False,-0.142203,False,147.031,144.18,165.608,190.779,126.435,491.218,133.103,0.118137,0.0446045,0.258592,-0.00342553,0.142971,0.168932,0.204371,0.146397,0.691473
04605,04,1575.07,1575.07,349.892,5.85762,36.9504,0.403424,residential,False,0.293879,False,215.618,188.542,195.572,293.943,188.226,431.002,194.111,0.09375,0.03125,0.2475,0.07,0.215,0.2225,0.18875,0.145,0.770913
04606,04,1792.35,1792.35,249.327,5.51876,35.952,0.361435,residential,False,-0.61028,False,78.458,65.6027,114.585,114.235,117.142,372.259,157.226,0.0781759,0.0434311,0.267101,0.0445168,0.188925,0.192182,0.197611,0.144408,0.76802
04607,04,1790,1790,255.595,5.54359,36.5012,0.374736,residential,False,-0.150145,False,220.822,144.52,229.084,105.791,144.164,193.605,202.011,0.0716934,0.0197775,0.236094,0.143387,0.275649,0.260816,0.190358,0.132262,0.754875
04608,04,1971,1971,359.093,5.88358,36.9558,0.370225,residential,False,-0.564504,False,160.402,112.796,323.156,132.83,93.2425,128.621,105.4,0.102018,0.0280269,0.244395,0.0426009,0.197309,0.192825,0.196188,0.154709,0.71599
04609,04,1845,1845,190.923,5.25187,35.9714,0.471858,residential,False,-0.345449,False,238.102,139.585,288.053,66.6758,256.029,29.0786,209.302,0.117503,0.0257038,0.294982,-0.0930233,0.0697674,0.140759,0.178703,0.162791,0.756434
04610,04,1577,1577,411.806,6.02055,36.7728,0.309468,residential,False,-0.425182,False,106.522,177.359,510.708,43.9827,127.28,120.31,196.655,0.0752454,0.0218103,0.245365,0.100327,0.252999,0.231189,0.189749,0.152672,0.817453
04611,04,1916.97,1916.97,277.989,5.62758,36.5821,0.342588,residential,False,-0.276383,False,187.533,70.5331,271.751,182.637,131.492,139.399,226.542,0.0595238,0.021645,0.308442,0.0227273,0.167749,0.217532,0.17316,0.145022,0.756098
04612,04,1746.6,1746.6,321.488,5.77296,36.0202,0.424806,residential,False,-0.0608804,False,228.553,92.2656,153.018,104.263,198.676,387.625,186.937,0.107429,0.0148571,0.254857,0.0537143,0.189714,0.221714,0.194286,0.136,0.782222
04613,04,1721.25,1721.25,394.629,5.97795,37.1622,0.329867,residential,False,0.101093,False,241.249,183.061,249.163,70.6491,302.137,348.356,111.439,0.0611621,0.0234455,0.227319,0.155963,0.327217,0.261978,0.182467,0.171254,0.798381
04614,04,1842,1842,368.959,5.91068,37.6354,0.346906,residential,False,-0.24888,False,114.713,120.831,414.358,181.577,163.87,159.946,120.3,0.071345,0.025731,0.251462,0.0818713,0.239766,0.183626,0.221053,0.157895,0.761273
04615,04,1760,1760,327.01,5.78999,37.0586,0.379272,residential,False,-0.0544604,False,85.4126,128.257,421.922,117.115,255.92,147.456,244.041,0.0975877,0.0350877,0.218202,0.108553,0.244518,0.213816,0.210526,0.135965,0.76505
04616,04,1523,1523,394.212,5.97689,37.18,0.335676,residential,False,-0.274579,False,47.6302,76.69,422.964,106.6,191.002,285.869,229.499,0.0537757,0.0228833,0.217391,0.215103,0.364989,0.271167,0.215103,0.149886,0.844255
04617,04,2153,2153,397.347,5.98481,37.4106,0.319105,residential,False,-0.597901,False,109.163,154.368,415.275,54.8078,76.6233,198.875,144.411,0.0655903,0.0312815,0.23108,0.157417,0.293643,0.225025,0.229062,0.136226,0.76834
04618,04,1716,1716,325.314,5.78479,36.8531,0.316152,residential,False,-0.645399,False,86.6056,57.9684,362.275,86.3619,221.457,52.9196,156.673,0.0574972,0.0169109,0.215333,0.213078,0.369786,0.255919,0.229989,0.156708,0.772688
04619,04,1751,1751,254.799,5.54047,37.3451,0.286203,residential,False,-0.767129,False,76.0487,115.795,385.381,70.4373,88.7207,72.5936,200.066,0.0775188,0.0273206,0.209137,0.154492,0.31799,0.2333,0.207848,0.163498,0.76934
04620,04,2226,2226,284.632,5.6512,37.5151,0.355496,residential,False,-0.763245,False,104.462,69.8523,235.858,74.5934,127.881,96.4152,142.8,0.0887012,0.0432946,0.237592,0.0675818,0.216473,0.177402,0.216473,0.148891,0.782146
04621,04,2135,2135,295.938,5.69015,35.897,0.45402,residential,False,-0.264067,False,207.253,115.14,127.259,192.327,147.926,154.78,177.378,0.0763819,0.0281407,0.20201,0.175879,0.338693,0.21608,0.238191,0.162814,0.779491
04622,04,1986.08,1986.08,321.746,5.77376,37.8438,0.375683,residential,False,-0.0245658,False,87.1649,154.801,314.849,287.08,172.522,342.379,132.866,0.0586592,0.0251397,0.212291,0.195531,0.351955,0.228119,0.238361,0.156425,0.816327
04623,04,1715,1715,199.379,5.29521,36.179,0.441586,residential,False,-0.413619,False,128.082,143.654,78.7426,175.246,202.835,167.279,100.374,0.092462,0.0217804,0.244674,0.0526043,0.229699,0.203488,0.186253,0.177094,0.783953
04624,04,1719,1719,261.984,5.56828,35.9043,0.36968,residential,False,-0.714566,False,66.3545,39.8551,78.9834,88.3421,177.909,183.375,258.922,0.0653184,0.0182989,0.181726,0.234282,0.407467,0.236565,0.244761,0.173185,0.81829
04625,04,1980.45,1980.45,341.155,5.83234,36.8486,0.346089,residential,False,-0.362967,False,89.4185,98.8478,164.661,339.286,216.523,98.1177,125.224,0.0822658,0.0142341,0.175386,0.250173,0.409339,0.246675,0.26115,0.159166,0.784157
04626,04,1775,1775,398.394,5.98744,36.3721,0.317915,residential,False,-0.285776,False,112.787,91.6835,116.096,301.738,117.244,279.641,216.176,0.0858762,0.0340135,0.174496,0.207199,0.375057,0.190711,0.27686,0.167858,0.746386
04627,04,1638,1638,195.416,5.27513,36.0669,0.323733,residential,False,-0.567173,False,70.6914,78.3055,151.924,166.7,107.121,189.192,228.15,0.110162,0.0562007,0.205151,0.0784778,0.224849,0.161448,0.232343,0.146372,0.672283
04701,04,1802,1802,233.606,5.45363,36.1028,0.407539,residential,False,-0.0241147,False,244.355,149.929,257.076,111.356,183.821,126.426,270.402,0.101147,0.0427529,0.218978,0.108446,0.244004,0.183525,0.245047,0.135558,0.771383
04702,04,1990.78,1951,195.714,5.27665,35.7072,0.43036,residential,False,0.414872,False,328.305,298.451,81.9843,342.088,176.04,282.01,383.923,0.159757,0.0480848,0.218352,-0.0539531,0.0836156,0.12808,0.196076,0.137569,0.672953
04703,04,2162,2162,254.311,5.53856,38.6281,0.218902,residential,False,-0.0637595,False,280.629,76.5576,313.505,171.696,186.501,76.4954,341.145,0.0881057,0.0220264,0.177313,0.241189,0.368943,0.199339,0.307269,0.127753,0.738848
04704,04,1796.22,1796,219.165,5.38982,35.6279,0.454938,residential,False,-0.0580237,False,194.68,121.429,89.9685,210.092,155.929,246.569,310.927,0.0881766,0.0442744,0.217209,0.0876011,0.265071,0.184714,0.208273,0.17747,0.765959
04705,04,1549,1549,429.663,6.063,36.692,0.281965,residential,False,-0.959787,False,60.2098,48.724,169.599,181.362,80.4831,116.408,150.329,0.0743618,0.0277469,0.166482,0.246393,0.406215,0.257492,0.229745,0.159822,0.834559
04706,04,1555,1555,342.167,5.8353,35.7305,0.331067,residential,False,-0.426309,False,90.7062,77.8668,257.67,290.833,179.178,42.7597,255.285,0.0671937,0.0266798,0.211462,0.166996,0.337945,0.267787,0.177866,0.170949,0.862712
04707,04,1718.55,1718.55,451.377,6.1123,36.4173,0.365422,residential,False,-0.242051,False,80.1114,74.2197,237.408,395.116,130.021,176.673,268.159,0.0838335,0.0455026,0.20594,0.143672,0.296448,0.15865,0.274795,0.152777,0.739224
04708,04,1670.07,1644.08,140.168,4.94284,36.0559,0.440084,residential,False,0.0420511,False,150.931,125.861,183.453,124.145,170.06,550.009,232.994,0.0960823,0.0264773,0.250853,0.045082,0.1858,0.18088,0.211137,0.140718,0.773811
04709,04,1823,1823,238.427,5.47406,35.887,0.377217,residential,False,-0.471939,False,157.191,161.114,40.8377,41.5713,167.285,395.687,164.757,0.161364,0.0306818,0.309091,-0.205682,-0.0431818,0.0977273,0.167045,0.1625,0.717949
04710,04,1579.15,1579.15,225.356,5.41768,35.0855,0.444477,residential,False,-0.208852,False,222.215,84.1715,167.502,120.382,152.032,154.18,306.538,0.0731707,0.0243902,0.271906,0.0496838,0.220416,0.252936,0.141825,0.170732,0.854851
04711,04,1695.76,1695.76,187.773,5.23523,34.7312,0.465927,residential,False,-0.0127843,False,205.835,381.081,127.343,109.235,182.64,138.494,226.087,0.108527,0.0281008,0.253876,-0.0445736,0.142442,0.165698,0.152132,0.187016,0.799231
04712,04,1968.38,1968.38,290.519,5.67167,35.0028,0.421892,residential,False,-0.636607,False,91.4437,99.371,149.396,151.978,76.051,208.55,188.006,0.0625592,0.0199052,0.258768,0.0872038,0.256872,0.236019,0.172512,0.169668,0.839496
04713,04,1703.74,1573.74,99.4192,4.59935,35.041,0.51056,residential,False,-0.597691,False,125.243,149.101,140.052,108.109,110.583,131.948,135.427,0.0946502,0.0133745,0.313786,-0.037037,0.0895062,0.196502,0.174897,0.126543,0.824473
04714,04,1714.26,1714.26,344.657,5.84255,34.9148,0.431301,residential,False,-0.216003,False,184.796,245.007,180.487,185.125,93.1291,122.01,255.525,0.0877712,0.0394477,0.22288,0.113412,0.269231,0.21499,0.209073,0.155819,0.825119
04715,04,1631.94,1631.94,150.65,5.01496,34.7976,0.459186,residential,False,0.236459,False,292.847,347.545,242.067,63.0221,248.541,146.283,300.695,0.13468,0.0381594,0.309764,-0.169473,-0.0179574,0.138047,0.136925,0.151515,0.763853
04716,04,1681.36,1681.36,282.272,5.64287,34.8865,0.455329,residential,False,-0.115499,False,199.317,212.791,63.1956,119.132,201.364,219.87,212.392,0.118661,0.0233266,0.174442,0.166329,0.31643,0.191684,0.267748,0.150101,0.787589
04717,04,1533.09,1533.09,299.936,5.70357,34.3161,0.423606,residential,False,0.0601284,False,170.49,201.683,162.389,155.235,178.536,239.901,264.632,0.0794393,0.0121495,0.204673,0.145794,0.327103,0.229907,0.2,0.181308,0.869038
04718,04,1472.51,1472.51,111.52,4.7142,33.7647,0.542388,residential,False,0.231078,False,229.523,281.644,164.213,209.066,177.579,154.167,374.512,0.123272,0.0288018,0.319124,-0.171659,-0.00691244,0.14977,0.120968,0.164747,0.838462
04719,04,1860.05,1622.05,108.096,4.68302,35.1396,0.445287,residential,False,0.0720821,False,223.783,221.277,97.784,148.396,130.911,274.525,417.918,0.132159,0.0298502,0.321904,-0.213563,-0.0443766,0.116385,0.124116,0.169186,0.68534
04720,04,1837,1837,137.729,4.92529,32.7076,0.53768,residential,False,-0.0185575,False,138.926,267.305,157.857,362.498,124.874,208.217,191.964,0.101215,0.0263158,0.383603,-0.262146,-0.119433,0.128543,0.0941296,0.142713,0.781102
04721,04,1715.68,1715.68,106.712,4.67014,34.1339,0.483304,residential,False,-0.00644555,False,171.805,256.543,140.912,127.302,229.535,102.707,286.784,0.119797,0.0274112,0.305584,-0.144162,0.0243655,0.150254,0.130964,0.168528,0.798555
04722,04,1820.03,1729.03,205.812,5.32696,34.8692,0.443641,residential,False,-0.504242,False,122.879,118.077,82.2778,127.359,143.651,132.956,207.85,0.0970504,0.0275928,0.277831,-0.0542341,0.100856,0.150333,0.170314,0.15509,0.799397
04723,04,2376.88,2373.88,172.195,5.14863,35.5973,0.257922,residential,False,0.368159,False,308.206,113.07,201.045,107.467,270.087,242.447,564.947,0.0852273,0.0363636,0.343182,-0.128409,0.00681818,0.156818,0.143182,0.135227,0.739167
04724,04,1759.17,1759.17,189.021,5.24186,34.7448,0.498848,residential,False,-0.253751,False,173.85,162.059,101.544,87.5092,127.205,243.798,280.46,0.132663,0.0232353,0.32882,-0.167905,-0.0239543,0.124728,0.168849,0.143951,0.752649
04725,04,2024,1843,192.643,5.26084,36.1989,0.416561,residential,False,-0.567974,False,73.6128,70.5364,118.751,287.747,103.524,229.961,170.251,0.113909,0.058908,0.17255,0.128369,0.294173,0.173618,0.241209,0.165804,0.770842
04726,04,1677.87,1570.87,218.914,5.38868,35.023,0.443532,residential,False,0.00412255,False,194.727,103.568,153.162,109.165,234.479,319.034,226.474,0.0843023,0.0281008,0.245155,0.0319767,0.225775,0.184109,0.177326,0.193798,0.842063
04727,04,1589.54,1589.54,99.9487,4.60466,32.5074,0.547382,residential,False,0.246843,False,277.448,236.318,172.52,116.056,246.555,158.674,346.091,0.105761,0.0253231,0.36818,-0.208056,-0.055074,0.15951,0.106376,0.152982,0.822802
04801,04,1543,1543,383.214,5.94859,35.9461,0.385365,residential,False,-0.599852,False,113.271,102.135,103.167,113.104,113.644,194.113,163.643,0.0839577,0.0494722,0.21432,0.0939438,0.253079,0.164809,0.227413,0.159136,0.803233
04802,04,1836,1836,360.971,5.8888,35.4609,0.386588,residential,False,-0.224984,False,203.366,131.785,96.0056,56.621,188.42,290.649,221.945,0.087146,0.040305,0.189542,0.162309,0.312636,0.229847,0.20915,0.150327,0.778903
04803,04,1601,1601,241.338,5.4862,36.1524,0.417683,residential,False,-0.15021,False,345.059,186.467,40.1771,111.633,301.182,154.533,132.533,0.100571,0.0457143,0.204571,0.0845714,0.270857,0.154286,0.235429,0.186286,0.759966
04804,04,2401.84,2401.84,231.659,5.44527,37.5143,0.320887,residential,False,-0.283869,False,270.706,168.646,57.3799,74.9463,113.483,310.131,257.822,0.0995624,0.0547046,0.191466,0.146608,0.266958,0.175055,0.262582,0.12035,0.712848
04805,04,2503,2503,235.415,5.46135,37.2364,0.363008,residential,False,-0.237911,False,212.152,170.096,179.253,182.054,132.03,102.465,195.945,0.134736,0.0544623,0.2031,0.043755,0.172803,0.149796,0.231794,0.129048,0.689366
04806,04,2000,2000,418.362,6.03635,36.6936,0.335673,residential,False,-0.470001,False,136.943,186.144,73.1507,87.9582,100.477,200.13,255.752,0.0804124,0.0494845,0.156701,0.259794,0.393814,0.219588,0.27732,0.134021,0.773885
04807,04,2023.31,2023.31,116.325,4.75639,38.7272,0.226507,residential,False,0.0533019,False,323.036,89.5095,131.595,177.329,171.108,279.347,287.801,0.108479,0.0523691,0.149626,0.219451,0.351621,0.179551,0.298005,0.13217,0.719893
05101,05,1052,1031,36.9505,3.60958,33.6806,0.574115,residential,False,0.132547,False,369.836,237.753,0.920923,117.579,537.934,121.841,1200.51,0.113792,0.0201751,0.219293,0.021456,0.22664,0.160422,0.194118,0.205184,0.692796
05102,05,1861,1736,115.034,4.74523,34.5091,0.439967,residential,False,0.534384,False,1373.86,195.912,182.968,54.3656,203.536,629.489,241.926,0.228496,0.0564973,0.229882,-0.238565,-0.0792245,0.0912891,0.128523,0.159341,0.728072
05103,05,1345,1336,56.1943,4.02882,33.5579,0.582791,residential,False,1.16226,False,883.322,287.364,253.808,326.403,287.727,369.063,741.385,0.158167,0.0338006,0.250161,-0.106417,0.0591395,0.164957,0.136955,0.165556,0.7957
05104,05,1413.02,1205.02,46.2378,3.8338,38.7506,0.333777,residential,False,0.198559,False,621.66,184.364,216.778,73.1888,122.407,202.425,491.519,0.210231,0.0475923,0.22642,-0.200703,-0.0352979,0.0798308,0.156116,0.165405,0.605212
05105,05,1284.76,1248.76,46.1054,3.83093,33.9919,0.546662,residential,False,1.78759,False,1098.85,286.525,942.762,720.836,241.022,928.045,1225.74,0.165973,0.0268304,0.330699,-0.267083,-0.118346,0.11685,0.112738,0.148737,0.812448
05106,05,1463,1351,36.6338,3.60097,34.305,0.525657,residential,False,1.23274,False,514.466,569.904,329.647,436.746,212.177,581.133,657.991,0.187204,0.0402844,0.300948,-0.277251,-0.116114,0.0947867,0.116114,0.161137,0.7311
05107,05,1076,1076,97.1271,4.57602,34.8599,0.512003,residential,False,0.422884,False,518.342,173.132,100.22,250.079,318.89,48.7247,822.834,0.266063,0.0436853,0.256586,-0.328782,-0.178067,0.0688111,0.125056,0.150715,0.695508
05108,05,1554.95,1554.95,295.507,5.68869,36.4224,0.45915,residential,False,-0.130463,False,283.353,106.513,232.776,28.5729,179.185,314.302,272.629,0.229921,0.0447038,0.165728,-0.120564,0.0547416,0.0746905,0.200394,0.175306,0.624576
05109,05,1654.73,1651.73,200.615,5.30139,33.3134,0.478286,residential,False,0.542764,False,362.015,178.373,111.726,82.1327,273.889,675.679,514.863,0.0751655,0.0546891,0.273392,-0.0537283,0.174411,0.138902,0.155927,0.228139,0.569987
05110,05,1151,1151,140.91,4.94812,36.7178,0.474769,residential,False,0.0542682,False,130.059,427.672,135.57,194.787,159.937,458.491,113.687,0.233192,0.0374677,0.214202,-0.193494,-0.0397721,0.0987795,0.15512,0.153722,0.694279
05111,05,1767,1767,162.799,5.09252,34.4047,0.559175,residential,False,0.373402,False,437.42,413.071,41.8121,74.867,362.544,150.274,500.92,0.229943,0.0448098,0.273781,-0.295895,-0.149499,0.0669105,0.140918,0.146396,0.683094
05112,05,1255,1255,146.415,4.98644,35.2354,0.476541,residential,False,-0.0561109,False,207.196,206.057,57.1977,75.2759,213.847,349.897,246.977,0.200916,0.046599,0.200039,-0.117828,0.033636,0.112904,0.170222,0.151464,0.730968
05113,05,1403.97,1403.97,55.2223,4.01137,33.1794,0.569384,residential,False,0.620072,False,310.795,453.003,229.988,252.971,207.528,175.178,495.931,0.181652,0.0307196,0.310699,-0.236147,-0.105918,0.128551,0.127653,0.130229,0.773931
05114,05,1219,1219,351.109,5.8611,35.4298,0.325487,residential,False,-0.202822,False,115.967,110.833,112.12,125.118,150.619,372.088,264.139,0.215306,0.0397943,0.199953,-0.129892,0.0129723,0.109642,0.175724,0.142865,0.6946
05115,05,2190,2190,276.097,5.62075,36.8906,0.418097,residential,False,0.191202,False,262.003,514.463,195.712,200.873,155.004,246.191,130.995,0.255136,0.0656516,0.173899,-0.163104,-0.00842499,0.080078,0.185853,0.154679,0.654724
05116,05,1159.88,1159.88,243.813,5.4964,36.2671,0.458432,residential,False,0.329578,False,341.487,428.691,255.772,85.1445,235.004,149.535,273.169,0.280129,0.0389077,0.187174,-0.200827,-0.0684043,0.0862268,0.180249,0.132423,0.652989
05117,05,1570,1570,211.301,5.35328,34.2003,0.600436,residential,False,0.0374253,False,535.982,191.966,546.853,29.533,191.579,63.8286,379.889,0.327516,0.0509634,0.175807,-0.283105,-0.147829,0.0506013,0.169616,0.135276,0.63121
05118,05,1390.17,1390.17,211.249,5.35304,37.1119,0.375963,residential,False,-0.00387432,False,289.021,359.117,143.57,136.043,111.754,381.453,131.211,0.254448,0.045994,0.199613,-0.195983,-0.0613691,0.0540879,0.203991,0.134613,0.687239
05119,05,1520,1520,181.679,5.20224,35.8495,0.477722,residential,False,0.306622,False,197.992,296.562,198.953,81.8583,239.464,436.631,255.083,0.263385,0.0423816,0.205152,-0.251635,-0.0937197,0.0763993,0.140503,0.157915,0.706111
05120,05,1871.45,1871.45,390.593,5.96767,33.7104,0.436842,residential,False,-0.614159,False,112.737,100.368,32.1784,25.6465,114.815,663.478,328.557,0.210299,0.0563937,0.225109,-0.224085,-0.0184482,0.0621028,0.14922,0.205636,0.624582
05121,05,1360.38,1360.38,340.212,5.82957,37.0886,0.391036,residential,False,-0.705148,False,152.175,160.319,61.1208,15.3649,108.607,493.396,155.921,0.244497,0.0880152,0.190684,-0.169967,-0.0482868,0.0564345,0.208779,0.12168,0.633219
05122,05,1583.34,1583.34,182.399,5.2062,36.061,0.458428,residential,False,-0.416542,False,180.906,76.3676,63.1218,179.217,130.779,329.051,155.685,0.258425,0.0273055,0.24972,-0.29938,-0.132217,0.0337378,0.175027,0.167163,0.58823
05123,05,1282.38,1282.38,107.073,4.67351,35.6903,0.515104,residential,False,0.462189,False,458.353,279.592,155.977,92.1787,216.239,289.879,448.474,0.195147,0.0619589,0.276517,-0.232599,-0.0779518,0.0421415,0.196923,0.154648,0.711405
05124,05,1965.62,1965.62,127.816,4.85059,35.6446,0.490511,residential,False,0.127228,False,391.582,161.553,428.395,89.0534,166.93,151.19,269.435,0.300984,0.0313786,0.191084,-0.304552,-0.108968,0.0350748,0.152441,0.195583,0.696813
05125,05,1694.16,1694.16,154.042,5.03723,34.8278,0.565087,residential,False,0.0968006,False,401.344,184.431,687.707,34.8627,172.234,153.186,279.022,0.302763,0.0464609,0.16838,-0.247221,-0.0887271,0.0441212,0.179801,0.158494,0.599373
05126,05,1873,1873,188.022,5.23656,36.2053,0.518986,residential,False,0.0252555,False,191.129,109.881,476.536,66.6085,153.894,415.169,245.058,0.271471,0.0588956,0.158069,-0.143736,-0.00535861,0.0528328,0.232972,0.138377,0.553898
05127,05,1693.84,1693.84,263.343,5.57346,35.4019,0.565466,residential,False,0.119362,False,132.53,188.371,539.756,61.3499,156.766,397.591,311.355,0.267479,0.0605313,0.144002,-0.132898,0.0589392,0.0306208,0.247963,0.191837,0.573702
05128,05,1117.19,1117.19,38.0169,3.63803,32.0619,0.611936,residential,False,0.893832,False,79.2411,254.278,737.212,282.82,185.41,729.169,1218.3,0.257847,0.0356264,0.202977,-0.239085,-0.0725139,0.0807106,0.141028,0.166571,0.444123
05129,05,1402.73,1399.73,97.592,4.5808,34.3249,0.545792,residential,False,0.37075,False,427.805,306.065,148.007,132.362,176.523,152.943,557.939,0.315687,0.0510421,0.171265,-0.266639,-0.116235,0.0441585,0.176155,0.150404,0.632656
05130,05,2154,2154,93.2869,4.53568,34.3687,0.528362,residential,False,0.547609,False,589.897,225.057,235.901,84.0167,113.825,569.349,751.793,0.319941,0.0632024,0.174474,-0.270523,-0.143059,0.0399415,0.18395,0.127464,0.613459
05131,05,1387.94,1381.94,126.337,4.83896,32.4591,0.402415,residential,False,0.438306,False,296.722,288.831,108.36,77.2016,276.327,484.174,367.323,0.13766,0.034308,0.239826,-0.0179348,0.112376,0.144289,0.215262,0.13031,0.736035
05132,05,2811.99,2771.14,89.2203,4.49111,38.0782,0.370032,residential,False,0.198952,False,155.681,291.512,267.971,201.876,178.366,289.945,192.534,0.248615,0.0441608,0.178655,-0.118598,0.0106074,0.06418,0.244493,0.129205,0.557293
05133,05,2773.05,2773.05,366.481,5.90395,37.0818,0.384748,residential,False,-0.188222,False,457.804,148.919,149.127,41.9951,151.475,157.129,255.058,0.197322,0.0547667,0.189171,-0.0901374,0.0649947,0.0746927,0.221664,0.155132,0.690069
05134,05,1508.72,1508.58,217.697,5.3831,35.5419,0.435748,residential,False,-0.283612,False,137.523,106.855,82.2234,66.9112,124.466,434.137,374.314,0.174043,0.0575386,0.192665,-0.0034146,0.129704,0.0840604,0.279233,0.133119,0.596753
05135,05,1004,1004,143.686,4.96763,34.0797,0.330236,residential,False,-0.00969909,False,305.835,76.5012,46.1331,60.3662,283.206,681.71,245.762,0.157968,0.0531183,0.184498,-0.0131206,0.149529,0.109531,0.219814,0.16265,0.587433
05136,05,985.983,985.983,91.1109,4.51208,38.4469,0.1829,residential,False,-0.0211839,False,405.321,405.328,49.7067,52.8497,136.27,412.062,223.481,0.172075,0.072071,0.186648,-0.0286918,0.103116,0.0674409,0.262591,0.131808,0.660892
05137,05,1337,1337,318.652,5.7641,35.4706,0.307319,residential,False,0.0564793,False,310.719,282.221,91.8774,105.117,218.302,504.638,89.8258,0.25088,0.0311873,0.131126,-0.038363,0.105741,0.0800879,0.263554,0.144104,0.604976
05138,05,259,259,47.9577,3.87032,34.1616,0.169291,residential,False,0.0242524,False,231.208,107.688,108.093,63.4488,249.539,717.53,175.026,0.165318,0.0657033,0.173988,0.0315992,0.169171,0.132563,0.238343,0.137572,0.501093
05201,05,1718.15,1718.15,155.465,5.04642,36.646,0.477648,residential,False,0.389448,False,707.696,336.346,279.553,116.633,106.341,160.465,543.527,0.225354,0.0557558,0.263073,-0.248624,-0.107512,0.0577263,0.182077,0.141112,0.646159
05202,05,1711.62,1711.62,178.857,5.18659,35.1215,0.512037,residential,False,0.536032,False,482.663,222.761,146.37,177.136,209.342,470.558,323.743,0.282206,0.0659958,0.170764,-0.234868,-0.0488624,0.0673654,0.150736,0.186006,0.630662
05203,05,2022,2022,206.598,5.33077,36.2348,0.514157,residential,False,-0.121912,False,364.892,108.206,158.713,79.6918,145.575,245.961,236.691,0.250668,0.0604804,0.20051,-0.235079,-0.0411183,0.0563709,0.159728,0.193961,0.547797
05204,05,1850,1850,206.167,5.32868,37.8076,0.336176,residential,False,0.162313,False,308.987,234.213,390.654,139.518,145.127,279.742,159.336,0.227856,0.0422779,0.155557,-0.087924,0.0778284,0.0815799,0.213908,0.165752,0.627782
05205,05,1558,1558,231.922,5.4464,37.2787,0.486748,residential,False,-0.283475,False,172.681,261.568,222.05,71.6247,83.3042,244.848,218.375,0.247089,0.0466093,0.178192,-0.156784,0.00263933,0.0824921,0.186005,0.159424,0.630317
05206,05,1073.03,1073.03,47.0262,3.85071,38.9005,0.255606,residential,False,0.468563,False,589.264,306.605,81.948,77.4919,310.147,294.509,339.651,0.234384,0.0508404,0.235555,-0.216239,-0.0905594,0.0821975,0.171503,0.125679,0.641967
05207,05,1965,1965,249.579,5.51978,35.3609,0.557883,residential,False,0.138849,False,200.581,111.348,413.88,179.957,154.527,396.731,209.474,0.327427,0.0696154,0.158377,-0.261836,-0.106189,0.0475308,0.176437,0.155647,0.519286
05208,05,2323.83,2323.83,348.072,5.85241,36.7728,0.397694,residential,False,-0.590231,False,224.744,103.245,56.2326,83.5178,109.032,155.659,223.05,0.199264,0.0513967,0.149344,0.00956157,0.149137,0.0891506,0.269019,0.139576,0.570145
05209,05,1469.12,1469.12,173.82,5.15802,36.2724,0.477006,residential,False,0.0411077,False,295.402,184.478,276.573,155.983,132.677,179.219,233.426,0.221703,0.0321451,0.212704,-0.157413,-0.00277888,0.0987015,0.178293,0.154634,0.698136
05210,05,2591.82,2591.82,464.749,6.1415,37.8743,0.282452,residential,False,-0.84639,False,91.4334,98.7331,191.21,133.449,142.697,63.4354,77.1453,0.202309,0.0551087,0.126327,0.0536041,0.200155,0.0870404,0.295199,0.146551,0.584903
05211,05,1507,1507,360.258,5.88682,37.5328,0.371068,residential,False,-0.29008,False,314.47,133.063,203.185,154.802,100.166,80.1664,266.217,0.202172,0.0457078,0.183607,-0.0926222,0.0882037,0.0812997,0.211858,0.180826,0.686562
05212,05,1318,1318,202.108,5.3088,35.6219,0.498514,residential,False,-0.225624,False,214.49,150.745,92.082,225.41,145.107,124.28,220.515,0.258454,0.0600853,0.184016,-0.170423,-0.0369201,0.0876083,0.184438,0.133503,0.676491
05213,05,1428.44,1428.44,52.7075,3.96476,35.2019,0.527196,residential,False,0.346473,False,376.89,174.341,162.157,204.876,257.438,174.18,314.593,0.201796,0.0479477,0.304181,-0.307334,-0.155516,0.0825711,0.116072,0.151818,0.746315
05214,05,2042.38,2042.38,225.923,5.42019,34.5663,0.509995,residential,False,-0.0862393,False,243.393,114.062,193.08,73.7692,384.461,225.016,85.7479,0.306443,0.0638528,0.17465,-0.254835,-0.104495,0.0586127,0.167645,0.15034,0.572157
05215,05,1723,1723,231.998,5.44673,35.8928,0.484817,residential,False,0.047895,False,208.506,238.907,142.429,169.618,128.725,507.633,164.369,0.307608,0.0554814,0.133782,-0.181492,-0.0396723,0.0541295,0.205768,0.14182,0.546962
05216,05,1238.68,1238.68,113.515,4.73194,36.2544,0.44265,residential,False,0.135313,False,367.294,175.203,166.088,194.306,139.825,239.513,259.628,0.257886,0.0552415,0.188023,-0.181977,-0.0333427,0.121125,0.142807,0.148634,0.728841
05217,05,1215,1215,116.001,4.75359,36.5118,0.45586,residential,False,-0.22008,False,207.921,177.831,167.972,147.779,130.572,164.645,171.271,0.232861,0.0580994,0.22073,-0.197455,-0.0576526,0.0572783,0.198857,0.139803,0.669759
05218,05,1939,1939,139.156,4.93559,37.0541,0.390869,residential,False,-0.170768,False,323.926,152.324,176.95,166.377,167.015,56.8661,245.505,0.182309,0.0396965,0.166958,-0.0142016,0.161901,0.118477,0.216589,0.176103,0.695085
05219,05,2010,1917,317.612,5.76083,36.2037,0.429861,residential,False,-0.456218,False,88.1626,171.711,108.11,187.531,130.218,158.978,156.292,0.159277,0.14952,0.186506,-0.0780819,0.0866355,0.0799949,0.187706,0.164717,0.761525
05220,05,1875.02,1875.02,95.8423,4.5627,35.0471,0.533534,residential,False,0.347635,False,718.462,185.256,154.111,122.352,182.503,193.377,400.198,0.220636,0.0485699,0.240054,-0.183497,-0.0496181,0.0871063,0.190086,0.133879,0.637437
05221,05,1424,1424,134.864,4.90426,36.1889,0.34232,residential,False,-0.599581,False,99.2928,254.287,75.4388,106.54,90.2843,250.901,124.875,0.221253,0.0569329,0.211098,-0.152145,-0.00641876,0.100485,0.179721,0.145726,0.702512
05222,05,1337,1337,181.254,5.1999,35.2935,0.340204,residential,False,-0.619703,False,114.373,195.572,71.2852,115.426,120.197,148.296,125.781,0.153621,0.0513333,0.205624,-0.0461836,0.124981,0.106484,0.206578,0.171164,0.688537
05223,05,1565.93,1565.93,168.956,5.12964,35.7666,0.598423,residential,False,-0.42756,False,330.78,146.938,37.4462,71.0492,177.276,118.019,210.065,0.293177,0.057857,0.154947,-0.206609,-0.0476647,0.0645912,0.176925,0.158944,0.651971
05224,05,1380.42,1380.42,173.711,5.15739,34.9262,0.467799,residential,False,-0.103458,False,220.494,209.946,100.278,120.475,180.976,139.127,263.321,0.316193,0.0367378,0.15362,-0.233926,-0.0692703,0.0877915,0.148096,0.164655,0.605487
05225,05,1847,1847,357.674,5.87962,37.571,0.356722,residential,False,-0.623599,False,113.25,177.088,152.785,92.2642,90.3249,183.585,124.466,0.231633,0.0599179,0.134531,-0.021558,0.103538,0.100677,0.243929,0.125096,0.603174
05226,05,1622,1622,106.067,4.66407,38.7914,0.269,residential,False,0.283428,False,236.032,402.069,273.306,389.226,99.5328,329.38,197.327,0.22516,0.0455727,0.243163,-0.219287,-0.0653671,0.0862614,0.162775,0.15392,0.678495
05227,05,2326.96,2326.96,519.938,6.25371,35.2552,0.316583,residential,False,-0.562129,False,141.837,94.6689,76.2166,95.0402,112.859,241.055,195.843,0.16576,0.0557062,0.229609,-0.106076,0.0812874,0.0723886,0.216904,0.187363,0.637291
05228,05,1021.97,1021.97,114.548,4.741,35.7535,0.453252,residential,False,-0.104297,False,273.712,164.482,137.575,160.602,277.083,76.5116,154.449,0.198993,0.0403411,0.282119,-0.278072,-0.0812498,0.0724667,0.130573,0.196822,0.712719
05229,05,1782.69,1782.69,218.64,5.38743,34.3825,0.537679,residential,False,0.460683,False,514.426,142.178,119.168,157.738,212.418,385.059,465.938,0.274207,0.0512163,0.145915,-0.164708,0.0075257,0.0720614,0.183353,0.172234,0.575684
05230,05,1242,1242,303.072,5.71397,37.5079,0.358083,residential,False,-0.302999,False,252.637,188.012,122.42,171.145,157.295,68.2842,171.086,0.248099,0.0515789,0.165254,-0.131728,0.0271309,0.0840129,0.197612,0.158859,0.621698
05301,05,1748.11,1748.11,140.799,4.94734,34.9797,0.530226,residential,False,0.0433657,False,208.564,239.251,453.475,47.6415,198.628,167.194,246.573,0.236625,0.0751669,0.230094,-0.262654,-0.0770331,0.0545903,0.149475,0.18562,0.652638
05302,05,1775.41,1775.41,248.293,5.51461,34.3887,0.546317,residential,False,0.411027,False,1077.24,617.609,15.2535,68.3893,130.396,836.559,434.389,0.194358,0.0645818,0.189784,-0.107279,0.0789863,0.0636098,0.213253,0.186265,0.588358
05303,05,1621.81,1606.81,95.5301,4.55944,33.6848,0.473917,residential,False,1.2724,False,877.403,445.651,155.179,376.23,303.683,708.249,544.773,0.193129,0.0367951,0.251589,-0.178453,-0.0173247,0.109742,0.156524,0.161128,0.741974
05304,05,1151.44,1080.44,103.093,4.63563,34.5488,0.454002,residential,False,0.554996,False,681.17,108.415,98.8433,138.8,227.229,739.09,440.754,0.158567,0.0557151,0.258548,-0.151852,0.0264813,0.0872822,0.177981,0.178333,0.779327
05305,05,2317.09,2317.09,354.416,5.87047,32.9285,0.53165,residential,False,0.202433,False,736.977,78.8086,48.8362,74.7555,295.911,158.21,732.808,0.248664,0.088755,0.146349,-0.0697884,0.0450842,0.062088,0.263136,0.114873,0.600627
05306,05,1348.83,1348.83,253.13,5.5339,34.6688,0.435448,residential,False,0.0160865,False,161.104,168.13,74.089,196.1,165.495,388.516,282.11,0.170078,0.0264528,0.238826,-0.102347,0.0586528,0.107,0.199557,0.161,0.712806
05307,05,1791.79,1791.79,187.771,5.23522,36.1987,0.55741,residential,False,-0.200721,False,201.493,226.249,162.539,115.971,150.192,130.457,186.619,0.337662,0.0572609,0.149941,-0.238194,-0.0971074,0.0661157,0.183294,0.141086,0.575272
05308,05,1741.44,1741.44,159.807,5.07396,36.5438,0.52783,residential,False,-0.148795,False,243.345,267.724,179.091,89.3911,131.996,242.366,140.433,0.228032,0.0574579,0.2375,-0.216569,-0.0655301,0.0761567,0.172807,0.151039,0.677635
05309,05,2052.99,2052.99,254.371,5.53879,36.0066,0.53943,residential,False,0.0113623,False,484.3,290.673,190.793,34.9985,123.227,214.597,326.999,0.200736,0.0764812,0.195055,-0.0912355,0.0493515,0.0621379,0.242418,0.140587,0.584175
05310,05,2147.94,2147.94,444.911,6.09787,37.4222,0.316134,residential,False,-0.261335,False,172.136,125.801,191.591,172.412,136.363,148.577,188.904,0.197391,0.0509219,0.18512,-0.0599641,0.0696669,0.107058,0.215488,0.129631,0.659363
05311,05,1839,1839,348.419,5.8534,36.9422,0.306281,residential,False,-0.973614,False,57.5474,68.5915,179.546,93.9695,72.2903,259.557,102.538,0.189342,0.0465357,0.173494,-0.0104351,0.118066,0.134898,0.217502,0.128501,0.702522
05312,05,1468.61,1462.61,141.659,4.95342,35.889,0.420625,residential,False,-0.0621793,False,232.041,172.43,94.6378,121.582,135.097,204.558,408.436,0.174717,0.042485,0.277028,-0.168502,-0.030814,0.0796138,0.20363,0.137688,0.685493
05313,05,3450.78,3424.78,42.1514,3.74127,37.1772,0.208335,residential,False,1.01185,False,694.792,490.659,210.532,358.504,191.495,595.537,405.391,0.226711,0.0410427,0.180536,-0.0948726,0.0401664,0.104953,0.207422,0.135039,0.662223
05314,05,1815,1815,417.722,6.03482,35.7692,0.338366,residential,False,0.00675702,False,167.236,218.683,206.99,138.387,100.978,499.732,236.826,0.236938,0.0473696,0.166786,-0.106127,0.048865,0.101919,0.195678,0.154992,0.711405
05315,05,1570.26,1570.26,63.3608,4.14885,30.2273,0.680694,residential,False,0.644007,False,911.918,283.58,155.016,114.008,187.098,380.544,453.972,0.124685,0.0482418,0.211878,0.00775848,0.173904,0.177857,0.166465,0.166145,0.815254
05316,05,2085,2085,400.257,5.99211,35.2389,0.374802,residential,False,0.0506512,False,200.712,237.045,200.504,218.778,157.607,139.01,252.548,0.212,0.0497998,0.156373,-0.0266614,0.113745,0.11612,0.225593,0.140406,0.687881
05317,05,1822.72,1816.72,26.007,3.25836,38.3202,0.270885,residential,False,0.0140488,False,373.515,286.955,120.084,100.322,128.933,151.513,334.791,0.284507,0.0869056,0.144091,-0.156728,-0.0304723,0.066301,0.205569,0.126255,0.592993
05318,05,1953,1953,272.005,5.60582,36.1359,0.383768,residential,False,-0.691242,False,89.3495,170.45,156.037,73.239,119.81,203.839,82.0887,0.16476,0.0440784,0.176017,0.0215603,0.171361,0.110096,0.252241,0.149801,0.697338
05319,05,1463.63,1460.64,262.651,5.57082,31.3077,0.561388,residential,False,-0.114405,False,1216.15,38.8165,216.347,13.0603,89.1749,462.455,716.964,0.204717,0.0845819,0.152381,0.0134254,0.12319,0.0666098,0.303914,0.109765,0.524437
05320,05,1717.08,1717.08,214.472,5.36818,37.297,0.508066,residential,False,-0.0597175,False,129.283,375.811,330.664,83.1669,135.641,234.631,182.18,0.279105,0.0458855,0.178991,-0.209708,-0.0553659,0.0610542,0.187334,0.154342,0.591648
05321,05,1777,1777,258.702,5.55568,35.5792,0.45099,residential,False,0.0571708,False,179.175,199.618,274.029,58.9406,173.662,474.471,210.157,0.219305,0.0529498,0.144016,-0.00909328,0.122709,0.104623,0.249604,0.131803,0.646419
05322,05,1629.76,1629.75,119.294,4.78159,32.8887,0.525565,residential,False,0.380617,False,237.409,200.559,147.582,152.873,227.69,557.204,282.744,0.215981,0.04286,0.182011,-0.0950952,0.0471584,0.111567,0.19133,0.142254,0.664052
05323,05,1506.89,1506.89,131.544,4.87934,37.4506,0.404459,residential,False,-0.0161893,False,448.445,113.463,170.813,148.51,181.667,165.927,182.15,0.147229,0.0995667,0.185906,-0.0263203,0.157381,0.0597582,0.247057,0.183702,0.621044
05324,05,1442.93,1437,190.361,5.24892,34.5896,0.543417,residential,False,0.583446,False,820.145,451.827,108.938,164.547,158.224,555.185,237.739,0.229578,0.0509881,0.195995,-0.152633,0.00622065,0.0706267,0.202313,0.158854,0.627761
05325,05,2068.25,2068.25,122.532,4.80837,33.7013,0.58533,residential,False,0.546454,False,448.752,128.654,114.967,227.962,400,206.557,416.156,0.150537,0.0675792,0.207565,-0.0187482,0.127648,0.120852,0.218502,0.146396,0.688293
05326,05,1720.62,1518.62,140.138,4.94262,34.1664,0.530977,residential,False,-0.314354,False,167.771,104.184,29.7388,169.631,178.657,374.784,185.59,0.168115,0.0380487,0.272618,-0.190147,0.00121403,0.0974119,0.153174,0.191361,0.617976
05327,05,1699.35,1681.34,63.8383,4.15635,38.2997,0.256981,residential,False,-0.298471,False,96.5933,152.886,222.607,191.749,105.801,127.263,312.323,0.151777,0.0526788,0.217781,-0.00335514,0.109724,0.111917,0.254286,0.11308,0.726578
05328,05,2021.18,2021.18,243.874,5.49665,35.3447,0.512833,residential,False,0.142496,False,289.54,198.227,76.4597,288.418,234.662,167.766,227.526,0.154504,0.0431101,0.186302,0.0327853,0.192345,0.112175,0.261416,0.15956,0.669379
05329,05,1726.99,1712.01,478.776,6.17123,38.0896,0.234328,residential,False,-0.174106,False,110.145,106.994,150.047,404.134,130.636,342.603,152.69,0.182661,0.0355498,0.178438,0.0152035,0.157929,0.109636,0.266667,0.142726,0.658811
05330,05,1475,1475,520.867,6.25549,34.4798,0.240744,residential,False,0.0763181,False,466.73,244.983,112.444,34.9824,108,901.027,262.423,0.183177,0.122454,0.132674,0.0214123,0.144281,0.0979957,0.239267,0.122869,0.613246
05331,05,1653,1653,252.738,5.53235,36.9257,0.294335,residential,False,0.0950315,False,600.32,152.49,44.936,77.9317,111.467,966.893,314.098,0.13234,0.112001,0.137959,0.147203,0.267688,0.065545,0.351958,0.120485,0.638212
05332,05,795,795,229.619,5.43642,33.3514,0.388056,residential,False,-0.131105,False,557.683,216.05,40.2764,39.6415,119.889,1070.15,138.153,0.164222,0.101627,0.134608,0.0644783,0.177161,0.0885341,0.274774,0.112683,0.635384
05333,05,1830.63,1830.57,32.3365,3.4762,38.3812,0.219236,residential,False,0.475205,False,946.115,104.024,273.953,16.3342,244.781,636.216,577.258,0.158915,0.0901925,0.182768,-0.0180644,0.120101,0.0740238,0.249594,0.138165,0.587963
05334,05,0.00308445,0.00308445,18.2851,2.90609,38.2855,0.263019,district,True,1.97469,True,1337.54,734.57,186.876,703.312,415.389,1264.67,1029.33,0.186719,0.105114,0.0702415,0.230469,0.301278,0.0153409,0.472088,0.0708097,0.471723
05335,05,13,0,,,35.4632,0.419447,district,True,,True,,,,,,,,0.190091,0.0487823,0.121231,0.143599,0.299794,0.0238186,0.431102,0.156195,0.536954
05336,05,229.885,229.885,13.6449,2.61337,34.8695,0.403587,residential,False,0.600464,True,723.384,220.063,104.146,187.894,140.237,452.332,685.337,0.140876,0.0927317,0.195855,-0.0254137,0.158553,0.0814461,0.229871,0.183967,0.593525
05401,05,1389,1389,65.9101,4.18829,34.4963,0.522792,residential,False,0.813133,False,415.074,578.663,137.774,298.382,217.28,548.668,315.98,0.217623,0.0320427,0.319092,-0.337784,-0.170895,0.0761015,0.12283,0.166889,0.723684
05402,05,1128.07,1128.07,36.4424,3.59573,37.5751,0.410735,residential,False,0.999586,False,859.293,399.143,187.558,324.549,145.832,564.588,695.277,0.158301,0.0153239,0.299687,-0.225117,-0.0344663,0.0964121,0.136458,0.190651,0.73836
05403,05,1310.59,1310.56,40.1425,3.69244,34.6604,0.542917,residential,False,1.12333,False,992.988,482.447,162.926,509.811,191.501,430.521,584.512,0.164947,0.0355309,0.344271,-0.322302,-0.130918,0.0822302,0.104686,0.191384,0.813584
05404,05,1560,1505,25.6831,3.24583,36.3224,0.512346,residential,False,0.565864,False,893.016,269.242,136.935,213.761,167.657,209.902,468.532,0.240956,0.0506955,0.223695,-0.215673,-0.0886745,0.0907255,0.158251,0.126999,0.733855
05405,05,1352.88,1343.88,40.7799,3.70819,36.0456,0.53647,residential,False,1.18166,False,870.842,427.419,438.823,420.269,185.383,353.59,687.793,0.213142,0.0411051,0.31816,-0.333723,-0.177037,0.081673,0.115906,0.156686,0.825694
05406,05,1651.91,1651.91,137.426,4.92309,36.8975,0.503503,residential,False,0.433866,False,632.112,218.928,201.826,257.516,185.156,352.198,163.088,0.286977,0.0445927,0.247825,-0.336542,-0.220082,0.0675922,0.130668,0.11646,0.685783
05407,05,1313.02,1313.02,41.5714,3.72741,35.518,0.527223,residential,False,0.694691,False,538.513,214.258,140.808,272.105,223.756,344.697,524.622,0.202307,0.0341332,0.334691,-0.33202,-0.186837,0.0868835,0.118095,0.145183,0.80223
05408,05,1977.54,1977.54,250.365,5.52292,35.413,0.508732,residential,False,-0.65695,False,176.714,104.412,131.835,76.2932,82.3391,98.8239,279.98,0.262817,0.0482114,0.207265,-0.242221,-0.0673759,0.0498147,0.178046,0.174845,0.499958
05409,05,1450.08,1450.08,51.9594,3.95046,36.1631,0.519253,residential,False,0.937255,False,850.659,491.666,111.016,196.488,384.247,251.875,419.125,0.247766,0.0376413,0.278342,-0.331217,-0.176401,0.0769885,0.117903,0.154816,0.781664
05410,05,1286.82,1213.84,85.7037,4.4509,34.8999,0.494124,residential,False,0.129596,False,379.861,202.06,39.0613,265.351,131.353,507.832,260.111,0.201423,0.0347489,0.309212,-0.325451,-0.149506,0.0475697,0.137614,0.175945,0.651887
05411,05,1466.09,1466.09,170.798,5.14048,37.8664,0.45816,residential,False,0.0166642,False,286.721,153.738,213.97,398.404,137.281,160.153,158.905,0.339022,0.0534699,0.224687,-0.400455,-0.286689,0.0466439,0.11661,0.113766,0.648551
05412,05,1855.92,1855.92,157.456,5.05915,37.1916,0.513827,residential,False,-0.0615162,False,153.977,346.161,156.975,301.942,106.442,186.381,189.279,0.32451,0.03364,0.254992,-0.43351,-0.279175,0.0257554,0.120237,0.154335,0.647303
05413,05,1972.87,1972.87,60.5091,4.10279,38.5921,0.386264,residential,False,0.658651,False,508.434,543.65,101.232,496.661,171.197,346.141,263.129,0.251055,0.0464135,0.272574,-0.353586,-0.18481,0.0527426,0.1173,0.168776,0.667772
05414,05,1212.34,1212.34,154.775,5.04198,35.1197,0.52706,residential,False,0.384882,False,233.12,338.635,88.7791,223.286,290.768,204.977,321.653,0.34947,0.0434454,0.178598,-0.348132,-0.204842,0.0394217,0.140515,0.14329,0.625149
05415,05,2008.09,2008.09,189.018,5.24184,35.6999,0.526211,residential,False,0.0326819,False,564.733,49.7067,74.7517,429.086,172.064,500.874,124.634,0.302718,0.0493718,0.223085,-0.343237,-0.189052,0.0270573,0.155508,0.154185,0.586062
05416,05,1065.82,1065.82,42.3832,3.74675,35.2084,0.556435,residential,False,1.24286,False,602.912,734.357,205.333,601.314,199.393,963.449,378.706,0.186103,0.036182,0.347597,-0.300287,-0.195332,0.12845,0.104962,0.104955,0.805353
05417,05,1444,1407,25.9393,3.25576,32.4025,0.647147,residential,False,1.69791,False,953.765,768.209,429.581,679.146,395.291,655.612,464.845,0.212975,0.0260613,0.31528,-0.297259,-0.171028,0.108223,0.122773,0.126232,0.818662
05418,05,925.498,925.498,246.587,5.50772,34.6455,0.541887,residential,False,0.248258,False,299.826,149.425,285.782,271.998,155.277,248.094,258.504,0.280817,0.0289989,0.249041,-0.316135,-0.161876,0.044246,0.169477,0.154259,0.532303
05419,05,1422.02,1422.02,31.4854,3.44952,35.5099,0.559548,residential,False,1.09994,False,1301.94,439.048,225.061,233.655,191.389,428.147,648.856,0.228409,0.0363636,0.309091,-0.340909,-0.211364,0.0840909,0.1125,0.129545,0.802893
05420,05,1350,1350,35.8177,3.57844,35.0067,0.587208,residential,False,1.46234,False,1074.82,858.38,226.547,420.314,201.634,667.287,828.139,0.169854,0.0416198,0.350956,-0.296963,-0.163105,0.12261,0.101237,0.133858,0.850379
05421,05,2425,2425,259.883,5.56023,35.4342,0.475567,residential,False,-0.694041,False,136.286,198.531,139.266,10.7475,111.406,368.32,137.612,0.328874,0.0409247,0.170939,-0.277845,-0.156885,0.0450666,0.176901,0.12096,0.597009
05422,05,2293.32,2293.32,259.065,5.55708,34.9456,0.550193,residential,False,0.231371,False,308.802,126.068,182.992,109.822,198.555,443.888,291.856,0.289709,0.0448727,0.163775,-0.16787,-0.0304371,0.0364319,0.249183,0.137433,0.546922
05423,05,1864.5,1840.5,178.387,5.18396,34.8056,0.504268,residential,False,-0.852802,False,455.095,18.0835,309.843,188.936,72.5132,87.6987,93.1998,0.214391,0.056087,0.300677,-0.321234,-0.153847,0.0423158,0.151518,0.167387,0.672398
05424,05,1771.63,1771.63,76.2414,4.3339,34.3546,0.555203,residential,False,0.440297,False,684.321,169.488,407.147,179.19,174.782,175.215,311.113,0.278141,0.0352755,0.251521,-0.346521,-0.173703,0.0591071,0.124033,0.172818,0.623219
05425,05,1331,1331,67.9446,4.21869,34.4134,0.523601,residential,False,-0.0103826,False,371.644,208.993,47.7185,86.464,186.774,247.67,301.698,0.22045,0.0486211,0.292646,-0.305562,-0.17971,0.0846656,0.122868,0.125853,0.733217
05426,05,1615.68,1615.68,162.787,5.09244,35.2025,0.430665,residential,False,-0.029939,False,373.032,118.79,21.8011,48.5844,216.745,564.176,435.622,0.245308,0.0440259,0.248924,-0.272279,-0.122777,0.0664292,0.155524,0.149502,0.68154
05427,05,1485.6,1485.6,146.838,4.98933,35.7131,0.479271,residential,False,-0.575397,False,142.102,194.469,80.1029,89.987,110.259,216.132,116.502,0.245426,0.0431983,0.237951,-0.262312,-0.0776118,0.0697523,0.151312,0.184701,0.546258
05428,05,1225.07,1225.07,67.2021,4.2077,35.1036,0.539364,residential,False,0.424707,False,1209.97,173.564,153.891,152.488,139.771,164.136,550.498,0.242172,0.04496,0.289158,-0.374793,-0.199466,0.06433,0.0922075,0.175327,0.788982
05429,05,1691.62,1634.62,68.28,4.22362,36.4805,0.513232,residential,False,0.866663,False,591.87,304.469,369.011,325.234,255.248,315.703,309.616,0.0946387,0.0584502,0.31147,-0.136131,0.028035,0.117549,0.152428,0.164166,0.686478
05430,05,1465,1465,108.908,4.6905,35.0149,0.55229,residential,False,0.321048,False,429.52,129.614,91.0111,52.6542,297.888,475.487,425.177,0.231877,0.0473844,0.219285,-0.225153,-0.0872392,0.088896,0.137113,0.137914,0.771632
05431,05,936.161,936.161,44.4325,3.79397,34.7094,0.544101,residential,False,1.28306,False,858.206,515.988,349.787,675.217,206.569,768.236,333.543,0.17746,0.0423901,0.343532,-0.282747,-0.175626,0.0935685,0.144677,0.107121,0.782903
05432,05,1345.02,1345.02,107.535,4.67782,33.4041,0.565866,residential,False,0.348984,False,843.9,164.727,158.228,231.645,180.386,145.839,311.942,0.267357,0.0595835,0.220798,-0.273335,-0.111555,0.0630869,0.151733,0.161781,0.657713
05501,05,1548,1548,205.358,5.32476,35.5155,0.428976,residential,False,-0.0530184,False,208.454,159.205,120.124,140.823,153.194,291.053,236.27,0.216748,0.0551132,0.20571,-0.131115,0.00599356,0.115851,0.175491,0.137109,0.688007
05502,05,1637.7,1585.7,160.249,5.07673,33.577,0.509867,residential,False,0.191843,False,361.594,165.188,70.2902,130.723,166.949,534.668,315.373,0.189594,0.0383016,0.23205,-0.154339,0.019721,0.127482,0.139823,0.17406,0.725539
05503,05,1043,998,40.2297,3.6946,33.0736,0.569449,residential,False,1.18565,False,550.041,561.902,422.634,548.42,188.709,359.088,668.08,0.153431,0.0279052,0.379482,-0.315981,-0.159825,0.112109,0.104823,0.156156,0.844466
05504,05,1232.72,1135.72,40.5456,3.70243,33.6146,0.532373,residential,False,0.606949,False,248.485,303.808,355.208,352.97,166.382,255.522,476.775,0.11678,0.0330736,0.388381,-0.286123,-0.135626,0.119548,0.0994905,0.150497,0.821391
05505,05,1323.98,1034.98,90.432,4.5046,32.2522,0.535465,residential,False,1.1882,False,927.151,662.57,137.295,639.422,234.753,742.568,276.667,0.131148,0.0214376,0.387137,-0.306431,-0.148802,0.132409,0.0794451,0.157629,0.759542
05506,05,1383.5,1240.5,60.5339,4.1032,33.6636,0.565584,residential,False,0.755405,False,571.96,237.439,117.179,251.533,256.961,282.82,673.491,0.168839,0.0314582,0.35913,-0.320582,-0.164821,0.107348,0.100039,0.155762,0.811158
05507,05,1245.99,1221.99,27.5912,3.3175,33.5134,0.606641,residential,False,1.42532,False,1248.14,467.55,458.149,271.549,239.964,570.986,785.759,0.139807,0.0347392,0.366268,-0.274281,-0.126172,0.146291,0.085503,0.148108,0.834622
05508,05,1260.76,1257.76,23.7851,3.16906,30.6445,0.690696,residential,False,2.00909,False,1215.96,1344.48,273.326,470.398,271.009,1354.92,1454.27,0.150503,0.0244728,0.374209,-0.287028,-0.175395,0.15399,0.0836939,0.111632,0.852
05509,05,1291.44,1259.59,33.0722,3.49869,32.8696,0.583027,residential,False,1.54652,False,321.374,582.657,475.137,375.413,271.884,1318.69,1079,0.150317,0.0273047,0.315708,-0.196797,-0.074954,0.161416,0.107811,0.121843,0.825345
05510,05,1244.09,1244.09,28.9278,3.3648,32.9207,0.615318,residential,False,0.826787,False,471.764,227.181,248.378,558.626,174.927,316.724,624.505,0.1507,0.0174198,0.38324,-0.349859,-0.190126,0.113655,0.0704257,0.159734,0.83017
05511,05,1182,1181.96,27.7181,3.32209,31.2664,0.669451,residential,False,1.73424,False,1542.86,444.325,375.569,671.319,259.092,892.969,909.825,0.135267,0.018294,0.401767,-0.306231,-0.166196,0.149102,0.0817015,0.140035,0.839351
05512,05,1115.97,1115.97,39.4245,3.67439,32.1848,0.593227,residential,False,1.06481,False,338.639,498.258,129.961,341.357,246.564,441.746,1132.64,0.19903,0.0231598,0.375787,-0.445392,-0.230938,0.082886,0.0465382,0.214454,0.844076
05513,05,1482,1482,60.0374,4.09497,35.0414,0.532015,residential,False,0.683427,False,2505.6,167.213,152.213,268.203,155.097,274.597,340.174,0.13141,0.00429067,0.381938,-0.318862,-0.175072,0.107493,0.0869931,0.14379,0.85008
05514,05,2265.9,2265.9,258.607,5.55531,36.6028,0.463159,residential,False,-0.251838,False,246.519,246.593,35.6591,75.3602,181.399,174.104,252.096,0.339457,0.0583636,0.166012,-0.292588,-0.129321,0.0293241,0.183556,0.163267,0.564801
05515,05,1274.33,1274.33,94.5441,4.54907,34.0619,0.512599,residential,False,0.387346,False,370.502,298.315,223.378,307.95,139.641,371.608,195.941,0.16329,0.0407873,0.327366,-0.296009,-0.118309,0.100321,0.0943253,0.1777,0.786594
05516,05,1640,1640,22.879,3.13022,32.8622,0.590332,residential,False,1.93687,False,1404.88,803.924,528.206,430.059,201.105,1286.15,1659.09,0.143149,0.0296524,0.350716,-0.273006,-0.110429,0.109407,0.111452,0.162577,0.804523
05517,05,1437,1437,173.068,5.15368,34.0775,0.503693,residential,False,0.0577146,False,162.646,348.796,133.577,176.624,165.473,460.421,116.124,0.239238,0.042436,0.227316,-0.23326,-0.0627045,0.0867735,0.14652,0.170556,0.661159
05518,05,1132.96,1081,25.6488,3.2445,32.4309,0.642867,residential,False,1.58519,False,2217.72,505.854,222.295,560.591,357.438,578.29,459.284,0.138365,0.0299648,0.401037,-0.353401,-0.215347,0.118542,0.0674593,0.138053,0.862876
05519,05,1585.9,1585.9,133.942,4.89741,35.7483,0.519036,residential,False,0.0379341,False,310.918,172.817,29.2011,154.458,191.959,241.721,444.66,0.219321,0.049674,0.298721,-0.325306,-0.166108,0.0634676,0.129268,0.159197,0.65222
05520,05,2201.9,2177.9,122.942,4.81172,34.729,0.536838,residential,False,0.0626985,False,314.009,301.226,60.666,59.9796,174.736,310.364,353.604,0.243683,0.0481812,0.263792,-0.308602,-0.151492,0.0604111,0.138461,0.15711,0.664369
05521,05,2554.68,2554.68,158.063,5.063,36.9174,0.458059,residential,False,-0.540935,False,345.5,97.7077,81.8069,33.5327,142.762,136.911,221.514,0.317414,0.0596023,0.157426,-0.248688,-0.0931993,0.0463077,0.179844,0.155488,0.555914
05522,05,1206.96,1206.94,33.3832,3.50805,32.1732,0.609294,residential,False,0.524878,False,268.839,340.378,204.631,249.483,179.195,561.033,244.41,0.145794,0.0248158,0.333161,-0.216788,-0.0529087,0.157561,0.104607,0.163879,0.843476
05523,05,1258.7,1258.55,44.9448,3.80543,33.9566,0.584461,residential,False,1.43794,False,1301.57,471.583,290.522,766.194,158.737,616.147,888.662,0.158212,0.0162228,0.379943,-0.333733,-0.185854,0.125509,0.0789133,0.147878,0.835699
05524,05,1177,1168,34.9919,3.55512,32.9722,0.599384,residential,False,1.09112,False,840.826,362.681,77.7793,160.896,230.42,945.03,1065.4,0.119527,0.0260355,0.370414,-0.248521,-0.0792899,0.156213,0.0852071,0.169231,0.87577
05525,05,1012.38,976.378,46.5078,3.83962,32.1914,0.595923,residential,False,0.799179,False,1041.61,189.493,157.221,192.226,138.297,800.925,623.854,0.133059,0.0252655,0.400834,-0.290627,-0.146657,0.159696,0.0835693,0.143971,0.848556
05526,05,1512.7,1512.7,75.9524,4.33011,34.5317,0.535949,residential,False,0.324545,False,350.009,224.54,105.003,211.472,168.344,274.547,414.699,0.228385,0.0373753,0.279668,-0.29405,-0.137721,0.0871157,0.126888,0.156329,0.752586
05527,05,1743.61,1743.61,330.543,5.80074,35.0301,0.487931,residential,False,-0.719264,False,229.472,201.261,21.4289,40.1971,99.1148,341.249,135.388,0.286399,0.0690982,0.133824,-0.17324,-0.00329897,0.0267649,0.220218,0.169941,0.476009
05528,05,1083,1083,27.7595,3.32358,31.5422,0.628304,residential,False,1.1345,False,317.9,358.488,388.151,442.966,325.236,573.754,455.249,0.123944,0.0154884,0.364346,-0.212455,-0.0436854,0.176399,0.0994369,0.16877,0.781374
05529,05,1134.87,1134.87,30.5568,3.41959,31.7751,0.649465,residential,False,1.80771,False,1117.87,723.197,452.672,708.069,210.194,841.648,1326.35,0.12027,0.0199917,0.417358,-0.354705,-0.217515,0.119591,0.0633307,0.13719,0.841085
05530,05,1547.62,1544.62,70.732,4.2589,36.6244,0.387829,residential,False,-0.488169,False,202.857,163.343,77.0139,63.9621,134.485,143.947,196.049,0.211515,0.0401465,0.213969,-0.173936,0.0196017,0.0751844,0.176363,0.193538,0.666445
05531,05,1281.86,1281.86,37.8089,3.63254,34.5447,0.541999,residential,False,1.88754,False,343.252,911.395,702.447,459.822,277.714,1696.52,1536.66,0.201711,0.0337114,0.288029,-0.259691,-0.131809,0.114992,0.115057,0.127882,0.804483
05532,05,1403,1403,91.7517,4.51909,36.1522,0.441466,residential,False,0.529077,False,2017.09,305.241,142.128,209.378,147.59,205.432,223.061,0.147671,0.0382047,0.372057,-0.270822,-0.150116,0.132769,0.116137,0.120706,0.889527
05533,05,1224.26,1224.26,288.559,5.6649,33.3751,0.525475,residential,False,0.0154493,False,578.366,183.95,108.825,78.9701,184.934,130.055,281.367,0.338054,0.0836585,0.125093,-0.17913,-0.0536274,0.027611,0.256405,0.125503,0.450081
06101,06,1430.81,1430.81,53.9139,3.98739,34.2279,0.537953,residential,False,0.261936,False,158.011,489.78,132.299,177.281,153.837,292.587,345.285,0.0548387,0.0215054,0.344086,-0.0354839,0.108602,0.23871,0.124731,0.144086,0.848954
06102,06,1587.24,1587.24,210.165,5.34789,35.653,0.516264,residential,False,-0.18038,False,169.341,156.942,73.9818,172.384,119.189,275.599,301.707,0.100897,0.0325112,0.209641,0.0896861,0.261211,0.160314,0.23991,0.171525,0.814143
06103,06,1386.1,1386.1,312.302,5.74397,35.6439,0.410838,residential,False,-0.28701,False,259.003,56.4145,98.0778,79.1544,278.966,149.576,211.575,0.0580866,0.0284738,0.182232,0.232346,0.407745,0.248292,0.224374,0.175399,0.855891
06104,06,1469.8,1469.8,361.648,5.89067,36.295,0.344965,residential,False,-0.304985,False,168.258,97.464,114.567,97.1082,237.233,106.12,239.307,0.087346,0.0235162,0.211646,0.128779,0.284434,0.226204,0.201568,0.155655,0.807864
06105,06,1421.16,1421.16,289.084,5.66672,37.1544,0.30464,residential,False,-0.364072,False,85.6157,192.265,130.461,174.756,143.734,293.308,102.914,0.0809524,0.0178571,0.165476,0.234524,0.410714,0.22381,0.257143,0.17619,0.794007
06106,06,1541.64,1541.64,302.672,5.71265,36.6663,0.415276,residential,False,-0.266932,False,154.421,88.2768,153.207,106.198,158.178,216.868,257.282,0.0976163,0.045403,0.180477,0.188422,0.320091,0.219069,0.247446,0.131669,0.802168
06107,06,1690.25,1690.25,305.776,5.72285,36.5004,0.43001,residential,False,-0.15552,False,218.265,222.356,149.983,101.746,123.591,226.626,208.57,0.102757,0.0451128,0.233083,0.0739348,0.205514,0.174185,0.235589,0.131579,0.744661
06108,06,1584.56,1584.56,328.218,5.79368,36.2778,0.395171,residential,False,-0.346368,False,128.948,152.045,218.342,106.073,106.895,280.713,158.027,0.0811404,0.0285088,0.1875,0.224781,0.359649,0.245614,0.247807,0.134868,0.816327
06109,06,1470.12,1470.12,273.055,5.60967,35.5934,0.485336,residential,False,0.0425755,False,137.083,124.928,125.781,309.867,105.97,479.845,386.317,0.165113,0.0492676,0.198402,0.00133156,0.150466,0.13715,0.227696,0.149134,0.712946
06110,06,1457.32,1457.32,295.075,5.68723,35.1406,0.433673,residential,False,-0.176971,False,215.548,136.765,152.255,180.943,110.095,254.322,204.677,0.125592,0.0296209,0.242891,-0.021327,0.162322,0.151659,0.195498,0.183649,0.769856
06111,06,1619.41,1619.41,345.935,5.84625,35.9358,0.4229,residential,False,-0.537327,False,98.1635,212.532,65.3422,92.662,147.918,124.432,197.358,0.103448,0.0309156,0.21522,0.0677765,0.258026,0.17717,0.209275,0.19025,0.802074
06112,06,1561,1561,206.887,5.33217,36.99,0.408848,residential,False,-0.433798,False,248.813,138.564,155.575,120.478,166.924,94.0476,99.2929,0.126404,0.0266854,0.206461,0.0421348,0.198034,0.161517,0.213483,0.155899,0.706863
06113,06,1458.9,1458.9,265.831,5.58286,37.2389,0.379085,residential,False,-0.33068,False,253.939,92.1708,213.291,119.734,200.853,84.5231,142.605,0.144737,0.0406699,0.181818,0.0801435,0.214115,0.174641,0.232057,0.133971,0.793814
06114,06,1735.28,1735.28,227.601,5.42759,37.6717,0.366506,residential,False,-0.135601,False,102.902,273.454,125.288,270.177,145.714,196.36,177.112,0.0956416,0.0375303,0.205811,0.125908,0.269976,0.177966,0.249395,0.144068,0.764436
06115,06,1631.2,1631.2,273.723,5.61212,37.4491,0.341174,residential,False,-0.770095,False,63.1738,81.7905,52.6667,135.052,119.274,210.061,185.518,0.109395,0.041184,0.181467,0.16731,0.30888,0.208494,0.249678,0.14157,0.778443
06116,06,1714,1714,389.736,5.96547,36.6223,0.412701,residential,False,-0.309129,False,126.4,128.887,163.247,199.229,100.487,95.3996,448.818,0.0795724,0.0427553,0.195962,0.17696,0.31829,0.204276,0.248219,0.14133,0.78578
06117,06,1330,1330,125.338,4.83101,33.9707,0.534403,residential,False,0.464723,False,321.136,146.117,240.587,207.321,218.056,225.271,541.607,0.065389,0.0101466,0.319053,-0.00450958,0.127396,0.223224,0.156708,0.131905,0.86531
06118,06,1493.21,1493.21,81.6975,4.40302,32.9267,0.604082,residential,False,0.718632,False,430.484,359.291,118.335,379.447,185.904,271.342,649.649,0.0833333,0.0266204,0.340278,-0.101852,0.0474537,0.175926,0.145833,0.149306,0.825592
06119,06,1412.03,1412.03,113.466,4.7315,34.5634,0.537521,residential,False,0.114084,False,233.815,122.055,268.224,280.121,196.306,71.1612,436.978,0.0770171,0.0281174,0.271394,0.00366748,0.194377,0.196822,0.155257,0.190709,0.74278
06120,06,1770.37,1770.37,264.756,5.57881,35.6512,0.475053,residential,False,-0.0540882,False,149.039,172.563,189.529,275.323,161.313,200.103,170.584,0.079906,0.0282021,0.243243,0.0740306,0.247944,0.220917,0.176263,0.173913,0.803756
06121,06,1414.23,1414.23,295.235,5.68777,36.7539,0.389701,residential,False,-0.173921,False,118.203,52.6743,78.2459,297.127,213.797,336.243,236.967,0.0610932,0.0246517,0.222937,0.156484,0.318328,0.241158,0.199357,0.161844,0.863051
06122,06,1812.66,1812.66,196.022,5.27823,37.3085,0.342865,residential,False,-0.484768,False,59.2279,150.899,205.133,255.011,110.644,264.807,94.752,0.0972389,0.0360144,0.234094,0.0864346,0.231693,0.17407,0.243697,0.145258,0.773985
06123,06,1516.6,1516.6,19.6677,2.97898,33.0984,0.621548,residential,False,0.078635,False,265.02,158.069,91.8838,188.607,186.97,136.779,453.535,0.0601852,0.0277778,0.290509,0.0497685,0.194444,0.216435,0.184028,0.144676,0.795082
06124,06,1609,1609,262.587,5.57058,36.5597,0.428466,residential,False,-0.186211,False,158.458,295.707,73.2482,78.3821,108.562,224.198,442.798,0.0831202,0.0383632,0.227621,0.112532,0.262148,0.177749,0.245524,0.149616,0.73513
06125,06,1348,1339,160.689,5.07947,35.2831,0.38218,residential,False,0.20087,False,349.935,289.485,86.5519,83.3,152.337,435.851,346.714,0.114793,0.035503,0.261538,-0.00473373,0.149112,0.19645,0.175148,0.153846,0.807802
06126,06,1609.07,1609.07,182.338,5.20586,35.9142,0.494592,residential,False,-0.109939,False,145.232,94.0184,265.973,259.617,126.489,323.865,183.439,0.113689,0.037123,0.194896,0.0962877,0.264501,0.209977,0.194896,0.168213,0.813084
06127,06,1470.23,1470.23,154.612,5.04092,35.6225,0.477415,residential,False,0.365923,False,322.898,112.625,304.178,216.515,158.16,583.248,268.938,0.0663667,0.0213723,0.223847,0.142857,0.318335,0.233971,0.1991,0.175478,0.867575
06128,06,1277.93,1277.93,180.782,5.19729,34.665,0.467176,residential,False,-0.14008,False,157.188,115.237,138.972,84.0924,141.318,742.229,183.17,0.0868132,0.0307692,0.289011,-0.0241758,0.149451,0.220879,0.130769,0.173626,0.866224
06129,06,1455.05,1455.05,141.968,4.9556,34.7709,0.495592,residential,False,0.618252,False,305.432,202.638,426.407,283.952,171.465,726.376,242.71,0.0833333,0.025463,0.278935,-0.00578704,0.15162,0.171296,0.185185,0.157407,0.797619
06130,06,1425.83,1425.83,53.5809,3.98119,33.7803,0.558559,residential,False,0.961647,False,413.702,432.341,320.124,409.328,165.316,785.166,386.797,0.0693717,0.0248691,0.342932,-0.0628272,0.0732984,0.206806,0.14267,0.136126,0.834962
06201,06,1368.53,1368.53,199.163,5.29412,37.6423,0.342751,residential,False,-0.953623,False,130.733,55.9425,167.817,61.6433,112.486,102.794,104.931,0.103403,0.0353403,0.192408,0.117801,0.301047,0.185864,0.227749,0.183246,0.800208
06202,06,1447,1447,256.584,5.54746,36.492,0.4222,residential,False,-0.339058,False,134.301,108.315,102.935,101.307,149.441,214.505,265.613,0.115523,0.0469314,0.192539,0.0758123,0.256318,0.167268,0.216606,0.180505,0.803452
06203,06,1364.64,1355.62,103.762,4.6421,37.0421,0.406883,residential,False,-0.206881,False,154.987,118.951,125.254,98.7161,212.323,179.094,233.34,0.118932,0.0303398,0.225728,0.0121359,0.190534,0.175971,0.180825,0.178398,0.816846
06204,06,1619,1619,202.995,5.31318,36.9836,0.412481,residential,False,-0.329612,False,246.215,108.412,196.31,204.773,120.217,126.129,143.45,0.0881671,0.0301624,0.243619,0.0893271,0.226218,0.207657,0.213457,0.136891,0.800363
06205,06,1569,1569,221.011,5.39821,36.267,0.464369,residential,False,-0.241304,False,156.998,196.302,222.189,246.15,142.38,61.655,211.109,0.0961792,0.0263505,0.193676,0.14888,0.30303,0.188406,0.250329,0.15415,0.757666
06206,06,1606,1606,324.012,5.78078,35.9669,0.410755,residential,False,-0.35608,False,129.48,237.744,112.444,323.38,90.4874,165.69,145.003,0.126904,0.0380711,0.200508,0.0291878,0.211929,0.172589,0.18401,0.182741,0.750708
06207,06,1521.22,1521.22,238.797,5.47561,34.9032,0.5441,residential,False,0.357728,False,168.58,300.103,304.635,449.298,171.167,242.844,219.24,0.167785,0.0442953,0.195973,-0.0295302,0.139597,0.130201,0.204027,0.169128,0.705773
06208,06,1545.15,1539.16,223.439,5.40914,35.499,0.465294,residential,False,-0.103932,False,193.913,128.238,236.076,285.813,163.261,97.585,214.629,0.127204,0.0478589,0.214106,-0.00881612,0.177582,0.134761,0.197733,0.186398,0.773694
06209,06,1508.74,1487.85,108.194,4.68393,33.1432,0.607111,residential,False,0.592215,False,532.074,376.808,120.147,123.646,261.876,221.841,479.718,0.110458,0.0317274,0.252644,-0.0176263,0.13631,0.166863,0.178613,0.153937,0.795937
06210,06,1526.99,1526.99,109.635,4.69715,33.7728,0.595632,residential,False,-0.00880392,False,239.009,173.238,184.673,174.57,181.198,192.279,168.928,0.115646,0.0353741,0.262585,-0.0367347,0.133333,0.193197,0.148299,0.170068,0.753564
06211,06,1414.26,1414.26,110.884,4.70849,34.2415,0.503824,residential,False,0.0639421,False,248.565,190.096,125.945,169.798,121.9,424.355,250.145,0.136536,0.0290771,0.281922,-0.121365,0.0353982,0.134008,0.163085,0.156764,0.765998
06212,06,1521.14,1521.14,78.0826,4.35777,33.9,0.579133,residential,False,0.62689,False,418.073,287.375,160.01,370.79,141.612,541.563,385.31,0.109091,0.0315152,0.324848,-0.162424,0.00484848,0.150303,0.121212,0.167273,0.788973
06213,06,1453.94,1453.94,128.415,4.85526,33.9625,0.609046,residential,False,-0.151714,False,196.61,90.6207,225.041,53.0648,180.856,422.704,197.75,0.170732,0.0502152,0.233859,-0.117647,0.0301291,0.110473,0.176471,0.147776,0.684878
06214,06,1123.92,1123.92,204.409,5.32012,33.2763,0.570683,residential,False,0.631648,False,337.764,222.645,167.805,183.791,291.371,401.508,403.621,0.125796,0.0334395,0.229299,0.00796178,0.184713,0.164013,0.199045,0.176752,0.757794
06215,06,1364,1364,318.401,5.76331,35.2856,0.404956,residential,False,-0.240072,False,177.807,101.604,156.302,155.339,125.336,178.51,286.505,0.0997409,0.0284974,0.170984,0.204663,0.354922,0.200777,0.274611,0.150259,0.788832
06216,06,1571,1571,293.741,5.6827,35.7591,0.350893,residential,False,-0.656901,False,181.288,106.53,87.5782,122.755,139.996,64.5547,161.479,0.107098,0.0361146,0.1868,0.124533,0.293898,0.200498,0.217933,0.169365,0.801587
06217,06,1462,1462,357.532,5.87923,35.2629,0.400135,residential,False,-0.61575,False,95.0818,152.494,91.5026,122.466,64.521,200.846,294.068,0.108844,0.044898,0.178231,0.155102,0.295238,0.186395,0.255782,0.140136,0.750505
06218,06,1378.77,1378.77,335.591,5.81589,35.1401,0.38691,residential,False,0.133051,False,145.66,330.052,76.2006,119.739,153.367,369.971,465.502,0.104089,0.047088,0.167286,0.166047,0.318463,0.192069,0.245353,0.152416,0.805911
06219,06,1242,1242,255.01,5.5413,34.3189,0.489113,residential,False,0.100798,False,168.012,307.974,58.652,182.376,172.715,328.195,310.665,0.108696,0.0333333,0.234783,0.0057971,0.181159,0.168116,0.181159,0.175362,0.725957
06220,06,1658,1658,151.504,5.02061,35.0476,0.5233,residential,False,-0.259279,False,132.126,190.381,128.651,281.868,184.955,65.4626,192.87,0.0883055,0.022673,0.261337,0.0572792,0.207637,0.190931,0.21599,0.150358,0.815385
06221,06,1722,1722,237.828,5.47155,36.8156,0.365206,residential,False,-0.664806,False,115.512,69.2611,107.631,180.212,96.7797,186.623,155.156,0.083014,0.0446999,0.187739,0.176245,0.337165,0.194125,0.252874,0.16092,0.762548
06222,06,1455,1455,261.089,5.56486,36.2205,0.428515,residential,False,-0.186267,False,106.821,75.4889,126.188,95.0762,203.586,397.521,281.531,0.100711,0.0296209,0.221564,0.0746445,0.251185,0.222749,0.174171,0.17654,0.811429
06223,06,1453,1453,301.743,5.70958,35.889,0.422804,residential,False,0.0474927,False,274.452,123.161,158.451,133.82,146.463,298.436,320.333,0.111111,0.0277778,0.210145,0.0772947,0.242754,0.183575,0.214976,0.165459,0.80888
06224,06,1402,1402,111.813,4.71683,34.6489,0.546127,residential,False,0.240096,False,305.36,205.682,155.653,202.542,210.836,230.382,232.262,0.114873,0.019347,0.293833,-0.0785973,0.101572,0.19347,0.136638,0.180169,0.810311
06225,06,1611.63,1611.63,253.248,5.53437,34.7726,0.504747,residential,False,-0.391408,False,294.409,185.612,75.1635,119.022,104.014,121.542,214.31,0.127389,0.0382166,0.175796,0.103185,0.26242,0.196178,0.210191,0.159236,0.732159
06226,06,1874.4,1874.4,241.365,5.48631,35.8823,0.417017,residential,False,-0.340503,False,190.502,134.431,127.339,147.599,131.898,147.525,181.553,0.0985222,0.0504926,0.192118,0.124384,0.300493,0.17734,0.237685,0.176108,0.756187
06227,06,1313.3,1313.3,130.834,4.87393,34.3579,0.544149,residential,False,0.0508539,False,113.768,250.44,185.934,212.609,146.377,195.964,348.727,0.0864333,0.0284464,0.261488,0.0262582,0.172867,0.202407,0.171772,0.146608,0.854764
06228,06,1666.11,1666.11,63.1711,4.14585,34.5929,0.514348,residential,False,0.024892,False,151.953,252.113,230.635,118.392,117.147,349.434,276.973,0.111111,0.0283951,0.204938,0.0950617,0.277778,0.212346,0.198765,0.182716,0.738462
06229,06,1650.94,1650.94,250.063,5.52171,34.9227,0.476547,residential,False,-0.272151,False,141.293,178.204,79.2236,106.21,120.38,285.085,278.366,0.132972,0.0434193,0.202171,0.0339213,0.185889,0.141113,0.227951,0.151967,0.713327
06230,06,1554.09,1554.09,219.367,5.39075,34.3698,0.496514,residential,False,-0.162181,False,139.221,230.902,71.3039,116.05,152.502,273.772,262.612,0.118765,0.0320665,0.214964,0.043943,0.214964,0.194774,0.182898,0.171021,0.790698
06301,06,1634.23,1634.23,114.704,4.74235,35.8945,0.472592,residential,False,0.250153,False,281.496,191.516,461.265,230.74,155.718,265.429,173.41,0.0763807,0.0317274,0.299647,-0.0611046,0.13161,0.183314,0.13161,0.192714,0.78894
06302,06,1432.72,1432.72,94.4862,4.54845,35.1608,0.527427,residential,False,0.34532,False,208.146,144.692,462.328,382.515,136.7,537.197,196.443,0.0793466,0.0210035,0.256709,0.0431739,0.229872,0.205368,0.173862,0.186698,0.826129
06303,06,1459,1459,72.1199,4.27833,34.6315,0.60288,residential,False,0.574429,False,381.412,188.038,210.677,178.073,324.889,240.717,379.772,0.0654008,0.0274262,0.32384,-0.0411392,0.122363,0.232068,0.116034,0.163502,0.871233
06304,06,1534,1534,131.308,4.87754,36.5615,0.473412,residential,False,0.062326,False,190.373,113.706,367.883,169.525,153.442,244.968,266.476,0.0794702,0.0278146,0.246358,0.0516556,0.242384,0.148344,0.229139,0.190728,0.745862
06305,06,1355,1355,95.1446,4.5554,35.5072,0.567463,residential,False,0.433818,False,291.187,238.801,230.549,324.826,244.596,115.915,377.262,0.113376,0.0216561,0.22293,0.0318471,0.216561,0.208917,0.159236,0.184713,0.77451
06306,06,1334.62,1334.62,63.7449,4.15489,34.357,0.596082,residential,False,0.615213,False,343.831,226.998,547.208,332.778,169.893,180.684,488.059,0.0794552,0.0249716,0.309875,-0.0624291,0.115778,0.207719,0.119183,0.178207,0.875617
06307,06,1557,1557,81.6567,4.40252,34.4478,0.598301,residential,False,0.283861,False,187.866,225.536,451.096,208.417,168.755,329.107,197.576,0.0549828,0.0263459,0.27606,0.0148912,0.213058,0.208477,0.137457,0.198167,0.821161
06308,06,1336.15,1336.15,73.5186,4.29754,33.905,0.596999,residential,False,0.685482,False,585.613,402.855,232.023,315.273,220.195,188.563,308.788,0.0609756,0.0166297,0.351441,-0.056541,0.094235,0.239468,0.116408,0.150776,0.850984
06309,06,1443.26,1443.26,54.9344,4.00614,33.7685,0.625342,residential,False,1.17296,False,917.942,341.564,209.927,357.189,282.476,509.429,541.658,0.0707596,0.012487,0.387097,-0.162331,-0.0208117,0.189386,0.106139,0.141519,0.889299
06310,06,1474.38,1474.38,58.4853,4.06878,33.7503,0.611795,residential,False,0.728217,False,770.359,169.487,262.188,399.012,169.078,178.57,728.537,0.0440714,0.0136411,0.351522,-0.0398741,0.10808,0.236097,0.119622,0.147954,0.868972
06311,06,1646,1646,100.067,4.60584,34.8656,0.57324,residential,False,0.607147,False,587.156,273.719,415.595,119.755,156.991,204.074,647.784,0.108796,0.037037,0.24537,-0.0451389,0.12963,0.180556,0.128472,0.174769,0.802218
06312,06,1368,1368,92.6564,4.5289,36.0335,0.543427,residential,False,0.572746,False,466.666,212.861,87.3959,74.1845,325.75,652.334,407.069,0.0922432,0.0104822,0.344864,-0.137317,0.0440252,0.189727,0.110063,0.181342,0.879121
06313,06,1437,1437,76.2016,4.33338,33.6661,0.593453,residential,False,0.876339,False,807.431,173.587,243.967,225.452,199.598,420.025,763.196,0.0792079,0.0173267,0.344059,-0.118812,0.049505,0.178218,0.126238,0.168317,0.793171
06314,06,1394.66,1369.66,54.438,3.99706,34.2045,0.584619,residential,False,1.21056,False,1098.36,277.081,406.514,211.062,196.954,636.62,874.176,0.0797927,0.00621762,0.411399,-0.220725,-0.0766839,0.173057,0.0974093,0.144041,0.889604
06315,06,1408.12,1408.12,47.6592,3.86408,34.9414,0.587123,residential,False,1.31136,False,1055.01,316.574,354.149,324.981,217.029,762.962,737.071,0.083682,0.0282427,0.375523,-0.212343,-0.0585774,0.172594,0.0742678,0.153766,0.884473
06316,06,1432.35,1432.35,37.6958,3.62955,35.0546,0.578732,residential,False,0.939811,False,752.613,391.572,196.557,357.351,201.635,282.857,612.195,0.0576714,0.0108814,0.400435,-0.184984,-0.0195865,0.191513,0.0816104,0.165397,0.856348
06317,06,1481.77,1481.77,70.5534,4.25637,34.0255,0.594614,residential,False,0.598607,False,184.267,374.238,196.401,257.632,201.719,285.893,623.065,0.0784983,0.0204778,0.341297,-0.0989761,0.0716724,0.203641,0.117179,0.170648,0.793165
06318,06,1361.88,1352.88,60.9165,4.1095,34.484,0.57797,residential,False,0.894778,False,334.923,551.463,216.566,202.4,226.095,252.792,979.999,0.0891566,0.0228916,0.36988,-0.186747,-0.0180723,0.16988,0.10241,0.168675,0.779209
06319,06,1519,1519,63.7539,4.15503,33.8308,0.625306,residential,False,0.673603,False,513.972,172.271,103.212,424.594,238.455,173.567,858.874,0.0915179,0.0301339,0.352679,-0.159598,-0.00669643,0.175223,0.109375,0.152902,0.834101
06320,06,1685.59,1685.59,81.2267,4.39724,34.1643,0.609807,residential,False,1.22815,False,849.815,737.429,93.4711,227.047,269.861,819.442,643.023,0.116779,0.0241611,0.342282,-0.183893,-0.0295302,0.183893,0.0912752,0.154362,0.68112
06321,06,1484.88,1484.88,51.8,3.94739,35.2643,0.57761,residential,False,1.56096,False,1282.98,543.357,303.792,336.912,336.715,528.738,856.863,0.0961348,0.0198216,0.371655,-0.184341,-0.0475719,0.163528,0.119921,0.136769,0.875108
06322,06,1412.5,1412.5,64.4184,4.1654,35.1932,0.560971,residential,False,1.10619,False,1587.9,290.58,320.006,224.51,233.687,329.973,598.978,0.0881057,0.0154185,0.365639,-0.188326,-0.030837,0.154185,0.111233,0.157489,0.85446
06323,06,1823.5,1823.5,112.225,4.72051,37.5542,0.408733,residential,False,0.126245,False,1442.39,183.995,65.4365,114.608,206.979,110.349,213.978,0.134783,0.0380435,0.346739,-0.273913,-0.117391,0.109783,0.0978261,0.156522,0.805749
06324,06,1464,1464,19.8332,2.98736,37.0485,0.377837,residential,False,1.16028,False,1316.3,547.259,251.759,235.409,214.646,516.657,458.5,0.12978,0.023175,0.414832,-0.322132,-0.190035,0.122827,0.0996524,0.132097,0.815642
06325,06,1529.58,1529.58,57.3153,4.04857,35.323,0.530244,residential,False,0.649513,False,484.333,488.145,104.828,183.32,143.208,755.613,389.078,0.120767,0.0349887,0.297968,-0.11851,0.0406321,0.160271,0.139955,0.159142,0.813467
06326,06,1582.1,1582.1,70.6605,4.25789,34.7369,0.590077,residential,False,0.788141,False,458.019,263.275,137.511,163.543,385.285,342.463,484.839,0.1494,0.0250818,0.329335,-0.219193,-0.0697928,0.160305,0.0992366,0.1494,0.842779
06327,06,1532.97,1532.97,129.435,4.86318,34.6257,0.643728,residential,False,0.674607,False,584.421,360.686,196.754,88.4461,160.161,490.429,642.392,0.204938,0.0358025,0.230864,-0.162963,-0.00123457,0.108642,0.164198,0.161728,0.747502
06328,06,1550,1550,179.027,5.18754,34.508,0.546563,residential,False,0.465612,False,274.624,156.644,93.0094,109.712,390.339,593.095,314.71,0.191406,0.0455729,0.186198,-0.0416667,0.0872396,0.13151,0.204427,0.128906,0.717472
06329,06,1446.87,1446.87,60.7404,4.10661,34.8488,0.524468,residential,False,0.472007,False,304.707,224.147,79.3731,148.442,286.41,573.056,322.895,0.243523,0.0375648,0.239637,-0.247409,-0.104922,0.0867876,0.148964,0.142487,0.730662
06401,06,1921,1921,105.421,4.65796,35.2708,0.529512,residential,False,0.60594,False,498.061,175.033,278.04,409.789,206.665,106.591,660.466,0.103943,0.0310633,0.271207,-0.0227001,0.133811,0.179211,0.173238,0.156511,0.789523
06402,06,1388.68,1388.68,82.7166,4.41542,34.6788,0.590199,residential,False,0.692479,False,705.589,207.232,265.512,334.165,144.104,167.027,864.9,0.10616,0.0314548,0.309305,-0.100917,0.0576671,0.179554,0.134993,0.158585,0.795666
06403,06,1686.93,1686.93,77.3883,4.34884,34.3923,0.591132,residential,False,0.489986,False,235.203,257.458,133.915,197.445,171.054,427.829,622.22,0.0971564,0.028436,0.261848,-0.014218,0.155213,0.186019,0.158768,0.169431,0.784601
06404,06,1600.78,1600.78,97.1701,4.57646,34.5324,0.537186,residential,False,0.0598552,False,142.269,138.867,317.348,344.567,106.29,274.246,298.942,0.130539,0.0371257,0.281437,-0.126946,0.0275449,0.14491,0.14012,0.154491,0.762118
06405,06,1542.41,1542.41,119.068,4.7797,35.2262,0.47346,residential,False,0.0669037,False,139.026,160.984,325.231,430.402,110.383,374.224,169.891,0.0977444,0.0350877,0.206767,0.0914787,0.269424,0.184211,0.211779,0.177945,0.79604
06406,06,1611.53,1611.53,141.788,4.95433,35.7706,0.474731,residential,False,-0.103332,False,189.551,140.018,272.159,203.374,148.324,184.835,160.474,0.194188,0.0290621,0.229855,-0.143989,0.0224571,0.108322,0.171731,0.166446,0.68705
06407,06,1338.04,1338.04,104.638,4.6505,34.2723,0.521387,residential,False,0.542822,False,170.251,81.1752,289.739,391.806,252.136,502.662,479.077,0.0991105,0.0241423,0.284625,-0.0559085,0.11817,0.199492,0.128335,0.174079,0.772287
06408,06,1396.87,1396.87,91.4937,4.51627,34.6412,0.533509,residential,False,0.0161692,False,224.293,239.114,119.566,317.516,111.303,151.273,332.647,0.0972851,0.030543,0.2681,-0.0418552,0.145928,0.197964,0.125566,0.187783,0.833803
06409,06,1454.8,1454.8,63.2764,4.14751,33.9811,0.575522,residential,False,0.731991,False,569.619,278.966,264.589,299.245,186.916,497.319,281.449,0.0912162,0.0259009,0.329955,-0.0990991,0.0585586,0.191441,0.130631,0.157658,0.822551
06410,06,1555.49,1549.49,75.4507,4.32348,35.7916,0.444679,residential,False,0.384974,False,368.948,298.793,421.878,293.774,120.116,287.7,206.669,0.122555,0.053455,0.268579,-0.109518,0.0977836,0.136897,0.14472,0.207301,0.758017
06411,06,1502.59,1502.02,96.5122,4.56967,34.0314,0.54059,residential,False,0.669171,False,302.882,427.107,269.21,324.924,160.717,442.651,333.343,0.155216,0.0470738,0.264631,-0.179389,-0.00890585,0.115776,0.124682,0.170483,0.75
06412,06,1235.8,1235.8,103.505,4.63962,34.8003,0.563346,residential,False,0.330151,False,309.165,383.614,116.214,289.77,122.193,414.816,258.886,0.105634,0.0126761,0.364789,-0.205634,-0.0535211,0.160563,0.104225,0.152113,0.806088
06413,06,1264,1264,77.7614,4.35365,35.962,0.53059,residential,False,0.223535,False,266.707,361.078,146.927,116.483,149.752,293.8,319.134,0.0761015,0.0253672,0.360481,-0.169559,0.0307076,0.146862,0.12016,0.200267,0.845894
06414,06,1154,1114,74.2508,4.30745,36.4574,0.525081,residential,False,0.24891,False,299.863,261.669,82.8468,212.263,158.463,654.101,186.343,0.0944584,0.0176322,0.376574,-0.20529,-0.0428212,0.161209,0.104534,0.162469,0.886918
06415,06,1788.12,1739.2,45.091,3.80868,36.1669,0.35221,residential,False,0.676892,False,599.709,188.93,238.142,467.39,145.111,673.916,261.006,0.14936,0.0483642,0.307255,-0.224751,-0.0554765,0.100996,0.130868,0.169275,0.751317
06416,06,1283.08,1283,144.911,4.97612,35.0625,0.530167,residential,False,0.201975,False,720.965,404.088,118.644,64.4018,154.368,228.755,237.06,0.181159,0.0507246,0.285024,-0.292271,-0.0869565,0.089372,0.0845411,0.205314,0.774074
06417,06,1672.67,1568.24,107.026,4.67307,34.6574,0.549285,residential,False,0.635497,False,246.297,293.419,263.736,580.046,150.891,338.996,433.338,0.164921,0.0445026,0.22644,-0.0824607,0.104712,0.120419,0.188482,0.187173,0.694394
06418,06,1490.35,1490.35,66.1645,4.19214,34.681,0.553257,residential,False,0.729281,False,405.457,313.682,308.534,322.972,239.88,184.377,454.478,0.133011,0.0290206,0.304716,-0.203144,-0.0157195,0.118501,0.116082,0.187424,0.776022
06419,06,1844.03,1844.03,159.983,5.07507,34.3718,0.545009,residential,False,0.264483,False,402.46,277.452,189.363,110.65,166.658,216.396,322.966,0.191111,0.0533333,0.278519,-0.254815,-0.0785185,0.0814815,0.133333,0.176296,0.645677
06420,06,1890.67,1890.67,241.918,5.4886,33.8374,0.628376,residential,False,-1.34921,False,356.261,19.702,7.60276,23.9035,176.006,69.3251,192.336,0.254325,0.0899654,0.157439,-0.119377,0.0155709,0.0380623,0.254325,0.134948,0.542936
06421,06,1794.72,1794.72,132.49,4.8865,34.2569,0.606436,residential,False,-0.0493563,False,245.694,224.199,127.514,145.872,139.865,299.004,165.572,0.180375,0.0735931,0.238095,-0.157287,0.002886,0.0851371,0.176046,0.160173,0.678227
06422,06,1407.05,1407.05,82.7952,4.41637,34.1036,0.581792,residential,False,0.163423,False,513.35,161.669,70.5046,180.35,122.527,528.421,270.948,0.134293,0.0311751,0.308153,-0.171463,-0.00359712,0.104317,0.166667,0.167866,0.790368
06423,06,1445,1445,66.4413,4.19632,34.6841,0.564416,residential,False,0.684993,False,569.846,278.331,255.393,423.872,174.233,291.227,321.957,0.118943,0.0242291,0.376652,-0.243392,-0.0947137,0.151982,0.10022,0.148678,0.865147
06424,06,1343.96,1343.96,74.5657,4.31168,33.9933,0.580761,residential,False,0.495335,False,296.763,313.101,231.72,200.557,125.396,438.188,482.211,0.100571,0.0297143,0.317714,-0.126857,0.0411429,0.164571,0.126857,0.168,0.841556
06425,06,1466.73,1466.73,61.8839,4.12526,33.6667,0.59732,residential,False,0.827278,False,297.293,286.994,404.787,308.18,184.16,325.663,764.131,0.0803474,0.019544,0.394137,-0.191097,-0.053203,0.166124,0.117264,0.137894,0.850829
06426,06,1405.49,1405.49,49.0119,3.89206,33.9859,0.577466,residential,False,0.572213,False,535.248,200.337,146.683,237.072,160.636,370.257,556.172,0.0884279,0.0240175,0.409389,-0.259825,-0.104803,0.149563,0.0884279,0.155022,0.863128
06427,06,1300.51,1300.51,51.9026,3.94937,34.4333,0.550952,residential,False,1.2523,False,730.12,447.111,147.414,218.878,397.029,527.391,757.765,0.0965909,0.0125,0.407955,-0.269318,-0.1,0.143182,0.0920455,0.169318,0.815596
06428,06,1573,1541,77.294,4.34762,34.1944,0.599792,residential,False,0.214372,False,383.395,114.335,86.6895,164.971,165.234,383.888,443.822,0.147406,0.0377358,0.308962,-0.194575,-0.0200472,0.127358,0.134434,0.174528,0.784672
06429,06,1504.92,1504.92,93.0218,4.53283,34.0318,0.561728,residential,False,0.635639,False,642.873,299.178,77.1288,165.409,194.48,513.708,497.203,0.165333,0.036,0.276,-0.146667,0.008,0.130667,0.164,0.154667,0.755183
06430,06,1655.07,1631.07,108.805,4.68956,34.4953,0.580188,residential,False,0.333713,False,844.84,256.535,140.197,68.6314,164.054,209.196,442.276,0.162129,0.0259901,0.267327,-0.144802,0.00618812,0.139851,0.144802,0.15099,0.749311
06501,06,1449.57,1449.57,82.753,4.41586,33.6105,0.624829,residential,False,0.353913,False,224.857,226.656,126.95,488.239,156.137,185.876,509.869,0.0820633,0.0187573,0.350528,-0.145369,0.0304807,0.16061,0.126612,0.17585,0.794307
06502,06,1379.45,1373.32,76.9205,4.34277,34.2176,0.596691,residential,False,0.780041,False,291.911,300.84,303.539,531.942,151.405,335.17,655.812,0.0886814,0.0268378,0.343057,-0.150525,0.0233372,0.169195,0.112019,0.173862,0.821293
06503,06,1428.42,1428.42,72.8333,4.28817,33.5191,0.589407,residential,False,0.824024,False,183.875,146.356,295.999,376.029,413.496,525.293,415.895,0.083908,0.0275862,0.350575,-0.117241,0.0344828,0.2,0.117241,0.151724,0.839695
06504,06,1605.18,1605.18,164.333,5.10189,34.4565,0.488159,residential,False,-0.132103,False,149.534,132.985,134.598,185.258,178.143,283.239,162.26,0.133838,0.0555556,0.228535,-0.0239899,0.126263,0.135101,0.203283,0.150253,0.740981
06505,06,1419,1419,78.6839,4.36544,33.2461,0.601697,residential,False,0.944109,False,214.815,148.088,396.103,341.064,386.918,589.073,531.415,0.0918367,0.0294785,0.344671,-0.153061,0.021542,0.178005,0.105442,0.174603,0.824675
06506,06,1342,1342,66.3775,4.19536,33.3798,0.593613,residential,False,0.625649,False,301.083,161.947,325.827,159.942,245.378,517.56,423.564,0.0916667,0.022619,0.317857,-0.107143,0.0535714,0.163095,0.139286,0.160714,0.810163
06507,06,1599.08,1573.2,90.5086,4.50544,34.5766,0.497244,residential,False,0.298852,False,411.234,417.106,283.185,238.369,110.278,255.569,188.392,0.138101,0.0357583,0.276202,-0.117139,0.054254,0.144266,0.152898,0.171393,0.756881
06508,06,2020.53,2020.53,151.036,5.01752,34.462,0.530405,residential,False,0.401459,False,364.622,266.593,132.047,133.473,164.617,461.794,383.236,0.171946,0.0618401,0.273002,-0.177979,-0.025641,0.111614,0.155354,0.152338,0.65748
06509,06,1476.54,1476.54,55.0886,4.00894,33.5739,0.473943,residential,False,0.744749,False,675.671,310.082,137.433,259.034,260.252,412.392,284.025,0.140878,0.0242494,0.344111,-0.23903,-0.0773672,0.139723,0.106236,0.161663,0.824363
06510,06,1250.49,1250.49,60.4203,4.10133,35.0095,0.558038,residential,False,0.437682,False,427.915,353.251,100.979,133.521,163.379,442.994,384.304,0.175227,0.0422961,0.297583,-0.244713,-0.0830816,0.10574,0.122356,0.161631,0.729935
06511,06,1525,1525,188.693,5.24012,36.3516,0.512437,residential,False,-0.288066,False,119.033,188.905,149.037,64.6804,101.98,213.242,441.632,0.222074,0.0505319,0.283245,-0.323138,-0.154255,0.0731383,0.109043,0.168883,0.712163
06512,06,1559.22,1559.22,87.746,4.47445,34.5235,0.553272,residential,False,0.21304,False,399.549,232.271,97.6634,292.751,146.206,115.903,478.415,0.16079,0.0550071,0.303244,-0.203103,-0.0691114,0.108604,0.152327,0.133992,0.666975
06513,06,1656.55,1656.55,170.681,5.1398,35.7366,0.51129,residential,False,-0.246517,False,279.382,78.7326,152.08,199.978,126.12,140.603,242.362,0.195622,0.0615595,0.22435,-0.165527,0.00410397,0.0957592,0.158687,0.169631,0.716908
06514,06,1562.49,1562.49,166.066,5.11239,34.6518,0.501768,residential,False,-0.396264,False,124.678,232.078,74.3912,103.965,109.592,391.11,137.949,0.153465,0.0321782,0.235149,-0.0507426,0.10396,0.167079,0.170792,0.154703,0.752311
06515,06,1671.4,1671.4,188.886,5.24114,34.5405,0.508331,residential,False,-0.720617,False,124.347,97.8298,73.9003,103.937,130.15,119.219,152.908,0.188285,0.055788,0.213389,-0.103208,0.0390516,0.0892608,0.209205,0.142259,0.682881
06516,06,1579.23,1579.23,205.614,5.326,34.4507,0.485883,residential,False,-0.457377,False,181.118,66.5161,123.493,153.044,112.683,202.01,200.668,0.22649,0.0463576,0.178808,-0.111258,0.0304636,0.0993377,0.194702,0.141722,0.689312
06517,06,1537.81,1537.81,204.576,5.32094,33.7277,0.546616,residential,False,-0.295303,False,306.595,143.429,77.4508,126.611,107.209,153.528,282.683,0.173154,0.0536913,0.177181,0.00536913,0.148993,0.111409,0.244295,0.143624,0.702627
06518,06,1662.47,1662.47,185.506,5.22309,35.3531,0.495461,residential,False,0.27194,False,451.153,298.245,80.2086,118.263,128.914,377.052,436.938,0.191083,0.0484076,0.22293,-0.109554,0.0254777,0.117197,0.187261,0.135032,0.70656
06519,06,1577.88,1577.88,176.105,5.17108,34.2624,0.536183,residential,False,-0.0358594,False,359.341,67.1789,61.5874,63.9197,199.848,246.044,677.736,0.253078,0.0424077,0.222982,-0.269494,-0.0984952,0.0629275,0.143639,0.170999,0.685237
06520,06,2079.76,2079.76,72.1342,4.27853,37.0881,0.399012,residential,False,0.480053,False,430.764,254.991,172.58,165.566,218.666,207.759,441.702,0.235215,0.0430108,0.255376,-0.260753,-0.129032,0.0900538,0.139785,0.13172,0.691882
06521,06,1468.98,1468.98,107.904,4.68124,34.7914,0.533872,residential,False,0.659232,False,671.872,410.851,134.987,74.9181,154.139,568.202,645.998,0.169312,0.0489418,0.292328,-0.21164,-0.0648148,0.116402,0.133598,0.146825,0.76494
06522,06,1449.35,1449.35,179.99,5.1929,35.611,0.527084,residential,False,0.128174,False,547.948,174.804,99.0446,77.7681,88.6725,338.712,711.441,0.205357,0.0431548,0.169643,-0.0372024,0.110119,0.0654762,0.272321,0.147321,0.662162
06523,06,1338.63,1338.63,69.2491,4.23771,34.3564,0.552367,residential,False,0.461865,False,572.494,237.771,103.869,63.0293,279.581,560.398,282.617,0.196051,0.0437236,0.232722,-0.122708,0.00846262,0.117066,0.188999,0.131171,0.70068
06524,06,1379.44,1367.44,44.1539,3.78768,34.9682,0.530201,residential,False,0.572486,False,308.86,308.451,171.386,243.166,186.319,358.533,451.48,0.0958386,0.0176545,0.373266,-0.186633,-0.0176545,0.189155,0.0933165,0.168979,0.844937
06525,06,1582.53,1582.53,160.486,5.07821,33.8648,0.586114,residential,False,-0.493259,False,500.075,101.62,148.772,38.8353,138.306,130.819,128.161,0.165075,0.0491132,0.26603,-0.144611,0.00818554,0.0900409,0.196453,0.152797,0.689591
06526,06,1283.6,1283.6,155.782,5.04846,34.8414,0.499329,residential,False,-0.293756,False,328.574,70.809,140.703,79.3568,277.206,51.7371,269.867,0.179229,0.0569514,0.237856,-0.110553,0.0284757,0.0871022,0.21943,0.139028,0.658696
06527,06,1566,1566,176.644,5.17414,34.1835,0.472486,residential,False,0.0789234,False,405.645,97.9619,179.652,84.3395,304.851,93.853,355.1,0.15942,0.0447958,0.177866,0.030303,0.14888,0.126482,0.241107,0.118577,0.737452
06528,06,1170.24,1022.24,93.4842,4.53779,34.3356,0.532615,residential,False,0.592694,False,345.71,113.654,95.4472,250.641,364.935,319.965,583.276,0.149485,0.0141753,0.319588,-0.194588,-0.0373711,0.152062,0.122423,0.157216,0.8506
06529,06,1274.07,1274.07,51.9726,3.95072,34.1963,0.593909,residential,False,0.504456,False,372.814,279.218,210.922,258.896,202.499,212.449,360.629,0.0941476,0.0203562,0.366412,-0.185751,-0.0368957,0.155216,0.119593,0.148855,0.856061
06601,06,1405.03,1405.03,40.2397,3.69486,29.78,0.687455,residential,False,1.0905,False,257.826,556.743,367.12,284.122,412.109,254.461,617.185,0.106045,0.0137858,0.314952,-0.0869565,0.078473,0.219512,0.114528,0.165429,0.877665
06602,06,1421.58,1421.58,98.9201,4.59431,31.6545,0.6066,residential,False,0.923972,False,454.894,549.939,183.886,346.196,342.613,234,372.674,0.05131,0.0152838,0.24345,0.15393,0.326419,0.293668,0.155022,0.172489,0.893514
06603,06,1424.32,1424.32,89.7227,4.49672,32.3884,0.646852,residential,False,0.743939,False,729.117,226.225,316.207,97.6103,311.862,284.497,417.506,0.109175,0.0545877,0.28223,-0.0615563,0.068525,0.159117,0.170732,0.130081,0.831731
06604,06,1620.72,1620.72,36.0034,3.58361,30.8452,0.656211,residential,False,1.02781,False,936.196,380.589,138.718,330.461,179.538,394.596,897.812,0.120585,0.0207065,0.521315,-0.489647,-0.395859,0.0791717,0.0730816,0.0937881,0.76639
06605,06,1527,1527,30.6853,3.42378,33.0317,0.627361,residential,False,0.75764,False,667.043,303.571,139.978,336.886,202.151,208.892,652.335,0.0638298,0.00744681,0.524468,-0.37766,-0.289362,0.158511,0.0521277,0.0882979,0.870046
06606,06,1473.53,1455.53,34.0283,3.52719,30.6508,0.640311,residential,False,0.975129,False,663.81,487.457,113.715,325.088,212.014,414.662,674.096,0.105386,0.0175644,0.518735,-0.476581,-0.374707,0.0936768,0.0538642,0.101874,0.820096
06607,06,1503.99,1503.99,23.3404,3.15018,34.4272,0.529542,residential,False,0.81526,False,443.467,383.712,180.691,361.534,187.591,492.22,423.676,0.0448065,0.00814664,0.46334,-0.242363,-0.113035,0.173116,0.092668,0.129328,0.873675
06608,06,1413.66,1413.66,57.6847,4.05499,34.2637,0.579153,residential,False,0.706246,False,336.011,327.258,192.757,355.988,149.253,658.948,414.022,0.0724324,0.0205405,0.341622,-0.0875676,0.0464865,0.215135,0.111351,0.134054,0.85386
06609,06,1724,1724,39.656,3.68024,34.7585,0.558306,residential,False,0.491274,False,396.224,253.945,143.083,182.871,161.548,455.754,427.438,0.0832342,0.020214,0.413793,-0.249703,-0.124851,0.151011,0.0963139,0.124851,0.803605
06610,06,1637.46,1637.46,81.6291,4.40219,35.6309,0.504594,residential,False,-0.137269,False,312.935,113.169,157.079,82.7391,156.823,175.562,282.979,0.131395,0.0465116,0.319767,-0.174419,-0.0639535,0.139535,0.137209,0.110465,0.817073
06611,06,1487.42,1487.42,107.175,4.67447,34.2932,0.539605,residential,False,0.327399,False,268.99,395.483,99.8962,111.377,213.896,240.99,414.965,0.0763098,0.0250569,0.28246,0.00797267,0.157175,0.179954,0.186788,0.149203,0.821727
06612,06,1348.51,1348.51,69.4294,4.24031,31.2405,0.640517,residential,False,1.03522,False,400.619,380.337,324.774,367.124,269.027,520.857,436.808,0.0809899,0.0112486,0.241845,0.0708661,0.258718,0.268841,0.124859,0.187852,0.839402
06613,06,1362.46,1362.46,120.542,4.792,34.7973,0.520863,residential,False,0.385208,False,258.52,191.382,402.46,257.721,145.311,432.323,243.799,0.142186,0.0364277,0.184489,0.0376028,0.219741,0.155112,0.209166,0.182139,0.802054
06614,06,1331.32,1313.32,40.2745,3.69572,32.3358,0.627029,residential,False,0.262317,False,281.654,380.562,108.724,242.63,187.906,125.409,358.977,0.116306,0.0159635,0.279361,-0.04561,0.0969213,0.199544,0.150513,0.142531,0.837143
06615,06,1300,1300,73.1964,4.29315,33.7947,0.62487,residential,False,0.549944,False,364.428,309.03,122.647,390.637,140.885,513.273,356.219,0.0591581,0.0261661,0.294653,0.0409556,0.187713,0.269625,0.125142,0.146758,0.868756
06616,06,1344.83,1344.83,69.3746,4.23952,32.6595,0.635507,residential,False,0.800189,False,362.704,502.675,107.346,243.721,224.09,561.667,478.298,0.0916115,0.0198675,0.302428,-0.0507726,0.112583,0.219647,0.12362,0.163355,0.857815
06617,06,1438.55,1432.55,46.2175,3.83336,33.425,0.619014,residential,False,0.530911,False,383.38,275.975,181.377,216.167,132.039,586.545,403.566,0.0690476,0.00714286,0.480952,-0.302381,-0.179762,0.139286,0.108333,0.122619,0.830724
06618,06,1577.91,1577.91,33.5125,3.51192,34.6254,0.601125,residential,False,0.790763,False,613.645,327.592,124.108,210.971,301.905,279.266,488.488,0.0693277,0.012605,0.481092,-0.307773,-0.196429,0.14916,0.0934874,0.111345,0.8859
06619,06,1454,1454,60.7695,4.10709,35.081,0.541537,residential,False,0.438608,False,366.964,309.259,116.462,369.686,230.64,298.785,179.669,0.0606742,0.0134831,0.342697,-0.0573034,0.1,0.237079,0.108989,0.157303,0.870406
06620,06,1384,1384,101.735,4.62237,35.4503,0.536923,residential,False,0.34154,False,271.692,186.921,354.508,197.902,197.275,284.842,233.531,0.0858525,0.0266022,0.420798,-0.276904,-0.108827,0.106409,0.123337,0.168077,0.79368
06621,06,1622.07,1622.07,71.1532,4.26483,32.7106,0.614789,residential,False,0.461226,False,301.659,294.7,245.223,249.59,198.676,245.492,291.919,0.0813953,0.0221987,0.341438,-0.120507,0.05074,0.19556,0.106765,0.171247,0.877778
06622,06,1430.74,1424.74,60.4786,4.10229,33.1676,0.567145,residential,False,0.729814,False,599.06,544.723,136.711,351.678,140.297,226.758,622.61,0.0696903,0.0265487,0.290929,-0.0132743,0.155973,0.193584,0.153761,0.169248,0.849906
06623,06,1732.86,1732.86,82.0419,4.40723,35.1978,0.453867,residential,False,-0.375633,False,124.611,212.303,240.685,122.294,128.697,158.984,112.86,0.0930788,0.0310263,0.278043,-0.0405728,0.124105,0.175418,0.155131,0.164678,0.773723
06624,06,1486.66,1486.66,122.027,4.80424,34.609,0.559354,residential,False,0.304129,False,261.929,394.152,176.489,167.416,145.964,337.367,268.072,0.0990099,0.0247525,0.248762,0.0383663,0.193069,0.17698,0.209158,0.154703,0.777251
06625,06,1438.11,1438.11,147.034,4.99066,34.8654,0.550803,residential,False,-0.562357,False,469.859,148.385,23.9786,172.329,84.3195,408.863,66.8526,0.0938586,0.0463499,0.254925,-0.0150637,0.152955,0.163384,0.170336,0.168019,0.80385
06626,06,1508.65,1508.65,170.744,5.14017,36.0132,0.539047,residential,False,-0.153862,False,350.929,158.624,51.211,131.928,122.342,605.431,137.863,0.128451,0.0252101,0.189676,0.0816327,0.235294,0.196879,0.202881,0.153661,0.770073
06627,06,1617.08,1617.08,129.638,4.86474,36.1401,0.502723,residential,False,0.422835,False,727.282,137.717,98.6398,101.42,170.322,843.595,340.411,0.11573,0.0292135,0.331461,-0.161798,-0.0280899,0.155056,0.130337,0.133708,0.824497
06628,06,1464.65,1464.65,157.579,5.05993,35.9156,0.558883,residential,False,0.208383,False,577.304,252.852,59.0545,109.693,146.526,588.884,227.8,0.125576,0.0403226,0.235023,-0.0195853,0.131336,0.164747,0.176267,0.150922,0.806985
06629,06,1395.82,1395.82,69.4846,4.2411,34.5096,0.614911,residential,False,0.726564,False,566.132,389.353,159.763,157.645,237.23,368.739,412.116,0.0919283,0.0224215,0.309417,-0.0784753,0.0952915,0.200673,0.122197,0.173767,0.828704
06630,06,1618,1618,81.1947,4.39685,34.7513,0.548675,residential,False,0.171373,False,236.145,430.828,225.231,194.665,122.256,178.306,266.261,0.117576,0.0327273,0.338182,-0.150303,-0.0193939,0.157576,0.147879,0.130909,0.772727
06701,06,1411.27,1365.25,29.189,3.37379,30.4611,0.682747,residential,False,1.67581,False,975.922,628.444,671.75,369.946,207.838,974.38,1065.43,0.131034,0.0126437,0.378161,-0.256322,-0.133333,0.171264,0.0816092,0.122989,0.810811
06702,06,1471.83,1471.83,49.2035,3.89597,32.3564,0.601414,residential,False,1.0723,False,253.232,406.078,1478.74,527.344,149.501,428.98,581.442,0.0931478,0.012848,0.382227,-0.174518,-0.0513919,0.183084,0.117773,0.123126,0.84991
06703,06,1515.3,1496.41,36.4051,3.59471,32.6105,0.605527,residential,False,1.15514,False,297.153,319.934,1275.37,716.753,220.783,336.725,528.752,0.0831557,0.0117271,0.415778,-0.250533,-0.128998,0.164179,0.0842217,0.121535,0.854562
06704,06,1464.6,1460.51,29.9818,3.40059,31.1717,0.661146,residential,False,1.23805,False,190.279,881.482,448.16,888.37,233.376,913.183,316.198,0.100571,0.0251429,0.425143,-0.285714,-0.181714,0.142857,0.0971429,0.104,0.824299
06705,06,1432,1432,46.7556,3.84493,31.6033,0.649422,residential,False,1.21849,False,308.827,803.586,363.289,614.101,269.198,858.444,265.828,0.0971751,0.0169492,0.428249,-0.297175,-0.171751,0.152542,0.0757062,0.125424,0.80961
06706,06,1975.07,1876.54,30.0632,3.4033,30.3631,0.681848,residential,False,1.34596,False,923.672,1460.49,258.55,357.855,163.979,352.478,892.351,0.108481,0.0138067,0.41716,-0.303748,-0.17357,0.154832,0.0670611,0.130178,0.79086
06707,06,1618.5,1609.7,34.0821,3.52877,30.7951,0.676249,residential,False,1.54082,False,1017.32,1072.34,431.774,544.786,219.661,290.869,965.105,0.10289,0.0208092,0.349133,-0.158382,-0.017341,0.174566,0.119075,0.14104,0.793636
06708,06,1845.04,1787.65,34.8641,3.55146,29.6314,0.706235,residential,False,1.55617,False,447.265,803.353,429.916,932.05,243.337,942.171,571.108,0.10533,0.0215736,0.31599,-0.0989848,0.0444162,0.185279,0.137056,0.143401,0.764875
06709,06,1414.43,1408.44,48.6134,3.8839,31.8875,0.622233,residential,False,0.719355,False,307.906,195.329,146.886,257.229,317.686,624.598,364.645,0.0618997,0.0128068,0.454642,-0.27428,-0.137673,0.170758,0.0715048,0.136606,0.857013
06710,06,1444.72,1444.72,38.5877,3.65293,30.5651,0.666501,residential,False,1.03431,False,484.655,632.779,115.485,228.282,530.188,201.61,531.48,0.0872845,0.00862069,0.434267,-0.239224,-0.133621,0.202586,0.0797414,0.105603,0.858326
06711,06,1460.57,1460.57,37.215,3.61671,30.9641,0.653551,residential,False,0.534944,False,195.345,601.18,201.152,257.168,213.815,278.518,283.807,0.06639,0.0134855,0.406639,-0.195021,-0.0591286,0.186722,0.0912863,0.135892,0.865419
06712,06,1303.08,1285.08,42.9977,3.76115,33.3122,0.608154,residential,False,0.978998,False,463.338,589.055,148.53,236.594,242.291,449.776,638.654,0.0730337,0.0123596,0.421348,-0.233708,-0.101124,0.170787,0.0898876,0.132584,0.8551
06713,06,1426.98,1426.98,48.4121,3.87975,30.8654,0.63124,residential,False,0.582058,False,263.326,174.046,211.59,450.127,167.749,499.688,430.07,0.0753045,0.0177187,0.431894,-0.246955,-0.120709,0.169435,0.0908084,0.126246,0.871992
06714,06,1399.88,1399.88,52.3037,3.95707,31.7533,0.623608,residential,False,0.615148,False,349.748,163.132,228.99,222.027,365.992,425.588,228.661,0.0684327,0.0209713,0.403974,-0.214128,-0.0596026,0.16777,0.0905077,0.154525,0.859168
06715,06,1373.05,1373.05,62.6836,4.1381,32.1268,0.607939,residential,False,0.377626,False,193.914,236.581,140.386,249.735,136.013,458.574,535.993,0.0926143,0.0257913,0.330598,-0.143025,0.0304807,0.167644,0.112544,0.173505,0.819734
06716,06,1448.47,1448.47,61.1891,4.11397,31.2283,0.637518,residential,False,0.338583,False,233.426,207.11,187.317,157.671,194.827,299.23,418.05,0.0957563,0.0163221,0.347116,-0.113166,0.0108814,0.214363,0.115343,0.124048,0.860465
06717,06,1481.32,1481.32,42.3413,3.74576,31.5477,0.664908,residential,False,0.807198,False,306.588,235.521,284.501,516.879,194.082,368.508,584.952,0.0700309,0.0133883,0.474768,-0.315139,-0.194645,0.15242,0.07724,0.120494,0.884268
06718,06,1439.36,1439.36,42.6729,3.75357,31.3952,0.65804,residential,False,0.687301,False,346.595,296.585,65.5557,343.091,307.93,380.555,444.693,0.0664557,0.00949367,0.42616,-0.223629,-0.0833333,0.185654,0.0833333,0.140295,0.869882
06719,06,1445.61,1439.31,43.42,3.77092,31.5805,0.678806,residential,False,0.89024,False,295.547,420.039,200.443,513.156,184.833,542.026,518.874,0.104784,0.0113895,0.370159,-0.187927,-0.0432802,0.167426,0.11959,0.144647,0.815328
06720,06,1262.8,1262.8,41.0502,3.7148,30.9474,0.61972,residential,False,1.13775,False,207.286,226.283,407.256,256.025,348.765,670.628,1091.06,0.134518,0.0152284,0.354061,-0.239848,-0.0862944,0.154822,0.0939086,0.153553,0.840212
06721,06,1248.03,1236.03,88.8455,4.4869,31.6945,0.596618,residential,False,0.604389,False,423.753,249.658,152.3,220.946,245.788,299.772,417.453,0.0785071,0.016731,0.285714,-0.029601,0.163449,0.199485,0.135135,0.19305,0.858397
06722,06,1789.15,1783.15,76.5569,4.33803,34.0738,0.524803,residential,False,-0.0700845,False,238.178,81.4712,130.819,203.165,182.857,238.864,225.58,0.0930233,0.0136799,0.255814,0.0465116,0.201094,0.220246,0.175103,0.154583,0.831638
06723,06,1343,1343,95.9989,4.56434,33.6177,0.526736,residential,False,0.249352,False,411.474,211.277,158.505,80.9069,124.246,264.867,683.55,0.107232,0.0286783,0.250623,-0.042394,0.145885,0.154613,0.160848,0.188279,0.837281
06724,06,1673.92,1664.92,38.4242,3.64869,33.1942,0.574956,residential,False,1.01907,False,663.056,414.735,181.442,299.558,194.663,495.197,711.233,0.0973154,0.0234899,0.372483,-0.186801,-0.0514541,0.180089,0.102908,0.135347,0.830258
06725,06,1574.33,1574.33,58.5911,4.07058,34.6816,0.5142,residential,False,0.464504,False,535.791,176.057,182.523,131.248,217.014,203.448,547.862,0.0901001,0.0189099,0.278087,-0.0155729,0.140156,0.197998,0.154616,0.155729,0.827996
06726,06,1490.34,1490.34,64.6022,4.16825,34.3005,0.566894,residential,False,0.517004,False,338.507,506.701,188.933,391.916,98.7475,350.799,387.239,0.0914573,0.0150754,0.240201,0.0582915,0.21809,0.224121,0.165829,0.159799,0.864421
06727,06,1474.02,1474.02,86.1906,4.45656,34.3682,0.586423,residential,False,0.416987,False,298.111,286,167.146,167.623,233.616,172.595,449.817,0.136804,0.0423729,0.305085,-0.213075,-0.0169492,0.100484,0.128329,0.196126,0.799618
06728,06,1389.3,1389.3,44.8359,3.80301,35.1645,0.552977,residential,False,0.554477,False,424.201,363.737,90.2637,203.003,169.882,335.159,584.974,0.146259,0.0238095,0.35034,-0.239229,-0.103175,0.165533,0.0918367,0.136054,0.834888
07101,07,1950.96,1950.96,184.839,5.21948,36.9969,0.198105,residential,False,0.152926,False,65.769,178.228,503.685,356.095,151.125,421.576,203.189,0.132281,0.0658335,0.273795,-0.0967416,0.0333391,0.124841,0.184494,0.130081,0.600554
07102,07,1693.68,1693.68,188.024,5.23657,36.3081,0.28561,residential,False,0.213542,False,100.598,343.644,452.226,319.711,128.034,299.984,210.828,0.124388,0.0438924,0.243734,-0.00013787,0.133964,0.175246,0.192738,0.134102,0.685931
07103,07,2227.27,2227.27,318.566,5.76383,37.1301,0.339699,residential,False,-0.178802,False,183.092,276.976,341.293,57.8459,154.261,245.297,107.039,0.0898447,0.0866324,0.188453,0.158382,0.29015,0.115295,0.321384,0.131768,0.637048
07104,07,1361,1361,242.45,5.4908,37.6425,0.263383,residential,False,-0.220935,False,55.6605,229.133,435.893,63.4901,197.784,303.215,130.566,0.0859659,0.0364603,0.165796,0.24445,0.390644,0.206784,0.289428,0.146193,0.763976
07105,07,1850,1850,245.062,5.50151,36.872,0.381875,residential,False,-0.583068,False,101.38,155.704,250.433,111.409,101.926,87.517,177.126,0.0818711,0.0298192,0.271638,0.0343739,0.185195,0.176194,0.211689,0.150821,0.741753
07106,07,1706,1706,301.858,5.70996,36.4618,0.394533,residential,False,0.0270643,False,108.128,113.797,237.166,269.452,235.415,147.484,283.557,0.0789885,0.0266062,0.244199,0.08672,0.241021,0.219655,0.190252,0.154301,0.827346
07107,07,1421.93,1421.93,368.576,5.90965,38.0239,0.295047,residential,False,0.0533707,False,111.881,154.891,187.378,288.654,178.297,276.272,237.539,0.0464975,0.0325668,0.27092,0.131322,0.269566,0.257902,0.190838,0.138243,0.841234
07108,07,1477,1477,341.366,5.83295,36.4801,0.372576,residential,False,-0.64329,False,164.919,127.462,112.012,99.8796,122.642,135.409,103.564,0.0787325,0.0463578,0.2222,0.130857,0.275539,0.177299,0.254491,0.144682,0.77214
07109,07,1596,1596,290.665,5.67217,38.3646,0.331322,residential,False,-0.20683,False,121.132,196.072,305.803,207.953,137.536,200.818,109.19,0.0612985,0.0254392,0.18943,0.270157,0.41237,0.259923,0.260962,0.142213,0.785362
07110,07,1369,1369,235.131,5.46014,37.0071,0.412929,residential,False,-0.293092,False,235.34,123.699,217.855,120.607,151.446,90.4547,197.844,0.0683803,0.0291252,0.154957,0.316969,0.460851,0.273628,0.266679,0.143882,0.807239
07111,07,1402,1402,395.365,5.97981,37.8508,0.316288,residential,False,0.0168585,False,69.7664,295.507,178.578,202.044,245.329,178.694,209.911,0.0629685,0.0290964,0.157162,0.346418,0.469795,0.276468,0.290081,0.123377,0.792866
07112,07,1680,1680,399.782,5.99092,36.7278,0.384798,residential,False,-0.040104,False,102.581,230.112,195.701,146.515,203.375,211.353,201.473,0.0703586,0.0609537,0.14361,0.312041,0.419984,0.186387,0.339622,0.107943,0.69902
07113,07,2264.14,2264.14,302.359,5.71162,36.8534,0.371062,residential,False,-0.675756,False,151.46,76.8491,101.457,56.5443,145.634,167.573,151.889,0.11088,0.0552527,0.179963,0.160389,0.288298,0.156898,0.294333,0.127909,0.738719
07114,07,2543.97,2543.97,276.364,5.62172,37.1111,0.385621,residential,False,-0.63671,False,127.981,162.005,201.56,85.0502,98.7041,213.421,78.0683,0.0679487,0.0589744,0.10641,0.438462,0.533333,0.169231,0.44359,0.0948718,0.685764
07115,07,1886.8,1826.84,310.687,5.73879,35.6861,0.465167,residential,False,-0.483569,False,232.654,135.245,57.8827,61.7719,168.699,144.244,182.134,0.075,0.0592105,0.0947368,0.385526,0.526316,0.15,0.405263,0.140789,0.691403
07116,07,2350.79,2350.76,295.633,5.68912,36.8085,0.416567,residential,False,-0.45042,False,141.15,139.108,150.171,146.647,124.706,199.719,109.103,0.0896226,0.0495283,0.0648585,0.474057,0.588443,0.192217,0.436321,0.114387,0.716681
07117,07,2168,2168,276.525,5.6223,37.1914,0.341439,residential,False,-0.840964,False,262.154,53.6623,57.6038,28.4736,142.158,130.804,191.206,0.0461221,0.0640137,0.126458,0.430038,0.539572,0.171978,0.43064,0.109534,0.683144
07118,07,1449,1449,289.718,5.66891,36.4796,0.406233,residential,False,-0.282517,False,136.023,145.086,115.69,117.641,186.775,100.752,293.452,0.0553606,0.0296912,0.157901,0.303954,0.48528,0.252729,0.264487,0.181326,0.825018
07119,07,1549,1549,418.26,6.0361,36.6128,0.36679,residential,False,-0.432713,False,119.214,55.7734,173.61,109.289,251.822,149.711,142.628,0.053101,0.0379152,0.134986,0.387906,0.517252,0.276511,0.299482,0.129346,0.828484
07120,07,1721,1721,390.716,5.96798,35.928,0.404313,residential,False,-0.451882,False,216.65,143.488,225.26,80.2332,113.525,79.9994,215.246,0.0461537,0.0190529,0.199973,0.295077,0.410366,0.269322,0.271882,0.115289,0.841931
07121,07,1654,1654,353.951,5.86916,35.66,0.381551,residential,False,-0.48989,False,132.195,185.186,184.636,98.8493,113.076,159.428,124.852,0.0819257,0.0285926,0.198213,0.176981,0.331211,0.20731,0.24981,0.15423,0.784175
07122,07,1512,1512,341.623,5.83371,36.2427,0.435028,residential,False,-0.714566,False,182.667,97.0474,191.278,75.961,124.23,57.1609,152.637,0.0917507,0.0419006,0.174896,0.212483,0.348622,0.191289,0.28784,0.136139,0.769733
07123,07,1375.97,1375.97,286.244,5.65685,37.3682,0.452833,residential,False,0.0189267,False,188.362,156.357,271.777,154.952,166.072,171.455,267.875,0.0981979,0.0451467,0.215696,0.0988537,0.25385,0.181647,0.231101,0.154996,0.791939
07124,07,1504,1504,313.384,5.74743,36.7334,0.429675,residential,False,0.00885988,False,284.782,111.54,126.115,63.2764,294.814,242.226,235.071,0.0600684,0.0211148,0.21476,0.202535,0.353566,0.250715,0.226648,0.151032,0.823632
07125,07,1570.75,1570.75,300.298,5.70477,37.3287,0.361318,residential,False,-0.385611,False,99.6883,140.925,90.8801,104.21,156.612,204.322,232.767,0.0857666,0.026255,0.196039,0.193543,0.330152,0.227951,0.247398,0.136609,0.822395
07126,07,1767,1767,365.382,5.90094,36.9117,0.357203,residential,False,-0.307871,False,177.026,90.3579,187.906,163.269,154.24,210.447,130.412,0.0918162,0.0354443,0.172012,0.211024,0.367494,0.208216,0.266636,0.156471,0.768411
07127,07,1580,1580,378.573,5.93641,36.7296,0.362314,residential,False,-0.946947,False,87.9084,101.89,63.1656,84.8875,117.479,78.8527,161.075,0.0360867,0.0152716,0.184514,0.312987,0.494633,0.272189,0.261399,0.181646,0.868799
07128,07,1372,1372,346.492,5.84786,36.7737,0.311913,residential,False,-0.549084,False,216.312,112.449,138.22,96.3909,154.095,76.3154,139.176,0.0412059,0.0373194,0.145152,0.372503,0.517335,0.270957,0.287904,0.144831,0.834364
07129,07,1142,1142,308.176,5.73067,37.3227,0.287963,residential,False,-0.880305,False,74.6496,51.9373,60.6968,80.1731,164.488,182.677,135.506,0.0413411,0.0216813,0.111493,0.456928,0.592002,0.271916,0.337846,0.135075,0.838745
07130,07,1704,1704,308.865,5.73291,36.9675,0.384463,residential,False,-0.503207,False,122.639,73.0862,106.307,75.4152,182.222,268.945,147.834,0.0365617,0.0361967,0.126128,0.464743,0.582445,0.288938,0.338495,0.117702,0.795029
07131,07,1912,1912,336.99,5.82005,36.063,0.313283,residential,False,-0.887433,False,109.021,108.004,48.1313,163.282,124.638,61.39,138.69,0.0620474,0.0517227,0.142946,0.330612,0.459885,0.23132,0.304286,0.129273,0.782134
07132,07,2076,2076,443.293,6.09423,37.2558,0.399618,residential,False,-0.663714,False,134.038,144.884,137.645,152.691,156.024,36.9142,135.071,0.0566038,0.0566038,0.0955975,0.514465,0.598742,0.207547,0.459119,0.0842767,0.73382
07133,07,1939.67,1939.67,447.623,6.10395,37.1068,0.354678,residential,False,-0.471796,False,107.24,165.067,239.813,59.984,94.612,216.403,214.236,0.0383783,0.0383783,0.073469,0.562607,0.67208,0.26472,0.409734,0.109473,0.749547
07134,07,1629.24,1629.24,268.951,5.59453,35.8222,0.354932,residential,False,-0.283039,False,306.869,148.873,105.065,84.1221,156.115,365.696,86.85,0.0343893,0.0281741,0.0970826,0.505908,0.626192,0.272186,0.365193,0.120284,0.798726
07201,07,1545.92,1545.92,430.374,6.06465,37.4346,0.295756,residential,False,-0.422188,False,55.013,84.4932,182.288,177.123,146.454,349.499,153.951,0.0611791,0.025584,0.235818,0.16574,0.319244,0.241379,0.221357,0.153504,0.820746
07202,07,1568,1568,330.499,5.8006,36.4025,0.377365,residential,False,-0.00040596,False,176.676,102.279,122.273,269.568,203.176,295.411,196.147,0.0955556,0.0333333,0.198889,0.168889,0.31,0.217778,0.245556,0.141111,0.789336
07203,07,1375,1375,450.514,6.11039,37.3454,0.322074,residential,False,-0.21829,False,104.223,133.737,164.061,172.301,148.248,383.793,144.036,0.0752784,0.0473349,0.177208,0.233492,0.377983,0.235084,0.250895,0.144491,0.789821
07204,07,1581,1581,386.512,5.95716,36.9535,0.28806,residential,False,-0.619699,False,52.3465,125.028,120.32,98.8332,123.459,171.5,236.37,0.0779421,0.0130852,0.19327,0.217003,0.383127,0.252682,0.235533,0.166125,0.846358
07205,07,1271,1271,322.188,5.77513,37.7992,0.274855,residential,False,-0.346364,False,98.9714,125.761,102.827,81.9516,201.091,166.873,269.945,0.0357011,0.0287741,0.141258,0.413085,0.567312,0.310994,0.27905,0.154227,0.87621
07206,07,1534,1534,418.541,6.03677,38.1631,0.332581,residential,False,-0.0250581,False,166.956,272.112,97.161,132.555,171.18,162.203,339.199,0.0455302,0.0218203,0.150365,0.368962,0.528385,0.280183,0.284675,0.159422,0.817656
07207,07,1143,1143,405.507,6.00514,37.9584,0.279731,residential,False,-0.505809,False,80.324,78.255,121.081,86.8863,229.582,99.3465,266.034,0.0345282,0.0186869,0.151108,0.378749,0.55415,0.310031,0.254354,0.175401,0.860994
07208,07,1380,1380,315.175,5.75313,38.7918,0.189459,residential,False,-0.560909,False,115.241,187.248,206.096,221.27,145.764,52.5484,93.1426,0.0449602,0.0260341,0.132099,0.431245,0.560759,0.280703,0.327602,0.129514,0.807707
07209,07,1633.43,1633.43,263.309,5.57333,37.1675,0.355809,residential,False,-0.452774,False,161.004,84.457,130.845,94.1855,125.975,272.685,165.941,0.0414263,0.0387232,0.140241,0.380146,0.533136,0.254934,0.306879,0.15299,0.674987
07210,07,1450.57,1450.57,463.316,6.13841,37.1532,0.325714,residential,False,-0.390506,False,136.268,97.5498,67.4434,166.66,96.532,310.32,300.41,0.0732251,0.0276796,0.182521,0.239662,0.387188,0.245482,0.249926,0.147527,0.798761
07211,07,2098,2098,269.787,5.59763,36.5392,0.373389,residential,False,-0.0768624,False,106.297,224.425,117.669,247.436,179.444,103.968,357.919,0.0863403,0.025421,0.216966,0.149266,0.288285,0.201877,0.250695,0.13902,0.791614
07212,07,1614,1614,478.806,6.1713,37.808,0.274182,residential,False,-0.331839,False,117.982,109.338,169.124,198.081,65.7525,342.224,314.492,0.0562384,0.044455,0.121464,0.398669,0.526086,0.206547,0.369825,0.127417,0.731207
07213,07,1457.98,1457.98,319.901,5.76801,38.7595,0.279756,residential,False,-0.0121145,False,262.984,68.1792,273.818,219.06,134.371,397.298,186.256,0.0669056,0.0273462,0.118565,0.407549,0.541911,0.221851,0.371168,0.134363,0.802296
07214,07,1475,1475,532.447,6.27748,38.7833,0.199077,residential,False,-0.0839559,False,232.192,60.8153,313.925,204.162,123.421,477.494,157.466,0.0558051,0.0235285,0.113886,0.444665,0.564876,0.252891,0.361466,0.120211,0.813823
07215,07,2125,2125,279.877,5.63435,37.4798,0.301402,residential,False,-0.677187,False,113.714,80.7146,111.241,71.4485,129,318.698,102.954,0.103253,0.0608204,0.0990099,0.325318,0.463932,0.115983,0.411598,0.138614,0.635721
07216,07,1891.15,1891.15,388.449,5.96216,36.7375,0.260745,residential,False,-0.280095,False,210.772,103.705,121.956,130.498,233.471,84.7337,201.062,0.0654102,0.018847,0.0931264,0.493348,0.603104,0.216186,0.435698,0.109756,0.772379
07217,07,1769.49,1769.28,322.829,5.77712,37.7242,0.284231,residential,False,-0.516126,False,129.518,173.385,190.744,162.32,131.338,125.55,80.5843,0.0464535,0.0456073,0.093113,0.499528,0.626006,0.227275,0.41182,0.126477,0.716634
07218,07,1854.24,1788.45,392.366,5.9722,36.9793,0.242937,residential,False,-0.610174,False,153.068,98.066,222.59,48.3252,115.658,331.991,86.4557,0.0407041,0.0264026,0.0781078,0.553355,0.691969,0.311331,0.360836,0.138614,0.801754
07219,07,1533,1533,472.638,6.15833,37.4734,0.277178,residential,False,-0.204852,False,146.691,105.105,171.445,130.744,135.389,319.009,221.071,0.042048,0.0223082,0.0835642,0.515346,0.651782,0.254729,0.386229,0.136436,0.830735
07220,07,1373.77,1366.57,357.652,5.87956,35.721,0.352586,residential,False,0.112623,False,387.265,63.7202,126.152,113.851,357.884,144.654,336.847,0.03852,0.0266551,0.0843606,0.541478,0.662591,0.276812,0.387547,0.121112,0.834902
07221,07,1770.53,1746.73,269.286,5.59577,37.6027,0.35728,residential,False,-0.22653,False,345.967,71.4253,241.426,71.2178,168.435,169.72,203.414,0.0444068,0.0254989,0.104476,0.475658,0.611707,0.283944,0.340596,0.13605,0.83204
07222,07,1360,1360,496.429,6.20744,36.5786,0.296609,residential,False,-0.278725,False,210.463,87.732,400.038,91.9242,174.523,114.411,166.173,0.0440971,0.0406277,0.09926,0.50182,0.618901,0.273629,0.371548,0.117082,0.804265
07223,07,1424,1424,525.518,6.26438,37.64,0.201014,residential,False,-0.85765,False,71.7603,101.193,218.811,73.527,111.662,130.582,97.754,0.0409004,0.0319235,0.0900852,0.50262,0.640198,0.285072,0.348534,0.137577,0.852909
07224,07,1359.85,1359.85,493.618,6.20176,37.3487,0.312503,residential,False,-0.825508,False,105.97,134.883,102.844,65.7899,67.1144,225.705,152.309,0.0413226,0.0414282,0.109583,0.479022,0.606139,0.302432,0.327496,0.127117,0.823508
07225,07,1494.27,1494.27,539.985,6.29154,36.6517,0.326362,residential,False,-0.445939,False,223.641,68.2217,54.0228,80.0811,145.114,201.016,319.772,0.0473683,0.0317935,0.0965242,0.501458,0.631223,0.32384,0.32151,0.129765,0.841329
07226,07,1436,1436,442.284,6.09195,37.1185,0.311814,residential,False,-0.464999,False,379.989,35.1921,74.9667,78.1359,92.278,204.979,518.061,0.0500522,0.0269921,0.0790052,0.511505,0.648416,0.279745,0.360817,0.136911,0.819696
07227,07,1667.63,1569.63,126.437,4.83974,37.2994,0.327124,residential,False,-0.285753,False,177.745,116.363,161.154,97.9868,124.2,163.057,314.683,0.040212,0.0315483,0.0964635,0.497608,0.621522,0.275864,0.358419,0.123914,0.82085
07228,07,1417.1,1417.1,347.297,5.85018,35.4222,0.493868,residential,False,-0.0276516,False,541.499,239.822,169.656,94.42,100.488,391.44,130.686,0.156403,0.0593178,0.134937,0.126548,0.278148,0.129334,0.288554,0.1516,0.632966
07229,07,1611.31,1611.31,292.645,5.67896,34.8987,0.45819,residential,False,-0.0423065,False,408.334,134.301,155.271,71.3224,153.38,330.805,198.788,0.121242,0.0438811,0.168378,0.136832,0.283825,0.156751,0.269701,0.146994,0.736216
07230,07,1798.69,1798.69,90.7807,4.50845,36.5634,0.478184,residential,False,0.288758,False,97.4576,296.639,167.924,142.485,293.988,211.406,435.036,0.122715,0.0469974,0.165796,0.185379,0.322454,0.180157,0.293734,0.137076,0.690116
07231,07,1867.37,1867.37,256.265,5.54621,38.2025,0.316241,residential,False,-0.261026,False,295.826,99.3814,94.4876,67.3659,137.5,231.78,305.092,0.0617133,0.0396752,0.0793888,0.455687,0.599363,0.235153,0.361636,0.143676,0.789442
07232,07,1539,1539,252.936,5.53314,38.4443,0.215205,residential,False,-0.46283,False,300.078,59.1056,72.3402,181.237,118.89,169.669,189.177,0.0480689,0.0332263,0.129676,0.425466,0.537071,0.228512,0.374698,0.111605,0.756422
07233,07,1394.48,1394.48,91.6983,4.5185,37.4338,0.306185,residential,False,-0.405551,False,198.909,134.913,122.419,157.883,113.805,82.2876,264.024,0.111952,0.0332717,0.154748,0.230634,0.38208,0.166939,0.330394,0.151446,0.751616
07234,07,1086,1086,187.584,5.23422,36.201,0.570071,residential,False,-0.365372,False,194.555,64.9884,115.471,29.6534,297.518,207.323,213.347,0.126577,0.076198,0.109947,0.26219,0.402693,0.130274,0.368441,0.140503,0.542899
07301,07,1568.79,1568.79,266.534,5.5855,36.0597,0.37445,residential,False,0.017769,False,145.952,103.181,219.306,281.084,148.979,184.937,386.4,0.0618798,0.0329625,0.17738,0.255268,0.420516,0.249158,0.24537,0.165248,0.843178
07302,07,1461.21,1461.21,332.083,5.80538,36.6703,0.371094,residential,False,-0.445512,False,100.372,67.1826,105.318,230.5,151.932,182.072,197.779,0.0608051,0.0226251,0.200535,0.215676,0.384191,0.251871,0.225145,0.168515,0.862558
07303,07,2431.54,2431.54,429.517,6.06266,35.9217,0.209085,residential,False,-0.439104,False,158.811,65.6463,161.792,199.265,186.645,105.591,137.179,0.0532565,0.0400498,0.176493,0.265668,0.421207,0.226602,0.268816,0.155539,0.73097
07304,07,1532,1532,313.138,5.74664,36.0724,0.351567,residential,False,-0.592666,False,36.4062,91.5715,165.313,132.256,141.014,217.018,205.528,0.0437414,0.0179063,0.18082,0.302157,0.457632,0.298441,0.228278,0.155475,0.862266
07305,07,1739,1739,246.555,5.50758,36.3335,0.401031,residential,False,-0.416397,False,121.152,69.6896,155.875,54.9282,264.399,214.352,150.536,0.0544542,0.0288951,0.231478,0.186649,0.350154,0.279974,0.192608,0.163505,0.844154
07306,07,1401,1401,274.134,5.61362,36.2698,0.382753,residential,False,-0.0294472,False,141.826,138.899,87.0087,181.794,274.026,213.293,224.08,0.0674261,0.0282643,0.199915,0.207711,0.371475,0.261885,0.213166,0.163764,0.841134
07307,07,1531,1531,293.594,5.6822,36.8223,0.390414,residential,False,-0.256425,False,116.254,149.465,203.115,59.2538,172.358,332.969,170.353,0.0556723,0.0315126,0.170168,0.272059,0.453782,0.27416,0.223739,0.181723,0.870792
07308,07,1257,1257,317.604,5.76081,35.6124,0.384691,residential,False,-0.312053,False,88.1866,163.183,196.39,283.139,90.5892,116.915,335.575,0.0506225,0.0186084,0.194812,0.256949,0.424741,0.297615,0.204769,0.167791,0.880722
07309,07,1463.52,1463.52,329.159,5.79654,36.1552,0.39826,residential,False,-0.670973,False,65.9817,126.744,122.298,210.472,100.591,110.012,177.442,0.0468649,0.0158526,0.201308,0.240371,0.401579,0.284863,0.203681,0.161208,0.862057
07310,07,1311,1311,301.053,5.70729,36.2583,0.400115,residential,False,-0.522778,False,76.5034,104.945,123.218,189.456,117.894,256.826,141.676,0.0395843,0.0169477,0.192012,0.260922,0.436993,0.299585,0.192934,0.176071,0.848618
07311,07,1313,1313,222.559,5.40519,36.8388,0.429411,residential,False,-0.281094,False,85.4555,115.582,149.768,85.4837,164.407,379.863,222.109,0.0502362,0.0257182,0.219193,0.229169,0.383176,0.304168,0.19443,0.154007,0.863753
07312,07,1480.13,1480.13,248.814,5.51671,37.282,0.366562,residential,False,-0.684506,False,46.916,105.544,107.411,166.402,127.887,306.606,98.2241,0.0514402,0.02069,0.165632,0.300936,0.465341,0.282075,0.235933,0.164406,0.842989
07313,07,1629.87,1629.87,242.075,5.48925,36.5532,0.409116,residential,False,-0.620711,False,84.5563,42.9934,129.437,139.861,96.0831,235.405,315.834,0.0744235,0.0324948,0.181342,0.237945,0.390985,0.274633,0.219078,0.15304,0.841367
07314,07,1266,1266,210.772,5.35078,36.2054,0.367762,residential,False,-0.627793,False,57.5981,93.7736,171.503,109.29,194.645,53.3838,264.342,0.0570339,0.0194492,0.188432,0.259863,0.432733,0.306264,0.199066,0.17287,0.86247
07315,07,1581.69,1581.69,308.96,5.73321,35.6211,0.416585,residential,False,-0.52245,False,129.355,43.276,174.427,63.6414,337.395,107.158,140.01,0.063195,0.0285264,0.1764,0.233972,0.430129,0.264859,0.208708,0.196157,0.832306
07316,07,1225.27,1225.27,372.759,5.92093,36.3358,0.379981,residential,False,0.0876406,False,195.695,182.431,149.788,130.844,314.638,226.372,153.065,0.0529054,0.0218796,0.181749,0.309458,0.458376,0.294821,0.249292,0.148918,0.878566
07317,07,1242.03,1242.03,216.274,5.37654,36.837,0.297304,residential,False,-0.173265,False,106.416,197.406,207.303,94.4783,184.338,300.97,144.066,0.0652851,0.032316,0.198648,0.221616,0.377183,0.282184,0.203365,0.155568,0.83397
07318,07,1514,1514,302.698,5.71274,37.9634,0.311345,residential,False,-0.796449,False,55.9218,159.919,334.686,110.749,106.19,166.728,52.8205,0.0809493,0.034261,0.150861,0.259844,0.423022,0.228966,0.262689,0.163178,0.821522
07319,07,1393.15,1393.15,227.1,5.42539,37.7475,0.333314,residential,False,-0.590653,False,101.96,73.5442,345.322,180.9,176.419,52.9483,121.429,0.0579404,0.028248,0.148295,0.327589,0.490848,0.245802,0.288022,0.163259,0.82279
07320,07,1613.56,1613.56,255.254,5.54226,37.7725,0.376923,residential,False,-0.367095,False,73.3601,77.6618,277.545,210.286,167.453,215.316,135.297,0.0566598,0.0185132,0.196284,0.241731,0.412231,0.276501,0.218174,0.1705,0.856783
07321,07,1507,1507,244.124,5.49768,36.7093,0.411742,residential,False,-0.276557,False,106.822,63.1174,213.281,131.219,181.547,416.523,144.653,0.0452586,0.0269397,0.179957,0.30819,0.451509,0.325431,0.207974,0.143319,0.837545
07322,07,1488,1488,289.668,5.66874,35.6277,0.42098,residential,False,-0.323848,False,236.133,61.3925,69.3951,131.281,145.739,211.805,316.662,0.071511,0.0380623,0.189158,0.229527,0.38293,0.280277,0.209919,0.153403,0.833015
07323,07,1484.7,1484.7,248.118,5.5139,37.0502,0.409315,residential,False,-0.201758,False,117.595,74.9116,348.358,153.246,154.733,324.043,162.114,0.0613563,0.0182992,0.185145,0.258342,0.428418,0.312164,0.19268,0.170075,0.84358
07324,07,1553.75,1553.75,299.808,5.70314,37.7676,0.388348,residential,False,-0.0141875,False,115.592,183.511,283.887,177.649,190.315,288.488,142.865,0.0714593,0.0332937,0.141682,0.29446,0.46489,0.249301,0.2583,0.170431,0.818346
07325,07,1194,1194,289.651,5.66868,37.3004,0.400818,residential,False,-0.102131,False,158.693,150.752,255.773,115.644,177.124,297.455,140.727,0.0942935,0.0168864,0.145113,0.281784,0.431711,0.283434,0.237756,0.149927,0.851371
07326,07,1513,1513,323.02,5.77771,36.8455,0.408208,residential,False,-0.381572,False,128.99,112.152,205.059,123.675,91.1268,273.504,212.551,0.0529101,0.015873,0.175661,0.313228,0.465608,0.284656,0.257143,0.152381,0.862727
07327,07,1374.13,1374.13,322.861,5.77722,36.8729,0.358782,residential,False,-0.639454,False,153.336,92.2471,167.783,181.589,107.13,74.0055,149.176,0.0671512,0.0279466,0.137719,0.319163,0.4884,0.266525,0.257508,0.169237,0.800548
07328,07,1921.87,1921.87,274.814,5.61609,34.6414,0.547928,residential,False,-0.50474,False,149.714,167.552,76.9075,62.1227,189.67,108.032,179.004,0.062025,0.0420817,0.116536,0.377771,0.525946,0.175128,0.381204,0.148175,0.673054
07329,07,1637,1637,271.704,5.60471,34.1505,0.498574,residential,False,-0.555608,False,98.974,124.007,114.411,57.3805,95.6305,224.465,324.921,0.109792,0.0519677,0.161508,0.16149,0.327375,0.185169,0.247622,0.165884,0.666323
07330,07,1891,1885,283.647,5.64773,34.2499,0.506759,residential,False,0.0738396,False,82.1937,150.785,314.622,112.705,103.187,582.656,577.581,0.128142,0.0592718,0.124826,0.178881,0.352546,0.148415,0.283435,0.173664,0.653495
07331,07,1882,1882,59.2517,4.08179,38.2119,0.203518,residential,False,0.271232,False,748.488,139.506,280.498,111.762,148.771,298.442,242.851,0.137586,0.0406441,0.127807,0.172173,0.324351,0.16877,0.268796,0.152178,0.721497
07332,07,1357.13,1283.13,130.772,4.87346,33.7821,0.514594,residential,False,-0.00628018,False,728.659,119.902,92.8811,151.039,122.462,98.985,490.878,0.141872,0.0541485,0.15544,0.062679,0.253362,0.153364,0.206627,0.190683,0.835833
07333,07,1334.89,1334.78,65.4534,4.18134,33.7914,0.562256,residential,False,0.31231,False,501.327,230.308,82.9214,194.565,133.563,357.071,400.179,0.122669,0.0425596,0.288623,-0.142424,0.0657832,0.134029,0.13484,0.208207,0.744629
07334,07,1358.99,1244.99,105.744,4.66102,34.6016,0.522494,residential,False,-0.0413759,False,203.806,240.012,104.75,168.95,173.884,138.358,266.218,0.161531,0.051011,0.258964,-0.136761,0.0387431,0.108912,0.174821,0.175504,0.74292
07401,07,1735.84,1735.84,314.48,5.75092,36.2203,0.3738,residential,False,-0.472222,False,111.728,148.124,141.689,136.376,103.977,197.056,167.056,0.0498008,0.0368526,0.153386,0.381474,0.500996,0.280876,0.303785,0.119522,0.845508
07402,07,3747.86,2304.86,100.643,4.61158,40.726,0.188999,residential,False,0.42583,False,292.607,287.596,302.862,228.438,164.017,333.627,252.443,0.0286525,0.0279013,0.130984,0.469023,0.59115,0.322695,0.305965,0.122127,0.884757
07403,07,1428.95,1428.95,183.502,5.21223,34.8718,0.536478,residential,False,0.0551657,False,152.47,346.203,185.259,136.582,156.265,228.913,232.348,0.0699475,0.0312179,0.102182,0.392526,0.549798,0.259757,0.304899,0.157272,0.783383
07404,07,1420,1420,141.167,4.94994,34.4835,0.550247,residential,False,0.771506,False,316.295,213.139,256.054,344.688,246.46,586.569,360.692,0.0816313,0.0465772,0.150983,0.323353,0.444709,0.262153,0.293814,0.121356,0.82623
07405,07,1625.05,1619.05,124.39,4.82342,34.2599,0.581911,residential,False,-0.382669,False,249.978,158.504,38.3487,140.349,113.508,152.122,289.12,0.0796954,0.0349786,0.178999,0.263411,0.399434,0.26742,0.254685,0.136023,0.83282
07406,07,1588.28,1588.28,126.016,4.83641,35.0962,0.513316,residential,False,-0.243082,False,223.209,151.717,104.757,57.1262,136.068,285.297,263.469,0.11871,0.0362698,0.209614,0.0993933,0.2299,0.149444,0.278273,0.130506,0.742042
07407,07,1638.48,1613.55,191.642,5.25563,36.0522,0.571469,residential,False,-0.0753464,False,439.309,297.437,78.6542,136.514,85.5918,470.792,147.115,0.130853,0.0739334,0.209154,0.0229046,0.165451,0.112182,0.25073,0.142547,0.643683
07408,07,1356.24,1356.17,106.891,4.67181,34.6449,0.555973,residential,False,0.643121,False,426.893,211.196,304.152,264.443,183.225,579.621,281.608,0.0782143,0.0368745,0.158361,0.266692,0.416193,0.211803,0.291464,0.149501,0.837567
07409,07,1636,1636,120.196,4.78913,37.5555,0.354235,residential,False,0.279377,False,498.364,309.021,155.469,212.644,181.049,319.444,119.501,0.14822,0.0443199,0.186371,0.0600033,0.199225,0.144606,0.249989,0.139222,0.689868
07410,07,2006,2006,240.267,5.48175,37.6865,0.364799,residential,False,-0.15939,False,162.111,304.373,303.27,136.331,107.173,331.591,93.8045,0.130092,0.0584213,0.151355,0.173727,0.296151,0.133708,0.321467,0.122423,0.716729
07411,07,1875,1875,119.485,4.78319,38.4855,0.23101,residential,False,0.272618,False,311.62,84.7728,420.614,293.062,180.705,272.302,240.247,0.11269,0.0591678,0.128712,0.254345,0.379507,0.125889,0.369857,0.125162,0.618233
07412,07,1722,1722,288.762,5.6656,37.6197,0.344396,residential,False,0.0382669,False,281.424,125.209,297.428,167.775,156.85,141.728,283.733,0.117021,0.0585106,0.103723,0.280585,0.430851,0.152926,0.348404,0.150266,0.674028
07413,07,1589,1589,299.018,5.7005,36.7729,0.434603,residential,False,-0.219331,False,287.343,87.6246,190.074,129.893,159.986,104.167,256.759,0.0871566,0.0457491,0.163259,0.223733,0.362208,0.132967,0.341182,0.138475,0.716827
07414,07,1343.36,1343.36,88.215,4.47978,37.556,0.318245,residential,False,0.579794,False,488.496,363.996,155.184,206.281,224.364,217.522,380.792,0.172091,0.0375379,0.210323,-0.0395438,0.136128,0.150521,0.192349,0.175671,0.734086
07415,07,1157.64,1073.64,114.422,4.73989,36.0711,0.512751,residential,False,-0.166653,False,182.211,229.706,23.0864,160.494,173.99,215.483,336.911,0.106553,0.0476013,0.161438,0.179479,0.317678,0.168535,0.278935,0.1382,0.755196
07416,07,1316,1316,214.312,5.36743,35.3332,0.414309,residential,False,-0.515688,False,145.85,115.015,39.0169,158.644,132.076,209.468,187.694,0.0772912,0.043212,0.173324,0.227973,0.379059,0.217002,0.261586,0.151086,0.80571
07417,07,1629,1629,257.981,5.55289,35.4102,0.416581,residential,False,-0.324516,False,145.257,155.709,77.861,173.78,176.609,111.744,214.716,0.0800866,0.030303,0.181818,0.222944,0.376623,0.221861,0.262987,0.15368,0.839383
07418,07,1736,1736,235.51,5.46175,35.8474,0.457615,residential,False,0.47208,False,445.7,209.795,256.634,251.845,171.025,286.846,309.248,0.154235,0.0442478,0.151707,0.125158,0.259166,0.136536,0.294564,0.134008,0.6875
07419,07,1509,1509,257.063,5.54932,35.3339,0.500176,residential,False,0.231944,False,340.853,286.441,123.485,192.981,123.394,516.32,212.342,0.147388,0.0480255,0.197631,0.057647,0.174065,0.136546,0.266119,0.116418,0.696109
07420,07,1347,1347,199.141,5.29401,34.8504,0.48498,residential,False,0.084822,False,161.406,181.092,247.102,311.044,134.728,312.772,190.537,0.139197,0.0342044,0.156577,0.155708,0.30843,0.181091,0.270391,0.152723,0.718302
07421,07,1645,1645,242.275,5.49007,35.1244,0.452633,residential,False,-0.262783,False,204.054,88.1437,127.104,182.408,153.382,117.329,279.263,0.080337,0.0328714,0.184096,0.222898,0.370589,0.235409,0.251922,0.147691,0.825188
07422,07,1514,1514,235.948,5.46361,37.7944,0.348064,residential,False,-0.334089,False,122.272,122.032,172.069,259.026,173.957,110.81,135.307,0.0791652,0.0213732,0.164119,0.261914,0.404786,0.209785,0.295413,0.142872,0.774452
07423,07,1309.82,1309.82,61.3996,4.1174,37.007,0.406463,residential,False,-0.316555,False,91.6285,182.624,169.836,186.136,111.859,321.008,134.81,0.104025,0.0473037,0.169843,0.187814,0.33978,0.199188,0.262493,0.151967,0.800734
07424,07,2304.99,2304.99,148.107,4.99794,37.4917,0.225589,residential,False,-0.19166,False,110.726,148.436,365.073,226.22,107.543,376.336,113.14,0.0875,0.045,0.165,0.24875,0.37875,0.17125,0.33,0.13,0.756075
07425,07,1672,1672,299.375,5.7017,38.1252,0.307552,residential,False,-0.533454,False,162.697,79.1983,260.723,224.656,132.101,111.931,83.5872,0.0928482,0.0401506,0.120452,0.316186,0.44793,0.19197,0.337516,0.131744,0.715808
07426,07,1385,1385,249.681,5.52019,36.5263,0.368933,residential,False,-0.248472,False,194.894,135.454,343.903,154.945,127.702,138.022,146.309,0.0760196,0.0324539,0.164957,0.244828,0.405527,0.201406,0.284399,0.160699,0.791714
07427,07,1546,1546,228.287,5.43061,35.9801,0.432485,residential,False,-0.0497272,False,129.723,133.265,199.552,289.593,173.447,380.035,117.932,0.158604,0.0726929,0.170005,0.0804301,0.206204,0.112308,0.296731,0.125774,0.688635
07428,07,1501,1501,260.703,5.56338,35.1214,0.470159,residential,False,0.14102,False,180.515,162.672,205.042,267.648,122.876,319.083,339.873,0.167828,0.0501053,0.165923,0.0324693,0.205422,0.112056,0.254165,0.172953,0.70413
07429,07,1804,1804,293.982,5.68352,36.0179,0.389362,residential,False,-0.198643,False,109.911,130.694,327.391,148.489,131.047,213.169,213.273,0.129038,0.0561252,0.146842,0.154874,0.302856,0.149459,0.281295,0.147982,0.708591
07430,07,1392,1392,220.817,5.39733,35.8241,0.423363,residential,False,-0.400418,False,145.286,106.659,154.552,140.679,157.402,172.916,131.526,0.0852614,0.0416025,0.164165,0.221477,0.358482,0.183284,0.287619,0.137006,0.807546
07431,07,1486.79,1486.79,279.163,5.6318,34.783,0.442999,residential,False,-0.394098,False,255.053,192.965,101.335,66.4133,133.213,89.0556,257.987,0.138522,0.04508,0.175787,0.0964178,0.254642,0.154473,0.256253,0.158225,0.725615
07432,07,1193.21,1193.21,204.522,5.32068,35.0937,0.471227,residential,False,-0.214389,False,295.367,192.822,169.476,108.067,60.1908,186.528,433.84,0.161244,0.038738,0.199632,-0.00346499,0.160864,0.125363,0.232048,0.164329,0.77686
07501,07,1979.71,1979.71,144.609,4.97403,36.3254,0.459355,residential,False,-0.0866622,False,1169.58,170.087,23.7025,55.0619,176.11,213.345,262.785,0.155038,0.0487151,0.125395,0.235318,0.318056,0.115855,0.399897,0.0827372,0.624629
07502,07,2007.21,2007.17,59.8268,4.09145,37.4827,0.287359,residential,False,0.188516,False,907.094,220.545,88.6728,86.4144,173.785,205.051,274.556,0.142726,0.0556589,0.0959567,0.313928,0.397381,0.146948,0.405663,0.0834527,0.624898
07503,07,1415.61,1402.63,57.0428,4.0438,35.2004,0.47253,residential,False,0.0210927,False,411.65,97.7631,231.163,363.301,146.171,193.264,137.09,0.202799,0.0522832,0.258446,-0.202517,-0.0688112,0.0909676,0.167761,0.133706,0.711276
07504,07,1369.18,1305.18,57.4874,4.05157,37.2834,0.293298,residential,False,0.337197,False,487.323,227.025,344.287,349.625,137.112,96.072,347.877,0.181339,0.0647163,0.264951,-0.211179,-0.049401,0.0594817,0.17563,0.161778,0.689669
07505,07,1345.01,1336.01,46.9951,3.85004,36.4793,0.339018,residential,False,0.0521202,False,267.481,383.163,66.7179,88.4656,160.348,408.14,205.142,0.125909,0.0675051,0.220867,0.0259683,0.150508,0.137736,0.235009,0.12454,0.705915
07506,07,1630,1630,162.309,5.0895,35.6265,0.49214,residential,False,-0.0766491,False,153.707,305.052,292.651,211.012,112.696,193.109,151.721,0.145102,0.0549644,0.226032,-0.0277303,0.137163,0.125806,0.217597,0.164893,0.687087
07507,07,1803,1803,259.546,5.55893,36.0798,0.433044,residential,False,0.0473775,False,225.105,117.422,248.756,157.559,229.081,170.416,213.59,0.144186,0.0348837,0.167442,0.103488,0.246512,0.136047,0.27907,0.143023,0.715694
07508,07,1831,1831,194.226,5.26902,35.4634,0.503986,residential,False,0.391785,False,284.319,259.45,129.864,204.868,261.006,340.506,223.554,0.163326,0.0742288,0.177452,0.0166177,0.160176,0.11257,0.244827,0.143559,0.639681
07509,07,1296,1260,184.6,5.21819,34.7256,0.511207,residential,False,0.58209,False,402.675,174.35,161.209,241.978,317.615,335.595,298.783,0.173802,0.0496044,0.238138,-0.0855925,0.0598229,0.130856,0.195491,0.145415,0.700833
07510,07,1549,1549,219.811,5.39277,35.3961,0.465565,residential,False,0.173021,False,270.596,57.532,221.231,258.349,208.908,329.008,279.314,0.176993,0.0500435,0.216881,-0.0498022,0.0765,0.127056,0.217016,0.126302,0.745803
07511,07,1509,1509,217.046,5.38011,35.8519,0.457709,residential,False,-0.161659,False,267.99,111.395,177.191,63.2842,181.536,116.832,371.573,0.149746,0.0494924,0.234772,-0.0634518,0.0901015,0.106599,0.214467,0.153553,0.765835
07512,07,2306,2306,296.011,5.6904,36.3689,0.399866,residential,False,-0.253894,False,368.881,130.089,110.747,19.103,158.85,154.865,510.559,0.179335,0.0486936,0.218527,-0.0855107,0.0771971,0.067696,0.244656,0.162708,0.658518
07513,07,1690,1690,175.266,5.16631,36.8972,0.426211,residential,False,-0.521382,False,126.238,142.824,256.401,68.989,130.407,76.4191,219.239,0.11822,0.0403338,0.242003,0,0.147427,0.11822,0.242003,0.147427,0.668813
07514,07,1729,1729,224.927,5.41578,36.4588,0.427168,residential,False,0.054056,False,228.881,125.252,123.841,124.199,235.316,267.3,251.654,0.138513,0.0359192,0.180629,0.0814781,0.237664,0.11361,0.287009,0.156185,0.704305
07515,07,1279,1279,198.344,5.29,35.574,0.434552,residential,False,0.532366,False,350.724,323.038,94.2252,127.679,293.285,480.723,303.967,0.229239,0.0526795,0.163504,-0.0660392,0.0713527,0.0851678,0.241536,0.137392,0.661676
07516,07,1305.02,1305.02,187.07,5.23148,35.9212,0.491664,residential,False,0.447633,False,328.133,433.22,280.844,91.99,148.669,419.564,342.251,0.152242,0.0433656,0.220529,-0.0275739,0.136451,0.142989,0.202208,0.164024,0.733318
07517,07,1130.58,1130.58,160.739,5.07978,35.9394,0.532099,residential,False,0.264931,False,292.801,208.014,152.984,106.448,146.205,306.852,574.269,0.207257,0.0362213,0.257784,-0.227151,-0.0726911,0.087701,0.15019,0.154459,0.709044
07518,07,1208,1208,115.328,4.74778,35.6818,0.542083,residential,False,0.109354,False,173.765,188.219,219.046,346.474,100.777,243.679,366.295,0.171245,0.043272,0.248378,-0.124355,0.0214221,0.108401,0.186868,0.145777,0.742554
07519,07,1126,1126,113.349,4.73047,35.4633,0.586216,residential,False,-0.138076,False,180.74,209.419,135.379,182.589,147.966,129.263,237.946,0.206306,0.0738566,0.242755,-0.216653,-0.0756506,0.0940229,0.138385,0.141003,0.731554
07520,07,1709.75,1709.75,143.771,4.96822,35.2637,0.460473,residential,False,-0.105659,False,442.092,168.288,97.1308,116.672,139.161,208.617,192.882,0.170817,0.0366507,0.265956,-0.162738,-0.00469132,0.118325,0.15571,0.158046,0.73043
07521,07,1674,1674,120.597,4.79245,35.1591,0.547054,residential,False,0.694596,False,292.434,476.56,165.84,261.55,166.347,451.935,519.342,0.135181,0.0595673,0.216417,-0.00266089,0.156454,0.106562,0.242376,0.159115,0.685225
07522,07,1612.55,1612.55,180.536,5.19593,35.3364,0.461974,residential,False,-0.478967,False,417.504,54.4578,67.1075,93.528,97.5177,314.178,192.999,0.149315,0.0459961,0.223385,-0.0297895,0.113617,0.0893071,0.253604,0.143406,0.674786
07523,07,1541.85,1541.85,179.694,5.19126,36.1471,0.458174,residential,False,-0.129852,False,297.52,105.945,115.911,142.925,136.767,180.976,318.065,0.159576,0.0496756,0.228538,-0.0794269,0.0807899,0.111606,0.197081,0.160217,0.632587
07524,07,1781,1775,70.9951,4.26261,40.0461,0.253661,residential,False,-0.113647,False,162.591,126.955,195.988,180.673,107.688,370.726,229.982,0.13152,0.059967,0.186089,0.0415907,0.197028,0.117178,0.242021,0.155438,0.672341
07525,07,1126.68,1126.68,190.477,5.24953,34.9444,0.508204,residential,False,-0.278282,False,251.83,171.759,98.8754,242.288,107.306,222.829,121.402,0.153272,0.0418081,0.199946,0.0121086,0.160624,0.141999,0.223328,0.148516,0.688276
07526,07,1530.01,1530.01,36.9961,3.61081,40.1493,0.226978,residential,False,0.587303,False,440.03,268.495,314.127,240.727,211.933,316.104,249.48,0.149122,0.0434484,0.238023,-0.0523259,0.103511,0.120946,0.213874,0.155837,0.776917
07527,07,1353,1353,170.742,5.14016,35.977,0.47328,residential,False,0.113002,False,297.83,158.03,422.159,121.507,137.963,223.105,253.345,0.208419,0.0464754,0.244789,-0.189866,-0.0392533,0.105199,0.158142,0.150613,0.703044
07528,07,1875.98,1875.98,215.859,5.37462,35.4485,0.478924,residential,False,0.0734233,False,197.295,146.141,164.808,83.3673,354.887,117.153,322.08,0.224232,0.0352683,0.226083,-0.17358,-0.0248634,0.0830237,0.193711,0.148717,0.625323
07529,07,1575,1572,199.996,5.2983,35.649,0.452962,residential,False,0.170007,False,115.545,239.853,457.577,241.252,197.153,247.618,157.176,0.203496,0.0494056,0.205237,-0.122145,0.0147099,0.0932267,0.193362,0.136855,0.640137
07530,07,1478.71,1389.71,56.893,4.04117,34.7352,0.496807,residential,False,1.00451,False,253.415,528.099,367.801,291.246,301.014,610.214,345.775,0.138269,0.0371283,0.35683,-0.255828,-0.103245,0.108422,0.130849,0.152583,0.779001
07531,07,1447.14,1447.13,76.9505,4.34316,34.039,0.556238,residential,False,0.882758,False,670.98,461.754,85.3877,166.813,252.386,675.603,469.683,0.139823,0.0537324,0.308188,-0.189896,-0.0322195,0.117194,0.140921,0.157676,0.741375
07532,07,1139.09,1089.84,76.8031,4.34125,34.7693,0.534048,residential,False,1.23699,False,677.507,470.158,81.477,259.043,377.983,1010.58,589.265,0.155703,0.0288417,0.310769,-0.212453,-0.0496246,0.120032,0.133987,0.162828,0.786397
07533,07,1144.99,1144.99,179.789,5.19178,34.6898,0.551261,residential,False,0.915708,False,193.324,736.527,234.651,72.9849,348.14,765.615,538.407,0.18798,0.0630508,0.301827,-0.294035,-0.134498,0.063429,0.132342,0.159537,0.730829
07534,07,1120.44,1114.7,109.337,4.69443,33.5455,0.58075,residential,False,0.581137,False,153.977,504.602,335.333,136.469,195.212,554.742,351.703,0.111893,0.0235337,0.415304,-0.352066,-0.13272,0.0928352,0.0822956,0.219347,0.837161
07601,07,1453.02,1405.02,62.9447,4.14226,37.6274,0.326631,residential,False,0.662275,False,361.564,328.632,214.798,243.635,232.082,357.109,339.996,0.131643,0.044686,0.394928,-0.353865,-0.150966,0.0652174,0.107488,0.202899,0.794227
07602,07,1483,1483,45.0367,3.80748,34.9403,0.556013,residential,False,0.646306,False,343.408,229.202,265.417,294.597,188.881,930.135,207.981,0.17165,0.0276855,0.348837,-0.30897,-0.155039,0.10299,0.108527,0.153931,0.827586
07603,07,1357,1357,63.3437,4.14857,34.1456,0.566443,residential,False,0.627362,False,432.023,294.845,201.598,272.665,168.12,731.709,236.72,0.17874,0.0353455,0.329886,-0.281823,-0.14063,0.111322,0.115481,0.141193,0.800556
07604,07,1107.32,1104.33,73.047,4.2911,34.8386,0.531727,residential,False,0.00928598,False,354.639,141.952,60.6057,147.045,164.276,436.519,208.349,0.126144,0.0387132,0.364277,-0.251963,-0.0865528,0.125577,0.112881,0.16541,0.836467
07605,07,1543,1543,65.9339,4.18865,35.1706,0.544863,residential,False,0.457404,False,341.536,156.154,203.386,192.348,204.624,527.055,299.871,0.169297,0.0583622,0.322967,-0.267771,-0.139845,0.0942485,0.130245,0.127926,0.764326
07606,07,1568.48,1568.48,92.2827,4.52486,35.583,0.532136,residential,False,0.689723,False,277.678,309.091,559.955,186.55,166.991,665.412,315.908,0.20893,0.069887,0.253412,-0.221294,-0.0934633,0.0759694,0.165079,0.127831,0.647503
07607,07,1589.52,1589.52,36.5035,3.59741,37.9527,0.258808,residential,False,0.353279,False,408.511,467.468,662.538,71.4542,109.102,832.242,110.178,0.142703,0.0438348,0.358339,-0.262408,-0.119124,0.0606099,0.178025,0.143283,0.654965
07608,07,1192.13,1174,26.2226,3.26662,38.6308,0.341154,residential,False,1.17267,False,817.69,553.503,559.145,190.411,257.178,821.756,255.293,0.184581,0.0506651,0.332333,-0.297102,-0.160836,0.097327,0.122485,0.136267,0.778221
07609,07,1371.66,1369.58,101.124,4.61635,34.9111,0.555053,residential,False,0.409448,False,186.996,149.25,300.554,284.245,137.998,585.152,410.386,0.174119,0.0505741,0.275711,-0.17203,-0.0443577,0.1222,0.155599,0.127672,0.731606
07610,07,1634.4,1634.4,77.4144,4.34917,34.749,0.518884,residential,False,0.707361,False,431.55,151.76,418.335,142.228,171.627,762.422,530.37,0.137848,0.0377641,0.305429,-0.169155,-0.0276583,0.129473,0.144649,0.141497,0.774909
07611,07,2207.63,2207.63,145.042,4.97702,35.5892,0.508886,residential,False,0.0464791,False,246.42,162.49,190.704,113.52,202.178,265.689,188.099,0.216588,0.066113,0.262127,-0.261899,-0.123864,0.0836761,0.13314,0.138035,0.705484
07612,07,1239.03,1238.6,75.3224,4.32178,35.3211,0.572403,residential,False,0.395467,False,239.858,202.898,245.123,283.977,248.58,265.234,223.66,0.151779,0.0498867,0.317279,-0.223585,-0.0801199,0.105388,0.140084,0.143465,0.775839
07613,07,1164.28,1158.92,37.8579,3.63384,37.1763,0.438229,residential,False,1.13195,False,736.107,517.215,152.677,234.629,458.682,258.454,549.888,0.143343,0.0236802,0.384254,-0.277608,-0.144046,0.138804,0.111185,0.133561,0.839677
07614,07,1294.49,1279.49,49.474,3.90145,35.2252,0.541305,residential,False,0.409192,False,345.973,226.398,94.0784,170.585,319.989,174.078,413.102,0.156149,0.0516317,0.366262,-0.295862,-0.167662,0.120049,0.1065,0.1282,0.781641
07615,07,1905.78,1905.78,147.067,4.99089,36.6687,0.465222,residential,False,-0.106317,False,318.572,258.055,295.399,52.0767,169.647,156.424,144.423,0.243856,0.0551438,0.222318,-0.199329,-0.0596188,0.0547928,0.212052,0.13971,0.640684
07616,07,1368.56,1368.56,73.2256,4.29355,36.5993,0.426275,residential,False,0.00299331,False,467.041,205.169,64.378,109.962,161.093,150.304,353.123,0.186665,0.0490995,0.326912,-0.285318,-0.139521,0.0794595,0.1488,0.145797,0.72225
07617,07,1521.11,1521.11,130.052,4.86794,36.079,0.521648,residential,False,-0.739323,False,264.426,113.392,89.0441,105.132,63.7001,102.517,193.134,0.22367,0.0538145,0.29495,-0.301069,-0.170936,0.073471,0.14408,0.130133,0.686212
07618,07,1469.58,1469.58,194.856,5.27226,35.4176,0.56618,residential,False,-0.153133,False,219.388,133.708,81.8221,186.644,198.539,158.785,203.141,0.266672,0.0432369,0.281644,-0.35032,-0.220035,0.0608922,0.137105,0.130284,0.659238
07619,07,1761,1761,210.728,5.35057,35.293,0.533083,residential,False,0.000663897,False,161.307,131.161,288.513,236.193,177.869,291.064,134.805,0.269954,0.0523482,0.225996,-0.280471,-0.123093,0.0710351,0.144444,0.157378,0.666884
07620,07,1162,1162,198.075,5.28864,34.8628,0.554281,residential,False,-0.0627467,False,292.856,64.2631,270.441,139.545,240.479,124.638,221.254,0.272973,0.0594595,0.232432,-0.337838,-0.151351,0.0459459,0.121622,0.186486,0.672353
07621,07,1460.35,1460.35,220.779,5.39716,36.2562,0.437866,residential,False,-0.481697,False,387.436,172.124,101.097,98.6114,145.477,67.3847,115.775,0.297005,0.0648918,0.196339,-0.298669,-0.138103,0.0374376,0.157238,0.160566,0.592181
07622,07,1292.72,1292.72,111.864,4.71728,36.0974,0.519251,residential,False,-0.0370305,False,205.383,165.363,147.256,62.5304,177.29,420.363,227.564,0.254042,0.0432003,0.255146,-0.288223,-0.147021,0.0504088,0.170556,0.141202,0.692142
07623,07,1449.52,1449.52,272.237,5.60667,33.2222,0.557926,residential,False,0.583563,False,534.962,376.601,313.409,76.9766,305.39,200.799,298.833,0.295149,0.0553493,0.226913,-0.329768,-0.196279,0.0482139,0.14408,0.133489,0.644558
07624,07,1443.41,1443.41,294.891,5.68661,33.9363,0.583039,residential,False,-0.0519893,False,450.736,231.68,137.226,66.1842,127.268,194.426,263.916,0.307986,0.0779149,0.2081,-0.32532,-0.192817,0.0395724,0.151193,0.132503,0.586641
07625,07,1490.1,1490.1,282.774,5.64465,33.2586,0.533544,residential,False,-0.463021,False,718.048,145.125,251.069,18.0408,112.431,150.971,116.765,0.286196,0.0701665,0.261018,-0.37137,-0.219835,0.0328589,0.142985,0.151535,0.590132
07626,07,1726.97,1726.97,429.891,6.06353,32.6855,0.46866,residential,False,-0.379659,False,532.722,255.605,23.45,122.071,152.721,64.5518,205.826,0.339228,0.0679557,0.149772,-0.251433,-0.137559,0.0512399,0.186328,0.113874,0.573592
07627,07,1258.18,1258.18,59.3679,4.08375,35.1713,0.533129,residential,False,-0.0472619,False,782.666,142.126,202.375,54.3611,160.356,146.008,203.478,0.229741,0.0434431,0.306137,-0.335666,-0.195181,0.0624233,0.137789,0.140485,0.740586
07628,07,1044,1044,26.3514,3.27152,34.9316,0.527229,residential,False,0.93049,False,815.978,451.454,157.165,237.478,206.12,488.268,462.96,0.264079,0.0346857,0.271128,-0.34182,-0.191154,0.0637565,0.129631,0.150665,0.773331
07629,07,1238.32,1238.32,47.773,3.86646,34.2298,0.555123,residential,False,1.46372,False,808.453,460.956,342.82,347.44,214.079,1294.4,812.977,0.154481,0.019096,0.36849,-0.285742,-0.147049,0.144798,0.0924314,0.138694,0.850912
07630,07,1305.68,1305.68,20.0482,2.99814,38.3987,0.313702,residential,False,0.794977,False,457.53,492.664,196.871,155.608,149.057,1026.8,404.401,0.108195,0.0199463,0.386722,-0.25262,-0.108254,0.133499,0.108797,0.144366,0.844998
07631,07,1462.29,1462.29,51.1869,3.93548,34.1744,0.585293,residential,False,1.59372,False,771.845,757.148,308.039,235.063,471.202,700.029,697.919,0.141603,0.0340285,0.400659,-0.334797,-0.217344,0.102086,0.105379,0.117453,0.818667
07632,07,1312.71,1312.71,57.2492,4.04741,34.0112,0.575453,residential,False,1.22201,False,486.653,578.35,166.281,330.532,438.273,505.302,467.849,0.166667,0.0183727,0.345144,-0.287402,-0.132546,0.122047,0.102362,0.154856,0.760159
07701,07,1155,1155,46.5842,3.84126,34.6099,0.563758,residential,False,0.978486,False,329.179,349.547,704.416,194.25,212.054,551.676,564.628,0.147448,0.032843,0.345931,-0.265798,-0.116042,0.128079,0.0995013,0.149756,0.778883
07702,07,1161.46,1161.46,53.5662,3.98092,34.9901,0.552506,residential,False,0.692808,False,343.688,332.081,523.259,166.302,266.633,152.592,486.09,0.171142,0.040155,0.352587,-0.31813,-0.184725,0.110186,0.0954122,0.133405,0.813095
07703,07,1101.34,1101.34,55.7702,4.02124,34.4055,0.551145,residential,False,0.822528,False,819.622,195.224,357.168,236.235,126.719,582.467,620.177,0.163516,0.0323774,0.325727,-0.245505,-0.111647,0.139883,0.103855,0.133858,0.806231
07704,07,1333,1333,56.6006,4.03602,35.4087,0.51521,residential,False,0.706845,False,368.129,136.52,594.52,368.538,250.518,359.075,284.737,0.172508,0.0346497,0.37447,-0.362873,-0.206283,0.080521,0.103584,0.15659,0.772557
07705,07,1398,1398,74.584,4.31193,34.5343,0.570217,residential,False,0.675406,False,378.503,166.304,565.174,466.077,242.922,234.79,270.949,0.211398,0.0247149,0.349377,-0.37294,-0.245675,0.0894991,0.0983358,0.127265,0.768301
07706,07,1429,1429,67.6608,4.21451,34.6023,0.569466,residential,False,0.589383,False,670.136,320.954,277.47,209.244,199.978,144.242,383.994,0.222641,0.0299578,0.306731,-0.320595,-0.211948,0.0910582,0.117719,0.108646,0.73056
07707,07,1482,1482,53.5153,3.97997,33.8816,0.607808,residential,False,0.906476,False,554.251,389.264,270.266,291.269,311.8,175.154,505.419,0.183465,0.0339751,0.359003,-0.330691,-0.19026,0.137033,0.0747452,0.14043,0.827138
07708,07,1550,1550,79.5924,4.37692,35.1341,0.510876,residential,False,0.250327,False,451.197,231.606,135.382,144.839,142.941,280.716,333.806,0.20592,0.041184,0.319176,-0.317889,-0.199485,0.0849421,0.122265,0.118404,0.719891
07709,07,1341.59,1341.59,95.0993,4.55492,35.0178,0.53229,residential,False,0.464337,False,779.147,240.178,167.856,182.482,155.806,504.926,198.422,0.209426,0.0359385,0.31188,-0.34793,-0.17925,0.0690085,0.104367,0.16868,0.761996
07710,07,1594.45,1594.45,103.513,4.6397,35.2292,0.524285,residential,False,0.753175,False,992.216,396.128,314.119,116.969,222.518,345.814,262.53,0.22769,0.0414337,0.278899,-0.282086,-0.147957,0.0954507,0.129052,0.134129,0.677236
07711,07,1308.96,1308.96,56.377,4.03206,34.6954,0.54851,residential,False,0.869336,False,562.254,204.348,447.086,257.228,321.42,233.88,431.094,0.189769,0.0291342,0.386772,-0.406359,-0.262929,0.0786963,0.0914856,0.143429,0.827028
07712,07,1412,1412,66.568,4.19822,34.843,0.554667,residential,False,0.461282,False,341.4,156.176,225.495,187.737,183.001,443.99,395.998,0.169643,0.031279,0.361228,-0.338416,-0.184819,0.097723,0.0947323,0.153597,0.761313
07713,07,1908.28,1908.28,86.6922,4.46236,34.1584,0.563495,residential,False,-0.336024,False,165.555,118.876,87.5436,194.771,128.609,199.049,194.681,0.205083,0.0748203,0.285735,-0.255689,-0.143256,0.0758347,0.159295,0.112433,0.6973
07714,07,1994,1994,191.312,5.25391,32.9454,0.565811,residential,False,0.545202,False,318.522,413.612,454.46,149.914,160.361,321.613,316.495,0.252201,0.0684,0.220499,-0.219764,-0.108535,0.0398711,0.213064,0.111229,0.569073
07715,07,1126.25,1126.25,217.01,5.37994,33.7852,0.554878,residential,False,-0.864199,False,135.06,222.029,262.004,5.03324,124.625,135.616,129.541,0.282556,0.0466565,0.264904,-0.369246,-0.224273,0.0530588,0.125156,0.144973,0.687319
07716,07,1552.47,1552.47,83.4066,4.42373,34.7865,0.563067,residential,False,0.116428,False,370.171,234.579,196.371,95.3569,151.252,149.982,365.845,0.224056,0.0396353,0.338901,-0.375765,-0.254462,0.0808493,0.106342,0.121303,0.755058
07717,07,1545,1545,221.968,5.40253,34.337,0.506793,residential,False,-0.57115,False,458.536,0,155.549,115.862,272.385,248.154,446.155,0.287004,0.0264393,0.21482,-0.256945,-0.130509,0.0602794,0.184599,0.126437,0.652209
07718,07,1325.54,1325.54,83.087,4.41989,34.7451,0.517903,residential,False,-0.272344,False,188.997,169.416,130.231,151.634,123.857,178.235,182.037,0.226039,0.0330912,0.281605,-0.303076,-0.151167,0.0862166,0.118351,0.151909,0.740592
07719,07,1500.12,1494.12,134.439,4.90111,35.1591,0.551588,residential,False,-0.610145,False,274.962,141.172,33.8572,50.1062,137.809,165.289,177.428,0.256038,0.0440161,0.265841,-0.333141,-0.191271,0.0532241,0.135514,0.14187,0.650578
07720,07,1605,1605,162.307,5.08949,34.7795,0.558669,residential,False,0.145114,False,352.098,348.816,178.918,21.1676,238.358,320.262,251.584,0.246459,0.0503897,0.204857,-0.186924,-0.0477733,0.0755933,0.188799,0.13915,0.660222
07721,07,2003.34,2003.34,198.818,5.29239,34.6932,0.544038,residential,False,-0.00364961,False,519.97,162.603,221.107,61.5191,163.018,126.624,292.961,0.283525,0.0600255,0.204342,-0.250319,-0.128991,0.0523627,0.185185,0.121328,0.621367
07722,07,1677.94,1677.94,68.5605,4.22772,34.6831,0.501437,residential,False,0.315876,False,346.761,231.742,96.696,162.102,167.415,441.444,338.809,0.173957,0.0193424,0.35813,-0.311163,-0.170964,0.115309,0.105615,0.140199,0.778579
07723,07,1909.94,1909.94,98.2451,4.58747,34.803,0.458837,residential,False,0.220871,False,326.143,221.045,206.542,121.924,145.066,432.755,235.663,0.150683,0.0269657,0.264557,-0.0691053,0.0561673,0.162395,0.18374,0.125273,0.730884
07724,07,1162.78,1162.78,50.2778,3.91756,34.0459,0.565509,residential,False,0.828268,False,513.493,319.199,376.184,219.348,113.629,847.743,548.478,0.125938,0.0211986,0.371665,-0.259584,-0.0973371,0.139,0.0990202,0.162247,0.793325
07725,07,1078.34,1078.34,57.4248,4.05048,33.6519,0.576775,residential,False,0.787734,False,255.757,282.037,226.752,301.082,202.837,754.699,472.376,0.154475,0.0221281,0.302458,-0.181665,-0.0392292,0.153146,0.122122,0.142436,0.806162
07726,07,1427,1427,73.41,4.29606,33.4262,0.568504,residential,False,0.710135,False,226.667,174.418,214.593,302.998,310.413,527.075,414.041,0.165097,0.0349044,0.283219,-0.166036,-0.0201278,0.150422,0.131858,0.145908,0.748917
07727,07,934.071,934.071,39.7418,3.6824,32.0998,0.644995,residential,False,1.29294,False,655.781,213.234,173.661,193.473,561.203,749.872,787.313,0.148668,0.0132655,0.404976,-0.318302,-0.185714,0.137123,0.0982191,0.132588,0.802832
07728,07,1198.93,1198.93,52.0505,3.95221,33.3195,0.611113,residential,False,1.32557,False,781.617,598.52,176.192,193.926,321.703,698.355,803.009,0.152945,0.0148674,0.37022,-0.266907,-0.126615,0.145159,0.1111,0.140292,0.81109
07729,07,1233,1226,48.3707,3.87889,34.3498,0.535532,residential,False,-0.137415,False,211.096,162.433,148.794,159.692,133.606,175.329,241.603,0.181922,0.0238016,0.328823,-0.253483,-0.135988,0.133477,0.123784,0.117495,0.804309
07730,07,1343.23,1343.23,63.9704,4.15842,34.3143,0.576918,residential,False,0.782141,False,401.653,419.421,345.098,366.89,122.568,542.778,422.382,0.192138,0.0381943,0.321833,-0.305408,-0.160115,0.10088,0.107683,0.145294,0.711217
07731,07,1269,1269,46.0288,3.82927,33.7215,0.576915,residential,False,1.05653,False,651.07,476.439,208.723,233.765,220.146,521.562,652.833,0.164037,0.019825,0.385669,-0.356401,-0.198578,0.110284,0.0830199,0.157824,0.8086
07732,07,1078.44,1078.44,42.1496,3.74122,33.6838,0.580499,residential,False,1.48308,False,890.46,772.255,367.767,385.409,176.45,838.194,904.705,0.147129,0.0234042,0.410677,-0.359809,-0.229176,0.106648,0.0913492,0.130633,0.86382
07733,07,1272.33,1272.33,57.6189,4.05385,32.3703,0.671588,residential,False,1.48235,False,1006.58,883.77,435.209,90.5825,238.569,976.57,1019.27,0.319381,0.0349166,0.292555,-0.435572,-0.342761,0.0762198,0.100143,0.0928108,0.747832
08101,08,1912.02,1912.02,438.768,6.08397,36.3359,0.273303,residential,False,-0.361285,False,111.158,211.705,241.994,79.1807,154.478,188.512,118.123,0.0264151,0.0264151,0.0591195,0.661635,0.762264,0.266667,0.480503,0.100629,0.767018
08102,08,1733.98,1733.98,569.453,6.34468,36.8525,0.258243,residential,False,-0.224851,False,82.2266,129.991,125.176,155.947,210.408,244.433,192.959,0.0319905,0.0248815,0.07109,0.612559,0.714455,0.257109,0.458531,0.101896,0.802844
08103,08,1804.53,1804.53,387.519,5.95976,37.5476,0.266549,residential,False,-0.44199,False,91.2353,129.669,87.6154,75.5025,242.631,275.672,109.78,0.0257415,0.0132722,0.0382634,0.692636,0.799082,0.255433,0.501207,0.106447,0.775412
08104,08,1596,1596,488.05,6.19042,38.194,0.234488,residential,False,-0.390866,False,99.7776,117.695,185.342,197.337,160.865,203.074,102.039,0.034656,0.0141781,0.0387801,0.682969,0.781164,0.241413,0.514992,0.0981947,0.783376
08105,08,1952.68,1952.68,369.837,5.91306,38.2274,0.289773,residential,False,-0.826099,False,92.6253,45.7589,252.605,285.551,104.375,70.2886,111.478,0.0547014,0.0297805,0.0455441,0.633523,0.711061,0.191429,0.542339,0.077538,0.704116
08106,08,1764.47,1764.47,485.641,6.18547,36.6249,0.34817,residential,False,-0.0771708,False,129.13,76.7468,126.568,149.303,358.737,253.812,168.398,0.0396422,0.0306973,0.0492648,0.646608,0.733686,0.288134,0.447381,0.0870773,0.772504
08107,08,1949.29,1949.29,511.903,6.23814,38.0564,0.30556,residential,False,-0.656991,False,122.471,100.388,94.2855,115.381,150.089,92.6684,156.419,0.048206,0.0286132,0.0439733,0.6607,0.744522,0.251438,0.501442,0.083822,0.805387
08108,08,2325.71,2325.71,522.038,6.25774,38.6167,0.255941,residential,False,-0.807701,False,90.4401,92.4364,176.795,176.428,120.924,40.2627,155.959,0.0514447,0.0403861,0.0574852,0.611285,0.692818,0.207023,0.513192,0.0815333,0.695237
08109,08,1892.44,1892.44,636.488,6.45597,38.4743,0.244636,residential,False,-0.835323,False,78.8591,48.0978,290.868,195.026,111.885,100.417,94.3487,0.0448045,0.0399766,0.0508195,0.660119,0.724068,0.226244,0.529498,0.0639495,0.757125
08110,08,1868.11,1868.11,412.054,6.02115,37.4258,0.353315,residential,False,-0.469789,False,88.5123,82.1891,311.983,219.894,142.97,145.334,113.692,0.0257669,0.0245399,0.0515337,0.700613,0.768098,0.209816,0.568098,0.0674847,0.721196
08111,08,1639.76,1639.76,328.92,5.79582,36.6784,0.401773,residential,False,-0.286152,False,185.634,75.1011,108.2,168.141,185.401,192.386,182.989,0.0391088,0.0162299,0.0656425,0.640546,0.728345,0.241983,0.503314,0.0877986,0.802658
08112,08,1782.19,1782.19,453.918,6.11792,36.2993,0.297698,residential,False,-0.448581,False,194.513,70.2912,128.108,198.301,172.167,243.761,68.5886,0.0315401,0.043985,0.0609732,0.63528,0.709554,0.25298,0.474814,0.0742741,0.75381
08113,08,1987.94,1744.94,352.837,5.86601,36.4463,0.424599,residential,False,-0.30891,False,355.41,131.496,110.551,87.7791,101.513,323.571,151.743,0.0584498,0.0495553,0.0724269,0.554003,0.644219,0.166455,0.518424,0.090216,0.666947
08114,08,1897,1897,462.155,6.1359,37.8086,0.352281,residential,False,-0.286934,False,168.972,74.7803,236.294,114.294,236.335,91.2003,203.397,0.0465167,0.0336054,0.0558959,0.650835,0.729421,0.22532,0.527928,0.0785855,0.760392
08115,08,1668.77,1668.77,420.776,6.0421,37.1158,0.364062,residential,False,-0.113974,False,297.578,57.5996,133.644,145.564,286.379,240.019,131.2,0.0377104,0.0299339,0.0506943,0.646198,0.74698,0.25199,0.482613,0.100782,0.787486
08116,08,1758.12,1758.12,308.91,5.73305,36.0898,0.447449,residential,False,-0.171319,False,204.008,177.57,137.42,121.689,218.284,98.08,198.95,0.0754824,0.0376956,0.0517001,0.576804,0.66547,0.20134,0.502646,0.0886654,0.728306
08117,08,1763.11,1763.11,442.557,6.09257,36.0837,0.40324,residential,False,-0.129651,False,206.96,192.877,132.268,174.358,127.339,271.122,166.454,0.0602344,0.0290588,0.0650864,0.568609,0.656731,0.198483,0.495448,0.0881213,0.759357
08118,08,2073.77,2073.77,534.059,6.28051,36.9087,0.2921,residential,False,-0.926118,False,69.7601,108.502,358.413,156.568,83.8775,29.5286,158.464,0.0452261,0.0565327,0.0439698,0.65201,0.729899,0.183417,0.557789,0.0778894,0.735455
08119,08,2209.23,2209.23,539.181,6.29005,38.1541,0.251072,residential,False,-0.532462,False,91.2956,224.323,406.236,115.799,104.216,186.729,64.1275,0.030888,0.023166,0.0527671,0.684685,0.772201,0.199485,0.568855,0.0875161,0.742366
08120,08,2004.28,1790.28,377.564,5.93374,37.9061,0.303365,residential,False,-0.631575,False,67.1481,65.0246,383.654,63.1257,119.845,187.84,196.4,0.0554299,0.040724,0.0644796,0.589367,0.661765,0.192308,0.516968,0.0723982,0.760684
08121,08,1799.72,1799.72,437.531,6.08115,36.1059,0.383917,residential,False,-0.35237,False,135.965,195.373,161.916,170.193,147.037,56.4716,245.813,0.0590233,0.0263816,0.0736265,0.565961,0.632626,0.186121,0.512489,0.0666658,0.742026
08122,08,1254.1,1254.1,358.736,5.88259,37.1154,0.444162,residential,False,-0.299063,False,311.025,106.805,189.09,112.8,108.061,242.041,144.294,0.146125,0.0495553,0.110546,0.212198,0.348158,0.106734,0.362135,0.135959,0.748357
08123,08,1521.75,1521.75,414.129,6.02618,36.3702,0.446923,residential,False,0.0198883,False,234.887,90.5971,144.979,131.675,188.188,325.604,286.408,0.0682862,0.0248339,0.0717076,0.556557,0.631046,0.173775,0.522776,0.0744885,0.769355
08124,08,2213.61,2213.61,364.588,5.89877,36.6582,0.416127,residential,False,-0.332463,False,301.421,54.3954,136.28,179.05,109.661,263.837,181.765,0.0862514,0.00807885,0.074428,0.472578,0.583966,0.155316,0.477941,0.111389,0.659298
08125,08,1589.73,1589.73,243.545,5.4953,35.6723,0.36549,residential,False,0.0127201,False,326.294,227.009,82.1132,102.335,195.394,257.621,196.154,0.0830867,0.0333019,0.0634082,0.521428,0.620291,0.187534,0.480389,0.098863,0.76766
08126,08,2099.41,2099.41,389.588,5.96509,37.3248,0.43672,residential,False,-0.075431,False,442.668,118.006,262.103,95.0494,151.581,118.674,251.208,0.0817039,0.04,0.0776876,0.498053,0.585396,0.173103,0.484341,0.0873428,0.710526
08127,08,2302.56,2302.56,180.523,5.19586,36.6991,0.313859,residential,False,0.576366,False,683.931,239.979,395.418,160.126,164.726,263.145,353.631,0.0791768,0.0523626,0.0909446,0.484243,0.561387,0.136797,0.517568,0.0771437,0.598666
08128,08,1994.46,1994.46,483.552,6.18116,37.2484,0.391518,residential,False,-0.356648,False,111.834,166.79,237.139,156.014,163.244,117.966,124.619,0.053819,0.0363225,0.0606805,0.591634,0.672876,0.212839,0.493294,0.0812419,0.717253
08129,08,1711.54,1711.54,584.051,6.36999,37.2817,0.275463,residential,False,-0.416649,False,128.144,115.444,181.891,161.001,113.448,220.284,139.499,0.0666229,0.0321562,0.0695012,0.537754,0.637161,0.208079,0.465799,0.0994078,0.714567
08130,08,1648,1648,449.354,6.10781,36.7196,0.322169,residential,False,-0.218408,False,251.522,149.97,166.314,221.999,142.988,143.528,124.78,0.0510204,0.0247813,0.0349854,0.661808,0.75656,0.236152,0.511662,0.0947522,0.803717
08131,08,1631.22,1631.22,140.196,4.94304,37.7626,0.355643,residential,False,-0.234355,False,356.992,193.49,176.248,98.2047,110.177,171.078,154.622,0.0864957,0.0343333,0.0795262,0.511145,0.592637,0.156332,0.520835,0.0814923,0.590128
08201,08,1785.93,1763.29,476.195,6.16583,36.8427,0.318829,residential,False,-0.470694,False,83.1381,117.379,91.0143,128.07,192.202,114.362,227.54,0.0386001,0.0320737,0.0446151,0.668814,0.749421,0.22392,0.528109,0.0806066,0.696118
08202,08,1941.35,1906.99,449.511,6.10816,37.8304,0.268552,residential,False,-0.452462,False,119.628,96.7826,161.79,152.276,206.01,64.0393,189.139,0.0528786,0.0261406,0.0483418,0.628974,0.719652,0.226795,0.5034,0.0906785,0.778176
08203,08,1940.28,1940.28,377.045,5.93236,38.1967,0.253415,residential,False,-1.02199,False,92.096,68.9007,52.3458,53.6814,153.571,103.63,129.65,0.0431074,0.0338705,0.0289637,0.701797,0.764412,0.205174,0.568694,0.0626145,0.724847
08204,08,2170.04,2160.04,367.37,5.90637,34.5189,0.43685,residential,False,-0.368221,False,205.696,107.103,52.9636,130.967,125.221,271.042,227.459,0.0401338,0.0178372,0.0802676,0.588629,0.67893,0.268673,0.440357,0.090301,0.775773
08205,08,2029.51,2029.51,221.184,5.399,37.458,0.373151,residential,False,-0.573145,False,72.5708,142.421,136.578,148.79,103.034,124.923,231.656,0.0547958,0.0345955,0.0559641,0.606947,0.683963,0.21485,0.502857,0.0770157,0.737503
08206,08,2335.72,2335.72,535.415,6.28304,38.0888,0.276755,residential,False,-0.693078,False,108.925,120.938,142.866,64.5671,89.6474,246.483,139.978,0.0449029,0.0339806,0.0449029,0.648058,0.73301,0.194175,0.543689,0.0849515,0.724499
08207,08,2198.37,2198.37,496.419,6.20742,39.135,0.230371,residential,False,-0.586035,False,91.9549,151.816,174.058,149.628,137.552,128.134,92.264,0.0725246,0.0425223,0.0421648,0.591029,0.676138,0.166779,0.53894,0.085109,0.699279
08208,08,1643,1643,549.497,6.309,37.4336,0.31712,residential,False,-0.633405,False,126.299,66.6147,61.6991,75.6082,224.451,153.004,150.071,0.041506,0.0238796,0.0550566,0.670831,0.739124,0.226668,0.540726,0.0682923,0.759999
08209,08,2145.81,2145.81,279.122,5.63165,39.1457,0.208024,residential,False,-0.434764,False,116.621,213.462,261.519,170.984,82.3718,221.99,102.064,0.0591327,0.0289093,0.0551905,0.596583,0.697766,0.195795,0.515112,0.101183,0.67975
08210,08,2100.28,2100.28,596.505,6.39109,38.1915,0.213657,residential,False,-0.446814,False,89.877,174.531,145.805,179.366,189.657,95.4841,116.778,0.0328068,0.0218712,0.0437424,0.699878,0.782503,0.194411,0.582017,0.0826245,0.744395
08211,08,2088.82,2088.82,228.414,5.43116,37.9537,0.382844,residential,False,-0.311024,False,162.478,92.132,299.925,85.1584,208.71,116.917,165.492,0.0351105,0.0260078,0.0611183,0.637191,0.73212,0.228869,0.504551,0.0949285,0.719591
08212,08,2086.25,1996.25,195.018,5.27309,38.0009,0.254155,residential,False,-0.481479,False,57.9801,261.402,171.328,163.711,138.076,123.123,130.354,0.053152,0.0358467,0.0754017,0.573548,0.668727,0.203956,0.498146,0.0951792,0.722173
08213,08,2310.34,2310.34,341.495,5.83333,35.7045,0.465169,residential,False,-0.558441,False,116.887,85.2054,288.507,32.9358,175.74,142.911,180.71,0.0951145,0.0577345,0.0390237,0.543365,0.633745,0.0915171,0.585987,0.09038,0.459308
08214,08,1686.57,1686.57,513.611,6.24147,36.022,0.379194,residential,False,-0.383075,False,76.0837,128.805,97.1256,43.9539,418.298,129.16,186.933,0.0393548,0.0329373,0.0693309,0.626471,0.698408,0.208786,0.526371,0.0719375,0.767877
08215,08,1740,1740,553.355,6.316,36.7435,0.325117,residential,False,-0.599709,False,49.0237,57.2614,78.0095,65.5344,393.899,104.554,240.813,0.0728078,0.0176732,0.0563366,0.608519,0.67833,0.237048,0.500616,0.0698103,0.776443
08216,08,1691.71,1691.71,491.481,6.19742,35.0666,0.384923,residential,False,0.0241855,False,127.83,114.769,77.5442,178.408,359.648,183.04,294.843,0.0695899,0.0338935,0.0437918,0.608541,0.696822,0.19936,0.522563,0.0882817,0.748496
08217,08,1746.26,1746.26,467.716,6.14786,34.3203,0.434582,residential,False,0.368959,False,237.363,121.829,100.115,130.017,370.709,415.074,360.364,0.0591185,0.0427439,0.0475372,0.615724,0.686928,0.197935,0.524444,0.0712042,0.726656
08218,08,1761.71,1761.25,465.661,6.14346,33.8599,0.427523,residential,False,0.164377,False,300.068,44.7001,103.794,106.782,328.899,545.29,306.683,0.0655527,0.0424165,0.0539846,0.583548,0.682519,0.224936,0.478149,0.0989717,0.714547
08219,08,1933.88,1933.88,549.253,6.30856,38.0229,0.289163,residential,False,-0.387764,False,100.867,55.0866,222.435,201.554,238.652,184.689,100.106,0.0585834,0.025022,0.0624686,0.62398,0.684345,0.177508,0.567523,0.0603651,0.721731
08220,08,1816.99,1814,594.236,6.38728,36.2754,0.263902,residential,False,-0.181018,False,124.421,125.068,120.253,227.4,216.738,205.813,146.798,0.054543,0.0443932,0.0508153,0.612844,0.691812,0.181664,0.536539,0.0789678,0.723421
08221,08,1925.81,1925.81,239.361,5.47797,35.5056,0.466559,residential,False,-0.307464,False,164.061,98.7045,149.491,88.7213,221.669,112.702,226.288,0.106373,0.0308906,0.06151,0.504437,0.5824,0.125152,0.547168,0.077963,0.637054
08222,08,2161,2161,327.483,5.79144,37.5774,0.370619,residential,False,-0.680834,False,149.96,87.4471,101.09,34.6871,191.983,222.271,99.0082,0.0383155,0.0442687,0.0646144,0.612534,0.700111,0.145887,0.569576,0.0875775,0.73683
08223,08,2234.15,2234.15,349.151,5.85551,37.6485,0.338958,residential,False,-0.726193,False,114.971,94.3923,151.605,78.3081,89.337,226.469,129.514,0.0843296,0.0468688,0.0714182,0.514725,0.600209,0.143424,0.52705,0.0854835,0.685944
08224,08,1921.01,1921,296.997,5.69372,36.5438,0.403644,residential,False,-0.236282,False,124.573,134.106,71.3761,153.66,219.933,178.657,223.928,0.0727935,0.0307764,0.0443877,0.597247,0.668312,0.178864,0.535565,0.0710647,0.668434
08225,08,1858,1858,577.848,6.35931,36.5922,0.265868,residential,False,-0.228874,False,95.1152,55.391,170.908,329.567,209.885,327.771,127.554,0.0457764,0.0225517,0.0313377,0.701944,0.772848,0.219364,0.559694,0.0709044,0.739391
08226,08,1642.79,1642.79,519.921,6.25368,35.6692,0.337672,residential,False,-0.0362356,False,254.471,109.982,216.878,193.307,281.584,155.348,107.253,0.0507545,0.011317,0.0483584,0.660536,0.741561,0.252064,0.507585,0.0810253,0.770134
08227,08,1732.21,1732.21,457.03,6.12475,36.2446,0.342749,residential,False,-0.477445,False,140.473,38.976,192.459,165.675,178.073,207.805,122.993,0.06029,0.0326558,0.0514171,0.612784,0.689217,0.182686,0.541805,0.0764329,0.702691
08228,08,2178.61,2172.07,382.738,5.94735,34.4959,0.385105,residential,False,0.367007,False,491.998,72.7882,208.231,201.092,249.238,421.845,242.682,0.0583836,0.0348893,0.0455168,0.631664,0.71404,0.162838,0.572726,0.0823765,0.683911
08229,08,2682,2682,767.033,6.64253,37.0852,0.273933,residential,False,-0.0575808,False,129.163,141.515,319.115,257.902,114.976,283.397,207.013,0.0568243,0.057058,0.0516243,0.585662,0.680714,0.154581,0.53953,0.0950521,0.636601
08230,08,1790,1790,735.98,6.6012,37.3158,0.233523,residential,False,-0.828162,False,169.297,59.331,205.821,98.6054,55.1444,132.858,200.241,0.0542188,0.0420166,0.0474939,0.645075,0.699227,0.184275,0.562513,0.0541513,0.709285
08231,08,1692.5,1692.5,476.939,6.16739,38.6806,0.300677,residential,False,-0.806513,False,61.7965,69.0146,154.853,150.534,128.947,83.1034,166.378,0.0535352,0.0613179,0.0411477,0.625597,0.701767,0.191439,0.528841,0.0761701,0.709865
08301,08,1510,1510,286.82,5.65885,36.4847,0.406433,residential,False,-0.466401,False,96.5541,98.4383,67.9586,117.054,217.85,152.505,198.11,0.0445593,0.0282551,0.0676683,0.607984,0.690395,0.25193,0.468282,0.0824116,0.779462
08302,08,1574.31,1574.31,438.15,6.08256,38.005,0.277472,residential,False,-0.244138,False,176.518,107.892,251.1,86.9676,281.478,98.8059,145.432,0.0552137,0.0243024,0.071812,0.574895,0.671991,0.237124,0.464797,0.0970956,0.778897
08303,08,2147.7,2147.7,494.698,6.20395,38.5161,0.286485,residential,False,-0.265262,False,217.31,97.5488,366.427,229.899,119.679,131.606,135.65,0.0478133,0.0461944,0.0513695,0.635622,0.720618,0.167046,0.567759,0.0849965,0.683878
08304,08,1695.25,1364.25,268.966,5.59459,38.0128,0.38033,residential,False,-0.440431,False,158.753,86.8702,286.567,149.413,224.907,55.4176,118.461,0.0448506,0.0331197,0.051534,0.671254,0.740864,0.193165,0.574474,0.06961,0.73018
08305,08,1780,1780,312.069,5.74322,36.8833,0.420303,residential,False,-0.646308,False,127.079,100.545,167.446,131.572,148.798,78.8947,115.192,0.0596347,0.0392667,0.0575917,0.61318,0.687628,0.188896,0.541511,0.0744474,0.758547
08306,08,1783,1783,578.72,6.36082,38.3675,0.274052,residential,False,-0.183031,False,251.886,142.639,389.714,175.525,103.354,212.863,119.724,0.0594644,0.028974,0.0571495,0.593747,0.677636,0.161077,0.549284,0.0838894,0.720099
08307,08,1905,1905,470.551,6.1539,37.6379,0.336893,residential,False,-0.161125,False,240.376,123.865,468.066,82.1695,110.007,185.984,237.912,0.0630619,0.018198,0.051534,0.615823,0.693399,0.233008,0.497411,0.0775759,0.70633
08308,08,1977.93,1977.93,459.693,6.13056,37.9091,0.363408,residential,False,-0.408668,False,253.471,108.177,460.589,100.996,82.6167,61.3414,305.376,0.0572986,0.0411624,0.0508209,0.630301,0.696626,0.206956,0.531465,0.0663251,0.71011
08309,08,2614.1,2371.36,139.874,4.94074,37.3205,0.302618,residential,False,0.343209,False,422.714,216.45,367.688,108.493,242.14,133.126,298.64,0.0661731,0.100356,0.0869259,0.443261,0.555547,0.0425598,0.553801,0.112285,0.52171
08310,08,2339.27,2339.16,377.002,5.93225,33.898,0.6285,residential,False,0.672582,False,614.952,361.902,276.939,39.4238,368.014,214.431,493.112,0.125303,0.0722029,0.0676147,0.384495,0.505581,0.0458785,0.531534,0.121086,0.486667
08311,08,2855.3,2849.3,49.4864,3.9017,40.3578,0.218301,residential,False,0.299798,False,324.08,345.924,444.935,330.794,97.5897,206.812,228.363,0.0640899,0.0666911,0.0836392,0.458843,0.5665,0.101944,0.504628,0.107657,0.526002
08312,08,1515.76,1500.76,125.753,4.83432,35.0175,0.567202,residential,False,-0.260848,False,291.298,202.375,201.255,88.9691,103.855,96.5408,274.226,0.146941,0.0615598,0.168476,0.085301,0.235496,0.102906,0.297813,0.150195,0.625882
08313,08,1205.54,1205.54,150.775,5.01579,34.6425,0.551304,residential,False,0.0193556,False,343.346,222.225,108.341,91.2967,161.847,119.666,448.935,0.169201,0.0658516,0.18096,0.00260017,0.160159,0.0978863,0.254875,0.157559,0.681047
08314,08,2237.33,2237.33,343.05,5.83788,34.4267,0.481121,residential,False,-0.356791,False,429.431,91.4889,85.2051,68.4323,150.598,144.554,219.259,0.141561,0.10238,0.094011,0.242748,0.371971,0.0420593,0.436262,0.129222,0.521408
08315,08,2334.99,2334.99,89.4083,4.49321,39.9838,0.258484,residential,False,0.115523,False,519.935,339.654,147.546,71.5272,104.764,398.347,227.406,0.12825,0.155716,0.079443,0.270147,0.39074,0.0327408,0.445099,0.120593,0.515895
08316,08,2732.48,2732.48,300.317,5.70484,34.868,0.494961,residential,False,-0.280879,False,219.671,200.788,102.094,69.7172,122.86,266.787,197.05,0.140116,0.118417,0.0743987,0.26038,0.4004,0.0427461,0.432148,0.14002,0.470177
08317,08,2052.08,2052.08,364.542,5.89864,36.0977,0.360445,residential,False,-0.527256,False,442.424,79.4315,361.57,68.2694,37.852,275.582,210.746,0.0539353,0.0533606,0.0629067,0.582325,0.68175,0.135618,0.56355,0.0994253,0.641037
08318,08,2239.78,2079.78,303.153,5.71424,35.751,0.474831,residential,False,-0.500633,False,283.241,18.6503,335.928,173.066,105.898,174.134,191.304,0.0470716,0.0393418,0.100926,0.490407,0.624963,0.161611,0.476793,0.134557,0.656723
08319,08,2121.1,2102.1,225.3,5.41743,34.1793,0.460935,residential,False,-0.2389,False,472.364,110.416,138.226,140.702,93.0152,196.203,198.631,0.0636709,0.0473596,0.102666,0.449098,0.561718,0.197846,0.417589,0.11262,0.754438
08320,08,2123.62,1974.68,257.344,5.55041,35.2087,0.468554,residential,False,0.543522,False,523.09,407.243,90.3737,146.496,247.475,472.947,229.148,0.188664,0.0541963,0.141205,0.0735228,0.183694,0.0990756,0.304316,0.110171,0.68161
08321,08,2242.34,2227.3,294.574,5.68553,36.5918,0.411714,residential,False,0.0236245,False,248.43,181.976,78.4811,72.8082,227.233,244.231,338.096,0.0914214,0.0637626,0.109474,0.363515,0.472359,0.13949,0.424921,0.108844,0.610961
08322,08,2710.26,2710.26,246.566,5.50763,38.9712,0.306383,residential,False,-0.225178,False,224.591,119.115,80.3735,124.471,211.066,123.209,246.606,0.121095,0.0579596,0.0794431,0.390119,0.485761,0.131649,0.459008,0.0956427,0.633408
08323,08,2223.43,2223.43,350.117,5.85827,38.3565,0.287204,residential,False,-0.128473,False,184.67,118.067,196.053,110.136,224.855,248.925,135.562,0.0596643,0.0388909,0.0576141,0.555613,0.662737,0.149068,0.523823,0.107125,0.633694
08324,08,2252.24,2252.24,377.931,5.93471,37.5029,0.328716,residential,False,-0.885607,False,124.718,64.8995,161.896,148.973,71.9854,91.8579,150.807,0.0760994,0.0327495,0.0669606,0.523151,0.611478,0.136724,0.529487,0.088327,0.696719
08325,08,1730.07,1730.07,369.576,5.91236,37.8669,0.339523,residential,False,-0.0432807,False,222.187,161.359,223.355,119.957,158.772,224.108,204.093,0.107995,0.030603,0.0907487,0.388826,0.496699,0.148891,0.438679,0.107874,0.685611
08326,08,1910.55,1910.55,141.434,4.95184,35.6076,0.396784,residential,False,-0.317116,False,107.603,208.961,84.5778,126.391,136.385,138.669,326.214,0.167147,0.0792192,0.12757,0.127532,0.271775,0.0788985,0.34335,0.144243,0.593899
08327,08,2343.32,2343.32,211.548,5.35445,38.0269,0.421942,residential,False,0.199407,False,327.706,156.574,168.971,144.351,225.857,130.904,403.626,0.129293,0.0819227,0.0921439,0.289038,0.400457,0.105301,0.405173,0.111419,0.586957
08328,08,1913.95,1911.95,227.946,5.42911,35.5186,0.544051,residential,False,-0.0999067,False,198.028,167.244,75.0168,75.1898,185.121,253.548,347.275,0.209486,0.0662611,0.11315,0.0730811,0.191697,0.0696282,0.326089,0.118616,0.567821
08329,08,2001,1992,96.8924,4.5736,37.5628,0.334345,residential,False,0.594421,False,375.441,415.492,128.827,224.071,211.703,283.365,420.633,0.182845,0.0322345,0.217045,-0.0623657,0.0860043,0.115815,0.221709,0.14837,0.703475
08330,08,1638,1581,164.822,5.10486,37.0581,0.413585,residential,False,0.107356,False,330.862,280.665,93.5671,166.027,112.655,289.843,325.783,0.164184,0.0604274,0.186682,0.023937,0.170214,0.129359,0.245444,0.146277,0.695623
08331,08,1936.22,1936.22,207.644,5.33582,36.511,0.494091,residential,False,0.267714,False,343.46,283.102,285.995,121.823,102.776,397.963,325.455,0.228025,0.0566494,0.164237,-0.0735447,0.0744429,0.0509929,0.267725,0.147988,0.561234
08332,08,1833.97,1833.97,183.942,5.21462,38.0994,0.387914,residential,False,-0.209032,False,175.037,113.252,160.09,185.716,184.761,123.613,199.11,0.20936,0.06489,0.149653,-0.0358278,0.128714,0.0741474,0.249038,0.164542,0.69418
08401,08,1454,1177,79.0797,4.37046,35.4881,0.49915,residential,False,0.521693,False,602.195,402.186,116.757,164.368,118.398,494.737,426.723,0.175007,0.0566317,0.283495,-0.221146,-0.0605999,0.0458703,0.191485,0.160546,0.676522
08402,08,1542.46,1542.46,271.077,5.6024,35.8709,0.427895,residential,False,-0.374631,False,261.62,206.17,4.94061,50.6711,201.653,648.66,204,0.238293,0.03506,0.285575,-0.340951,-0.154183,0.0598005,0.123118,0.186767,0.761251
08403,08,1750.54,1750.54,133.282,4.89247,36.1099,0.460858,residential,False,-0.0403432,False,178.812,123.116,92.5596,106.704,247.63,604.676,132.668,0.232296,0.059231,0.246639,-0.266865,-0.0931163,0.0490906,0.162979,0.173749,0.637669
08404,08,1418.84,1418.84,85.7088,4.45096,35.2589,0.526787,residential,False,0.35498,False,251.011,209.454,129.135,180.913,199.876,495.556,303.609,0.183099,0.0521127,0.259155,-0.176056,-0.0197183,0.0873239,0.178873,0.156338,0.777778
08405,08,1337.16,1337.16,64.8463,4.17202,35.5021,0.533126,residential,False,0.807072,False,583.175,422.066,320.155,406.152,163.305,407.254,275.732,0.225202,0.054697,0.318824,-0.349807,-0.209802,0.0475212,0.146698,0.140005,0.734168
08406,08,1459.97,1459.97,49.7901,3.90782,34.9367,0.514455,residential,False,1.6271,False,988.617,831.838,185.312,474.737,340.303,632.684,901.843,0.179752,0.0467892,0.328801,-0.267331,-0.130154,0.0730882,0.168135,0.137176,0.751602
08407,08,1451.67,1451.67,51.0957,3.9337,35.3197,0.530984,residential,False,1.33099,False,694.31,605.678,409.229,337.849,257.506,506.297,641.831,0.165523,0.0378845,0.380079,-0.361675,-0.214746,0.0685204,0.115407,0.146929,0.766912
08408,08,1538.41,1538.41,132.157,4.88399,35.934,0.542349,residential,False,0.0593128,False,230.826,321.447,172.743,81.7481,116.211,230.252,414.351,0.192914,0.0387458,0.204773,-0.092044,0.0715394,0.0901651,0.215479,0.163583,0.66739
08409,08,1570.59,1570.59,96.0339,4.5647,35.153,0.600466,residential,False,-0.514008,False,190.715,48.7238,97.0594,43.8363,180.644,148.467,351.95,0.230485,0.0561289,0.167378,-0.0971548,0.0376565,0.0785537,0.222155,0.134811,0.602337
08410,08,1601.55,1601.55,115.755,4.75148,36.7222,0.535356,residential,False,0.0959097,False,223.233,189.712,192.128,127.321,145.139,292.028,308.023,0.219766,0.0507152,0.227568,-0.191157,-0.0325098,0.0663199,0.189857,0.158648,0.722736
08411,08,1546.45,1546.45,45.8636,3.82567,36.4872,0.422559,residential,False,0.226284,False,97.004,350.514,162.905,178.434,137.388,577.918,343.614,0.199348,0.0466734,0.260598,-0.201385,-0.0282144,0.0877375,0.170823,0.173171,0.659014
08412,08,1598.54,1598.54,170.62,5.13944,35.2427,0.592387,residential,False,0.215749,False,346.791,213.097,74.2575,74.1955,269.323,270.106,364.128,0.206232,0.0638479,0.187967,-0.120267,0.0757946,0.0491773,0.224755,0.196061,0.659491
08413,08,1621.62,1621.62,154.637,5.04108,35.4986,0.512857,residential,False,0.0483073,False,371.519,220.909,59.0852,110.693,248.184,186.931,222.773,0.214137,0.0621331,0.257363,-0.247167,-0.0621879,0.0453241,0.179009,0.184979,0.675897
08414,08,1787.18,1787.18,164.313,5.10178,36.3593,0.490239,residential,False,0.0611483,False,162.967,234.221,239.676,128.13,182.633,293.017,177.434,0.206018,0.0649394,0.203577,-0.147698,0.0437622,0.0553284,0.206568,0.19146,0.627756
08415,08,1235.91,1235.91,254.874,5.54077,34.2466,0.531305,residential,False,-0.296653,False,236.062,289.135,129.602,24.7041,205.512,133.074,187.653,0.258184,0.0477912,0.194484,-0.227772,-0.0184644,0.0338908,0.191004,0.209308,0.585582
08416,08,1601.8,1601.8,83.1693,4.42088,36.2663,0.461447,residential,False,0.500919,False,323.301,367.307,513.464,271.293,141.919,345.619,196.422,0.17919,0.0510923,0.265143,-0.179884,-0.0100684,0.0646044,0.199844,0.169816,0.664896
08417,08,1795.4,1795.4,204.137,5.31879,35.7134,0.551521,residential,False,-0.743269,False,113.943,32.7728,474.472,40.6683,140.072,234.908,107.628,0.226388,0.0559501,0.231691,-0.202559,-0.0357683,0.0370205,0.2185,0.166791,0.583213
08418,08,1556.84,1556.84,144.312,4.97198,36.3865,0.362916,residential,False,-0.163367,False,156.523,295.526,254.404,108.652,145.061,110.62,204.537,0.151759,0.0755529,0.250959,-0.164925,0.0224313,0.0507694,0.187023,0.187357,0.639132
08419,08,1683.64,1683.64,159.786,5.07383,35.6476,0.544465,residential,False,-0.254705,False,233.719,229.678,67.7101,54.7055,255.72,144.9,159.922,0.20269,0.0457209,0.259058,-0.225964,-0.031526,0.0401089,0.195675,0.194438,0.648941
08420,08,1568.2,1568.2,155.876,5.04906,35.8272,0.483563,residential,False,0.151374,False,234.377,341.713,308.398,172.111,119.912,189.932,259.609,0.213632,0.0657682,0.222496,-0.183788,-0.000214703,0.0314922,0.220848,0.183573,0.576724
08421,08,2249,2249,441.153,6.08939,34.9832,0.487068,residential,False,-0.714831,False,288.148,73.8769,165.087,35.4509,119.7,125.245,134.545,0.178838,0.110125,0.143624,0.0199313,0.193,0.0216307,0.320762,0.173068,0.525284
08422,08,1814.04,1814.04,161.469,5.08432,35.1535,0.536619,residential,False,-0.53308,False,257.856,52.0315,58.452,43.6078,260.616,110.156,246.134,0.20031,0.0683453,0.21164,-0.114065,0.0535879,0.0333886,0.264496,0.167653,0.628887
08423,08,1872.1,1872.1,379.068,5.93771,31.7555,0.630086,residential,False,-0.438601,False,280.869,190.753,70.5029,18.5896,130.799,164.293,375.589,0.236027,0.0685036,0.174884,-0.147504,0.0333606,0.0347828,0.228624,0.180865,0.585609
08424,08,1225.38,1225.38,354.789,5.87152,34.4782,0.548506,residential,False,-0.617416,False,314.636,142.383,172.253,4.09423,147.097,117.418,336.58,0.285205,0.0740208,0.187545,-0.261133,-0.0834098,0.038122,0.173495,0.177723,0.611042
08425,08,1575.29,1575.29,191.066,5.25262,34.0947,0.554585,residential,False,0.0682296,False,389.37,198.587,170.293,66.3331,175.012,172.729,332.93,0.192444,0.037836,0.296751,-0.271962,-0.0873033,0.0339853,0.183248,0.184659,0.672966
08426,08,2286.16,2286.16,60.521,4.10299,35.8155,0.500407,residential,False,0.382766,False,275.053,209.113,426.191,352.877,141.083,181.866,354.065,0.195423,0.0628472,0.271768,-0.242378,-0.0771465,0.0601073,0.164705,0.165232,0.698543
08427,08,1206.45,1206.45,233.085,5.4514,32.3678,0.579944,residential,False,-0.369474,False,235.958,77.0253,70.1117,72.5618,172.221,230.835,238.029,0.243006,0.0713059,0.18423,-0.185309,0.00707804,0.0379343,0.203992,0.192387,0.592529
08428,08,1699.98,1699.98,300.799,5.70644,34.6415,0.51015,residential,False,-0.389527,False,244.898,210.34,147.948,29.1614,114.24,243.188,191.684,0.258475,0.0701144,0.16076,-0.183509,0.0231737,0.0333343,0.202391,0.206683,0.509175
08429,08,1771.47,1771.47,273.785,5.61234,34.2998,0.569247,residential,False,-0.293353,False,224.732,378.274,45.879,55.9561,147.834,169.045,235.181,0.229743,0.0816146,0.190505,-0.174113,-0.00555589,0.0469621,0.199172,0.168557,0.584586
08430,08,1690.39,1690.39,312.585,5.74488,33.2937,0.541786,residential,False,-0.30296,False,348.515,146.385,70.9959,84.3744,120.301,176.112,255.701,0.203513,0.059347,0.199095,-0.136786,0.0666504,0.030546,0.235276,0.203436,0.559998
08431,08,1638.13,1638.13,158.944,5.06855,34.9938,0.517658,residential,False,-0.0564382,False,236.321,348.931,150.236,120.649,113.571,167.921,262.382,0.225215,0.0516317,0.19775,-0.145447,0.0322078,0.0435873,0.233932,0.177654,0.608902
08501,08,1907.25,1880.25,119.711,4.78508,36.2391,0.386447,residential,False,0.269057,False,317.947,205.777,242.323,374.955,153.354,232.671,196.128,0.167225,0.0470183,0.206645,-0.00913062,0.125186,0.123414,0.241325,0.134317,0.565736
08502,08,1558.73,1558,46.0935,3.83067,34.6382,0.50254,residential,False,1.03989,False,872.4,442.511,155.512,324.994,208.685,598.965,467.873,0.104966,0.0361174,0.318284,-0.150113,0.020316,0.123025,0.150113,0.170429,0.839623
08503,08,1500.26,1500.26,45.7928,3.82413,35.3088,0.484505,residential,False,1.00581,False,1090.12,370.429,116.533,586.687,205.876,307.298,550.887,0.120266,0.0551349,0.288524,-0.136404,0.0349755,0.125819,0.146567,0.17138,0.763463
08504,08,1368.14,1329.58,49.5237,3.90245,34.8692,0.538315,residential,False,0.634917,False,785.391,278.655,177.05,347.073,231.634,299.276,185.714,0.22975,0.0515464,0.228277,-0.263623,-0.0530191,0.0648012,0.129602,0.210604,0.668593
08505,08,1487.02,1457.02,165.713,5.11026,34.2283,0.546948,residential,False,0.364588,False,525.419,572.378,68.044,55.2307,152.542,499.034,385.162,0.153761,0.0415798,0.14369,0.109356,0.283359,0.155399,0.251408,0.174003,0.716963
08506,08,1134.33,1134.33,103.613,4.64066,34.2361,0.575603,residential,False,0.440958,False,398.672,384.383,64.6618,91.0127,247.916,246.542,588.05,0.119908,0.0274097,0.161481,0.124682,0.328024,0.204417,0.201653,0.203342,0.835015
08507,08,1235.65,1235.65,119.691,4.78491,34.8303,0.556333,residential,False,0.34512,False,202.67,403.945,129.128,122.535,139.439,301.44,693.558,0.131474,0.0371846,0.166003,0.0956175,0.288181,0.180611,0.212483,0.192563,0.826609
08508,08,1493,1493,85.1632,4.44457,34.2669,0.52259,residential,False,0.359127,False,533.028,176.296,72.2459,228.033,233.182,181.778,429.195,0.178301,0.0394045,0.202897,-0.104829,0.119208,0.113824,0.162545,0.224037,0.690225
08509,08,1229.02,1229.02,84.9732,4.44234,35.9226,0.564435,residential,False,0.136599,False,117.793,224.164,178.352,145.557,175.029,142.514,711.795,0.196359,0.0514763,0.172909,-0.00856114,0.125735,0.144072,0.216634,0.134296,0.765313
08510,08,1410.14,1410.14,114.381,4.73953,34.1795,0.641542,residential,False,-0.0796302,False,317.895,128.778,76.6576,142.256,178.131,229.973,227.833,0.257666,0.0467382,0.151846,-0.10689,0.0521557,0.0880826,0.214539,0.159045,0.669448
08511,08,1770.84,1770.84,164.057,5.10022,34.8859,0.645323,residential,False,0.0302554,False,462.039,119.158,94.7534,195.807,192.666,182.958,210.165,0.225814,0.0714075,0.179092,-0.166673,0.0354211,0.0604638,0.177769,0.202094,0.593348
08512,08,1336.57,1336.57,36.7436,3.60397,35.0598,0.585598,residential,False,0.733386,False,610.972,291.296,218.168,299.136,257.401,296.352,278.65,0.221249,0.0435183,0.241826,-0.219615,-0.0632907,0.0649095,0.178551,0.156324,0.71394
08513,08,1447.49,1447.49,44.1828,3.78834,35.8868,0.533695,residential,False,0.575252,False,583.575,306.201,178.129,303.317,189.246,279.058,270.686,0.234416,0.0484662,0.29088,-0.353084,-0.176537,0.039095,0.133116,0.176547,0.724927
08514,08,1188.58,1184.87,65.3508,4.17977,35.3664,0.545039,residential,False,0.825462,False,744.76,307.044,218.808,249.732,205.864,384.877,422.857,0.235429,0.0455707,0.341744,-0.420082,-0.274675,0.0666447,0.0904464,0.145407,0.773237
08515,08,1147.77,1147.77,99.1587,4.59672,35.3126,0.514658,residential,False,0.167542,False,669.142,151.513,71.1872,32.0848,461.908,86.7881,481.011,0.201301,0.0514409,0.247943,-0.205958,-0.0435963,0.109202,0.134084,0.162362,0.803486
08516,08,1333.96,1333.96,143.643,4.96733,35.3057,0.567173,residential,False,-0.238106,False,229.725,96.7786,171.992,36.6654,184.238,243.918,272.458,0.257369,0.0762276,0.177544,-0.176963,-0.0497246,0.0514431,0.206507,0.127238,0.646554
08517,08,1353.62,1353.62,88.225,4.47989,35.9638,0.501139,residential,False,0.0316076,False,470.255,139.421,174.623,71.6412,174.201,196.95,274.722,0.228264,0.0657149,0.312669,-0.337698,-0.209228,0.0536092,0.149627,0.128469,0.694932
08518,08,1166.28,1166.28,50.7937,3.92777,35.7075,0.550012,residential,False,0.390416,False,786.249,346.93,95.4069,140.4,186.444,278.809,232.634,0.238987,0.0607712,0.274598,-0.328592,-0.17207,0.0680463,0.116947,0.156522,0.780256
08519,08,1267.92,1267.92,50.6691,3.92532,35.3635,0.519652,residential,False,0.779576,False,567.833,282.282,327.964,230.545,217.101,314.2,418.901,0.199604,0.0503063,0.362383,-0.390071,-0.24725,0.0727553,0.0991611,0.142821,0.773893
08520,08,1445.13,1445.13,81.6743,4.40274,34.54,0.596863,residential,False,0.694756,False,552.582,386.842,257.84,163.282,258.488,308.396,270.531,0.187969,0.0414099,0.341417,-0.334286,-0.167285,0.0631043,0.131995,0.167001,0.738362
08521,08,1289.06,1289.06,85.435,4.44776,34.989,0.527591,residential,False,0.465207,False,359.8,446.104,223.272,99.5593,307.296,158.602,277.165,0.210436,0.0736182,0.298634,-0.311618,-0.163961,0.07261,0.124842,0.147656,0.744506
08522,08,1299.13,1299.13,113.04,4.72774,35.5487,0.544774,residential,False,-0.151731,False,307.387,162.665,119.688,18.8461,231.103,243.943,283.56,0.268227,0.0599909,0.210878,-0.267502,-0.116897,0.0439409,0.167663,0.150605,0.703536
08523,08,1267.99,1267.99,57.4353,4.05066,34.8639,0.54474,residential,False,0.797445,False,807.14,215.149,233.695,232.164,195.305,457.395,446.008,0.173693,0.0597324,0.349866,-0.336484,-0.185357,0.086041,0.101033,0.151127,0.812485
08524,08,1212.29,1206.29,97.8995,4.58394,35.6791,0.445691,residential,False,0.0804255,False,767.404,142.549,37.3825,111.54,128.007,588.065,273.771,0.203339,0.0538954,0.310588,-0.29873,-0.159313,0.089967,0.12523,0.139417,0.793465
08525,08,1369.87,1369.87,136.78,4.91837,35.1833,0.537636,residential,False,-0.21498,False,245.408,144.235,213.546,48.6531,198.324,149.485,196.588,0.257602,0.0808058,0.206821,-0.201323,-0.090096,0.0467626,0.216338,0.111227,0.622624
08526,08,1392.04,1392.04,126.283,4.83853,35.3906,0.522731,residential,False,0.180837,False,244.725,226.96,241.891,63.7441,285.494,163.027,290.287,0.227248,0.0894379,0.241658,-0.242745,-0.106384,0.0650133,0.161148,0.136361,0.677475
08527,08,1341.55,1341.55,68.51,4.22698,36.2181,0.509649,residential,False,0.262064,False,280.744,242.188,279.923,237.289,170.857,266.997,176.578,0.17814,0.0519549,0.285186,-0.243115,-0.0768334,0.0629875,0.157223,0.166282,0.743056
08528,08,1190.02,1190.02,74.099,4.3054,36.1779,0.443726,residential,False,-0.279008,False,151.736,209.102,289.621,122.949,121.043,112.426,187.958,0.218089,0.0387421,0.236343,-0.212535,-0.0315122,0.0558586,0.186038,0.181023,0.670828
08529,08,1731.52,1731.52,118.699,4.77659,35.0727,0.302474,residential,False,-0.363952,False,135.575,248.888,231.897,42.5165,122.857,191.163,192.07,0.170885,0.110512,0.190035,-0.0539207,0.0996016,0.0408367,0.266163,0.153522,0.604476
08530,08,1577,1577,128.689,4.8574,35.1827,0.487309,residential,False,0.728904,False,365.051,448.783,452.504,321.168,133.355,367.346,390.682,0.199505,0.0998888,0.24508,-0.218598,-0.0443017,0.047723,0.178263,0.174296,0.64254
08531,08,1467.71,1467.71,65.9776,4.18932,36.2598,0.484744,residential,False,0.0682132,False,255.442,174.757,264.809,135.909,148.824,307.959,187.355,0.19881,0.0530183,0.287218,-0.275187,-0.11924,0.0528661,0.157974,0.155947,0.693385
08532,08,2156.58,2156.58,201.009,5.30335,34.379,0.476077,residential,False,0.886198,False,589.723,492.077,659.233,184.648,170.836,337.935,400.707,0.230355,0.0686518,0.232156,-0.212378,-0.0521765,0.0397483,0.210385,0.160201,0.534254
08533,08,1381.32,1381.32,86.0924,4.45542,36.1827,0.480106,residential,False,0.239873,False,324.455,140.351,460.457,335.845,170.653,170.226,184.736,0.221928,0.0521995,0.290306,-0.339203,-0.155495,0.0371738,0.135857,0.183708,0.669422
08534,08,2039.25,2039.25,97.4095,4.57892,35.021,0.473448,residential,False,0.606833,False,726.552,308.733,459.609,147.555,140.632,235.452,414.18,0.121517,0.0711249,0.24093,-0.0182926,0.129275,0.0617448,0.28241,0.147568,0.66789
08535,08,1406.43,1406.43,69.7597,4.24506,35.2804,0.530062,residential,False,0.0870383,False,671.901,119.694,286.547,129.418,168.209,172.439,163.605,0.222832,0.0571854,0.250346,-0.251166,-0.0696434,0.0527187,0.169292,0.181523,0.70938
08601,08,1803.82,1803.82,302.328,5.71151,34.7168,0.466368,residential,False,-0.442696,False,107.584,223.824,131.974,76.3588,164.265,159.88,131.273,0.197228,0.0946144,0.137622,0.00369462,0.165337,0.040598,0.297947,0.161642,0.582517
08602,08,1824.06,1824.06,358.802,5.88277,35.4325,0.4509,residential,False,-0.061418,False,291.354,186.261,88.9034,49.3217,210.19,222.919,299.614,0.210284,0.0701862,0.15901,-0.0487683,0.123645,0.043877,0.276649,0.172413,0.651326
08603,08,1662.08,1662.08,520.659,6.2551,33.8687,0.452377,residential,False,0.196792,False,377.537,230.85,141.198,71.7218,343.408,68.5364,432.172,0.219249,0.0791615,0.117053,0.0320562,0.18512,0.0291769,0.339182,0.153064,0.593306
08604,08,1799.6,1799.6,352.968,5.86638,35.5677,0.47912,residential,False,-0.665737,False,213.708,69.622,173.324,49.4032,66.3044,154.57,347.049,0.267605,0.0655248,0.123768,-0.0894205,0.0822508,0.0255443,0.276408,0.171671,0.537556
08605,08,1812.08,1812.08,335.107,5.81445,34.2795,0.549935,residential,False,-0.357989,False,260.049,145.662,65.6324,55.3179,205.814,126.78,217.207,0.219683,0.0592502,0.120048,0.020476,0.203974,0.0302429,0.329964,0.183498,0.572264
08606,08,1376.03,1376.03,52.4746,3.96033,34.9924,0.51725,residential,False,0.974343,False,847.512,443.362,146.237,361.023,146.582,827.774,455.127,0.179609,0.0422139,0.319505,-0.295251,-0.112465,0.0845121,0.119351,0.182787,0.767445
08607,08,1176,1176,46.5735,3.84103,35.3583,0.521552,residential,False,0.805607,False,426.707,313.617,335.064,400.706,150.67,512.688,415.325,0.182648,0.0410959,0.392694,-0.404871,-0.258752,0.065449,0.105023,0.146119,0.770833
08608,08,1287.51,1287.51,76.9471,4.34312,35.3381,0.517689,residential,False,1.02382,False,543.273,406.994,305.346,129.738,429.496,293.554,531.773,0.227038,0.0391041,0.294914,-0.328482,-0.16624,0.0588671,0.134603,0.162242,0.748528
08609,08,1372.01,1372.01,58.8163,4.07442,35.4114,0.495735,residential,False,0.481663,False,258.488,284.251,406.161,237.755,164.233,209.908,421.845,0.18698,0.0659824,0.299213,-0.270197,-0.116208,0.0559932,0.160002,0.153989,0.74184
08610,08,1271.32,1244.32,105.936,4.66283,35.6843,0.542835,residential,False,-0.0353683,False,295.696,120.87,67.6656,134.146,221.47,142.57,372.683,0.259968,0.0352416,0.267891,-0.333866,-0.169606,0.0626504,0.131343,0.16426,0.731242
08611,08,1279.4,1279.4,51.9888,3.95103,35.4456,0.524617,residential,False,0.463155,False,400.895,221.442,162.523,173.724,182.819,292.532,484.924,0.211841,0.0461337,0.282487,-0.280851,-0.0968787,0.0765011,0.136977,0.183972,0.740201
08612,08,1400.45,1400.45,218.808,5.38819,34.1919,0.554848,residential,False,-0.441507,False,423.209,108.393,87.6294,63.1461,138.585,177.891,134.029,0.259746,0.0468531,0.216679,-0.215194,-0.0858498,0.056353,0.204878,0.129345,0.64256
08613,08,1448.01,1448.01,72.4965,4.28354,36.0503,0.480556,residential,False,0.140586,False,161.311,301.46,168.187,144.677,167.761,396.406,205.904,0.220378,0.0458306,0.296755,-0.326841,-0.156266,0.0627536,0.127538,0.170575,0.736183
08614,08,1306.69,1171.96,121.619,4.80089,34.9953,0.547991,residential,False,0.0513089,False,120.117,248.045,101.867,214.24,136.609,603.794,213.282,0.222298,0.0281438,0.234287,-0.257885,-0.0320912,0.079525,0.119175,0.225794,0.704831
08615,08,1139,1139,37.3356,3.61995,34.718,0.562574,residential,False,1.63297,False,1066.84,332.223,453.932,405.681,374.378,590.938,1064.51,0.222674,0.0255845,0.322111,-0.361528,-0.186207,0.0927777,0.0904787,0.175322,0.807591
08616,08,1299.34,1299.34,45.9548,3.82766,35.5613,0.525397,residential,False,1.16403,False,750.14,409.383,224.111,321.41,256.487,428.805,734.058,0.183687,0.0258398,0.341848,-0.331822,-0.164159,0.0830972,0.110616,0.167663,0.786573
08617,08,1067.05,1033.78,44.5538,3.7967,34.9486,0.528434,residential,False,0.555622,False,674.372,283.22,154.02,160.276,149.614,287.523,564.709,0.191221,0.0381007,0.317739,-0.302296,-0.119724,0.0877798,0.118885,0.182571,0.802752
08618,08,1123.63,1123.63,60.7462,4.1067,35.0151,0.51847,residential,False,0.824286,False,1175.11,270.054,263.392,203.744,112.293,323.765,935.706,0.217863,0.0425605,0.295775,-0.334113,-0.154985,0.071736,0.107789,0.179128,0.788016
08619,08,1128.7,1128.7,40.6192,3.70424,34.625,0.522286,residential,False,1.2246,False,1230.36,571.807,146.495,181.518,255.593,425.9,944.214,0.200293,0.0305156,0.347179,-0.368621,-0.206919,0.0958656,0.0829853,0.161702,0.810251
08620,08,1450.23,1450.23,35.9003,3.58075,35.9868,0.386616,residential,False,1.15978,False,854.354,375.686,432.65,317.227,230.142,528.455,452.025,0.210527,0.0304747,0.356699,-0.392379,-0.226881,0.0805947,0.0942523,0.165498,0.74736
08621,08,1293.31,1293.31,53.0547,3.97132,36.4871,0.457559,residential,False,1.05414,False,1001.86,445.861,431.716,252.819,171.569,323.288,609.369,0.202856,0.064642,0.295034,-0.30714,-0.150268,0.0631647,0.127586,0.156872,0.752107
08622,08,1305.7,1305.7,65.5898,4.18342,34.9879,0.515527,residential,False,0.311596,False,827.803,151.774,213.468,202.205,141.347,163.14,345.587,0.194528,0.0264036,0.280395,-0.2502,-0.0504248,0.0773394,0.147383,0.199775,0.778743
08623,08,1144.03,1141.03,88.6383,4.48456,33.104,0.65947,residential,False,0.565309,False,1118.69,229.107,50.8507,157.314,182.715,329.574,625.717,0.267083,0.0435885,0.261775,-0.336368,-0.199733,0.0531795,0.139311,0.136635,0.766272
08624,08,1242.79,1024.02,64.9349,4.17339,35.3336,0.508165,residential,False,0.721521,False,956.207,393.101,84.5852,141.656,178.131,298.536,768.359,0.268631,0.0397298,0.30293,-0.414186,-0.269905,0.0470292,0.110346,0.14428,0.726745
08625,08,1261.44,1258.44,70.2268,4.25173,34.8645,0.584662,residential,False,0.752406,False,902.098,543.484,90.7043,142.682,262.824,163.338,616.76,0.290331,0.0329064,0.269583,-0.42163,-0.227706,0.0428248,0.0954596,0.193924,0.713266
08626,08,1500.77,1500.77,68.5819,4.22803,34.4118,0.554784,residential,False,0.845333,False,723.443,532.101,93.9715,150.009,225.609,375.127,658.632,0.236887,0.0415737,0.302682,-0.348657,-0.193584,0.0614551,0.129457,0.155073,0.683402
08627,08,1135.67,1069.67,59.8404,4.09168,34.5724,0.52114,residential,False,0.376963,False,429.317,186.133,163.99,159.257,180.642,272.839,421.114,0.233149,0.0486008,0.316422,-0.42186,-0.215074,0.0673312,0.0603799,0.206786,0.771883
08628,08,1311,1311,55.4273,4.01507,35.2094,0.514199,residential,False,0.980305,False,575.885,489.427,288.009,327.96,149.257,490.061,620.008,0.174894,0.0662906,0.349788,-0.351199,-0.19323,0.0719323,0.101551,0.157969,0.762712
08629,08,1494.11,1494.11,80.4714,4.3879,34.2924,0.596653,residential,False,0.365815,False,558.856,483.583,13.5807,123.824,291.372,269.368,417.753,0.267405,0.0350572,0.230666,-0.3077,-0.11378,0.0425652,0.147805,0.19392,0.7277
08630,08,1533.28,1533.21,49.1745,3.89537,35.996,0.462157,residential,False,0.560208,False,228.498,522.095,214.333,357.353,149.549,576.271,219.367,0.185414,0.0420272,0.364648,-0.379481,-0.216316,0.0580964,0.112485,0.163164,0.766573
08631,08,1252,1252,214.556,5.36857,34.1441,0.486675,residential,False,-0.148654,False,283.612,80.9371,74.0576,159.454,173.829,221.563,277.966,0.298522,0.0538523,0.24533,-0.357126,-0.202186,0.0430811,0.143646,0.15494,0.759194
08632,08,1311.33,1311.33,191.756,5.25622,35.1183,0.487483,residential,False,-0.660547,False,154.648,103.666,142.59,128.528,95.4554,90.9472,175.205,0.258955,0.058533,0.217262,-0.25394,-0.0825567,0.0497869,0.17249,0.171383,0.656223
08633,08,1139,1139,134.547,4.90191,34.2009,0.537314,residential,False,-0.136296,False,337.477,168.631,80.6838,60.0975,206.516,149.529,279.54,0.293536,0.0443203,0.255125,-0.345427,-0.223846,0.0571327,0.146101,0.121581,0.705484
08634,08,1230.93,1204,41.5219,3.72622,33.8935,0.541757,residential,False,1.30193,False,992.28,722.787,240.026,408.365,172.542,566.677,745.356,0.21672,0.0337849,0.315335,-0.331644,-0.178494,0.0811203,0.11929,0.153151,0.822374
08635,08,1557.93,1490.93,32.8565,3.49215,34.6169,0.49507,residential,False,1.60223,False,1354.14,433.268,194.894,571.581,252.903,759.015,1218.07,0.175786,0.0421811,0.323726,-0.291666,-0.134166,0.0724674,0.135379,0.1575,0.813781
09101,09,1464.19,1464.19,323.866,5.78033,34.1149,0.451878,residential,False,0.0234295,False,326.556,144.958,80.3214,166.794,124.802,418.709,277.758,0.0655415,0.02349,0.0900756,0.50278,0.584625,0.236924,0.421472,0.0818453,0.816943
09102,09,1264.78,1264.78,276.109,5.6208,34.7806,0.535049,residential,False,-0.77163,False,78.5988,80.3873,116.723,134.095,67.6399,219.571,211.181,0.120799,0.0504585,0.0865798,0.374176,0.472391,0.132944,0.44861,0.0982151,0.771538
09103,09,1743.17,1743.17,401.163,5.99437,35.8222,0.379271,residential,False,-0.362376,False,82.38,148.854,94.026,111.632,113.864,309.947,304.396,0.0544645,0.0380729,0.0550406,0.612857,0.68044,0.214272,0.50809,0.0675833,0.822843
09104,09,1359.9,1359.9,48.5905,3.88343,36.1027,0.350796,residential,False,0.119309,False,157.29,144.678,46.3299,451.91,180.478,318.085,387.983,0.0815155,0.0309989,0.115959,0.404133,0.505166,0.223881,0.377727,0.101033,0.807551
09105,09,1588.52,1588.52,478.37,6.17038,36.5324,0.393749,residential,False,-0.838136,False,78.3941,151.447,80.1454,93.9021,103.53,126.614,130.916,0.0775131,0.0354066,0.0610098,0.521633,0.610602,0.184151,0.476005,0.0889685,0.821119
09106,09,1510.7,1510.7,496.815,6.20822,35.562,0.358849,residential,False,-0.285718,False,312.664,178.682,139.981,153.934,102.859,295.652,87.9183,0.067717,0.0212188,0.107285,0.45606,0.556707,0.238564,0.392497,0.100647,0.822809
09107,09,1573.79,1573.79,430.967,6.06603,36.5905,0.365959,residential,False,-0.55713,False,78.9026,144.959,135.152,222.458,103.748,144.432,150.973,0.0702778,0.029626,0.0669238,0.556441,0.623178,0.221266,0.472377,0.0667369,0.807627
09108,09,1600.1,1600.1,138.104,4.92801,37.9897,0.257242,residential,False,0.0353704,False,166.084,187.704,197.325,267.953,172.474,153.842,236.419,0.0566386,0.0370035,0.0713521,0.546262,0.641814,0.233935,0.440318,0.0955518,0.826633
09109,09,1347.1,1332.14,237.601,5.47059,35.5506,0.296401,residential,False,-0.182125,False,120.294,113.133,99.5089,301.215,171.556,289.889,161.055,0.034246,0.0350592,0.0664123,0.638269,0.713853,0.203245,0.535682,0.0755837,0.749159
09110,09,1302.33,1302.33,191.938,5.25717,35.3582,0.364968,residential,False,0.28997,False,314.488,238.741,118.945,210.689,161.547,391.798,272.735,0.0618804,0.034755,0.0965352,0.490606,0.586712,0.228856,0.420166,0.0961058,0.827243
09111,09,1214,1188,178.801,5.18627,32.7428,0.56945,residential,False,0.106644,False,392.339,96.773,106.554,175.62,108.086,517.03,392.433,0.156362,0.0417203,0.119484,0.234895,0.323525,0.150102,0.360638,0.08863,0.771976
09112,09,1260.56,1260.43,295.255,5.68784,35.0501,0.469516,residential,False,-0.429899,False,113.193,134.105,105.929,114.056,114.639,619.351,96.7863,0.0832832,0.0383878,0.0907557,0.444264,0.52737,0.205352,0.412951,0.083106,0.849799
09113,09,1324.14,1300.12,190.51,5.24971,35.3737,0.526563,residential,False,-0.637466,False,125.187,109.017,77.252,54.6559,146.979,169.804,186.71,0.220374,0.0605894,0.0971201,0.141309,0.231332,0.0975181,0.361285,0.0900233,0.70045
09114,09,1313.88,1313.88,169.152,5.1308,35.5295,0.555879,residential,False,-0.115912,False,146.498,191.07,237.274,71.2092,127.197,328.658,261.144,0.270613,0.0558281,0.0996178,0.0419145,0.141544,0.0621304,0.350015,0.0996298,0.656752
09115,09,1400.48,1400.48,160.881,5.08066,35.3253,0.553009,residential,False,0.194048,False,401.124,201.187,190.373,58.6612,179.884,310.37,323.708,0.267593,0.0537152,0.0941638,0.0360811,0.151215,0.076924,0.320914,0.115134,0.693341
09116,09,1454.79,1454.79,159.505,5.07208,35.6393,0.608653,residential,False,-0.614217,False,195.673,85.1318,46.8693,53.0942,163.11,182.02,196.93,0.205142,0.0671272,0.0978252,0.16343,0.253802,0.0895438,0.376854,0.0903716,0.757329
09117,09,1125.03,1125.03,134.407,4.90087,35.2778,0.480722,residential,False,0.220706,False,546.085,292.547,144.981,161.574,149.941,86.8734,454.353,0.179044,0.0537222,0.123149,0.158117,0.261912,0.110758,0.349552,0.103795,0.758667
09118,09,1570.11,1570.05,146.76,4.9888,35.6409,0.525529,residential,False,0.211997,False,593.558,235.214,102.451,43.3932,207.468,494.713,222.074,0.237537,0.0614039,0.0840443,0.103169,0.207179,0.0651395,0.359611,0.10401,0.641056
09119,09,1138.38,1138.38,179.37,5.18945,36.0114,0.5134,residential,False,0.472675,False,456.643,256.53,270.999,188.583,135.87,280.248,438.869,0.201868,0.0430444,0.103303,0.163892,0.264051,0.135437,0.333626,0.100159,0.704792
09120,09,1388.88,1382.88,169.073,5.13033,33.9204,0.544057,residential,False,0.462437,False,522.978,320.683,335.621,105.957,148.564,168.043,548.146,0.203815,0.0412406,0.0935943,0.18142,0.278682,0.118702,0.360127,0.0972623,0.614837
09121,09,1620.78,1620.78,355.666,5.87399,36.9835,0.393408,residential,False,0.00724744,False,260.914,134.115,132.807,241.728,86.6118,408.889,326.788,0.122157,0.0419391,0.0890196,0.347215,0.453985,0.1568,0.401591,0.10677,0.799271
09122,09,1678.4,1573.46,244.618,5.4997,36.4188,0.469874,residential,False,-0.207936,False,123.316,121.405,247.614,110.767,116.065,205.196,361.765,0.156651,0.0459395,0.0700167,0.329663,0.423369,0.153822,0.402508,0.0937062,0.76574
09123,09,1410.59,1410.59,127.084,4.84484,35.8979,0.550467,residential,False,-0.392399,False,532.938,44.8311,31.0031,118.702,321.013,45.6523,304.913,0.207664,0.0642769,0.0877627,0.156984,0.263288,0.0778739,0.374536,0.106304,0.76645
09124,09,1271.34,1271.34,127.609,4.84897,36.2506,0.57442,residential,False,0.0451311,False,330.7,211.799,170.814,91.1935,199.672,98.4642,343.743,0.264763,0.052271,0.1165,0.000877866,0.11453,0.0805632,0.301578,0.113653,0.755694
09125,09,1345,1345,161.126,5.08219,36.3592,0.433588,residential,False,-0.189811,False,142.541,201.234,94.9131,132.487,135.889,280.695,226.665,0.197801,0.0546178,0.118247,0.133946,0.233267,0.100916,0.349077,0.0993215,0.759658
09126,09,1307.68,1307.68,139.445,4.93767,35.3458,0.427736,residential,False,-0.588844,False,151.513,103.446,65.4742,132.748,136.361,156.206,145.16,0.173623,0.0421245,0.130263,0.179053,0.284106,0.0990038,0.383935,0.105054,0.676357
09127,09,1364.69,1364.69,238.397,5.47394,36.716,0.419164,residential,False,-0.250397,False,121.276,81.0795,212.202,259.724,105.19,310.82,211.535,0.107265,0.0390802,0.0789879,0.41088,0.517663,0.184332,0.412801,0.106783,0.793002
09128,09,1350.91,1350.91,134.892,4.90448,36.1256,0.48908,residential,False,0.0146873,False,304.38,126.964,197.436,146.814,170.498,161.099,270.608,0.180375,0.0538877,0.104882,0.188969,0.302562,0.0855255,0.388701,0.113594,0.804101
09129,09,1290,1290,255.576,5.54352,35.6611,0.481956,residential,False,0.166976,False,340.227,109.594,150.092,160.874,150.508,395.224,334.352,0.13615,0.0536553,0.105298,0.244802,0.376258,0.134138,0.352113,0.131455,0.767109
09130,09,1275.3,1275.3,140.139,4.94264,34.4267,0.579262,residential,False,0.203484,False,546.582,232.149,19.9463,127.338,172.322,479.907,416.994,0.206826,0.0423208,0.113993,0.0784983,0.225939,0.102389,0.296928,0.14744,0.753535
09201,09,1810.19,1557.08,95.1098,4.55503,37.223,0.288007,residential,False,0.184015,False,122.65,289.151,255.597,91.9535,184.24,209.678,499.824,0.251818,0.0410973,0.106685,0.0376029,0.122755,0.085516,0.31059,0.0851522,0.734381
09202,09,1553.69,1507.8,89.3065,4.49207,34.9231,0.566407,residential,False,0.17032,False,479.127,200.609,133.62,146.167,182.678,164.493,277.714,0.266271,0.0547745,0.0769713,0.0694528,0.152675,0.0740147,0.33868,0.0832222,0.625959
09203,09,1440.22,1440.22,312.938,5.74601,36.7301,0.440353,residential,False,-0.627873,False,253.619,73.0977,30.4055,58.9446,167.763,102.235,321.854,0.180538,0.0464046,0.0745225,0.248077,0.338506,0.101991,0.401146,0.0904292,0.728773
09204,09,1406.41,1406.41,314.636,5.75142,36.509,0.458888,residential,False,0.142793,False,473.714,182.436,185.666,195.454,190.861,205.653,137.986,0.203497,0.044097,0.0685187,0.227753,0.318346,0.114116,0.385652,0.0905934,0.725669
09205,09,1959.13,1959.13,373.721,5.92351,36.4637,0.402693,residential,False,-0.118937,False,205.665,128.499,141.666,148.775,145.684,237.138,239.692,0.181414,0.0596404,0.0840665,0.229032,0.310118,0.108564,0.385948,0.0810861,0.675418
09206,09,1348.91,1317.6,40.1918,3.69366,29.9002,0.733575,residential,False,0.597142,False,355.489,247.223,263.209,253.558,306.861,204.705,296.848,0.200686,0.0462091,0.0617336,0.242384,0.34363,0.112733,0.39207,0.101247,0.776078
09207,09,1270.2,1270.2,234.453,5.45726,35.2382,0.4909,residential,False,-0.156995,False,137.048,127.088,81.3227,93.6318,296.446,142.334,303.425,0.19164,0.0485336,0.109977,0.148499,0.247366,0.101381,0.348735,0.0988671,0.729193
09208,09,1285.03,1285.03,332.847,5.80768,36.144,0.448705,residential,False,-0.258234,False,74.8862,157.665,90.9469,102.247,218.08,208.346,277.767,0.171865,0.0467722,0.089683,0.244181,0.329315,0.124616,0.381113,0.0851343,0.778915
09209,09,1859.14,1859.14,158.711,5.06709,39.1088,0.265427,residential,False,-0.52573,False,138.264,162.097,108.222,82.5272,83.2066,315.186,165.903,0.219721,0.0569069,0.0514809,0.21682,0.303847,0.109005,0.379017,0.087027,0.677194
09210,09,1304.51,1304.51,410.208,6.01666,38.6283,0.367422,residential,False,-0.45117,False,104.831,100.764,223.718,109.057,126.434,101.258,299.834,0.154471,0.034102,0.0630786,0.357227,0.409276,0.146543,0.428234,0.0520485,0.749849
09211,09,1588.62,1588.62,350.776,5.86015,37.4573,0.453211,residential,False,-0.0917705,False,128.08,212.844,189.09,202.585,147.091,169.38,228.802,0.210449,0.04481,0.0441095,0.278565,0.357814,0.104514,0.428609,0.0792489,0.719228
09212,09,1632.89,1632.89,221.603,5.40089,36.5843,0.506198,residential,False,-0.18258,False,157.325,128.315,102.753,85.1914,253.847,178.298,231.878,0.249838,0.0627118,0.092119,0.0592352,0.15968,0.106528,0.294664,0.100445,0.721113
09213,09,1322.11,1322.11,192.066,5.25784,35.8661,0.5099,residential,False,-0.242545,False,246.374,266.027,102.116,11.4899,434.123,170.806,125.063,0.278106,0.0626699,0.0789384,0.0227906,0.117986,0.0734062,0.306429,0.0951953,0.699201
09214,09,1514.5,1514.5,117.517,4.76658,40.7135,0.224998,residential,False,-0.125944,False,116.559,119.923,178.172,228.665,124.447,300.955,260.968,0.181186,0.0471357,0.0717951,0.26031,0.333952,0.124702,0.388589,0.0736413,0.729268
09215,09,1413.13,1413.13,157.521,5.05956,39.7897,0.273571,residential,False,-0.13757,False,227.663,117.133,60.9051,91.9155,204.483,167.108,428.897,0.20406,0.061363,0.0637266,0.220131,0.303677,0.100194,0.387724,0.0835461,0.691561
09216,09,1615.48,1615.48,170.458,5.13849,36.4981,0.477913,residential,False,0.359597,False,622.391,290.21,177.749,254.506,208.289,195.974,143.815,0.214185,0.0631162,0.0756782,0.145104,0.250743,0.0840578,0.350909,0.105639,0.667473
09217,09,1559.03,1559.03,160.204,5.07645,33.1673,0.462981,residential,False,1.18277,False,880.391,359.053,480.316,463.166,151.178,641.44,573.709,0.192288,0.0585617,0.135961,0.0521099,0.172145,0.107038,0.273321,0.120036,0.77233
09218,09,1698.32,1698.32,224.641,5.4145,33.8077,0.381292,residential,False,-0.362236,False,126.098,96.0175,192.96,26.5994,147.853,126.33,752.563,0.177442,0.0427536,0.187628,0.0344071,0.144159,0.121238,0.278239,0.109752,0.787105
09219,09,1314.39,1223.4,110.264,4.70288,34.8578,0.452468,residential,False,0.031578,False,159.88,96.4533,137.868,91.1035,246.907,178.727,580.137,0.211444,0.0694137,0.156733,0.00312793,0.10191,0.113111,0.258194,0.0987825,0.793123
09220,09,1487.58,1487.58,216.517,5.37767,35.7177,0.398551,residential,False,-0.225396,False,183.946,146.158,102.443,79.1297,116.242,245.117,398.716,0.182468,0.0566185,0.142451,0.0899395,0.200646,0.105627,0.309231,0.110707,0.81357
09221,09,1291.25,1291.23,132.646,4.88768,35.3061,0.469132,residential,False,0.185862,False,188.122,332.832,114.089,227.998,183.6,384.142,168.05,0.202608,0.0733371,0.126109,0.0644525,0.186407,0.117185,0.275984,0.121954,0.791041
09222,09,1308.87,1308.87,214.373,5.36772,35.9055,0.389247,residential,False,0.165596,False,341.021,220.61,191.478,340.719,145.656,135.362,240.23,0.219698,0.0716382,0.124603,0.0635214,0.160561,0.112754,0.295068,0.0970395,0.776642
09223,09,1311.51,1311.51,102.157,4.62651,34.8836,0.567579,residential,False,0.0106436,False,233.319,218.957,84.9003,166.812,163.201,266.232,234.215,0.18994,0.054617,0.0942725,0.230145,0.315904,0.119757,0.3946,0.0857592,0.728157
09224,09,1314.31,1314.31,239.723,5.47948,37.7006,0.345829,residential,False,-0.418459,False,136.671,157.029,220.042,276.809,90.604,130.19,132.914,0.176486,0.0577044,0.0950302,0.247777,0.327669,0.145685,0.373608,0.0798922,0.669426
09225,09,982.808,982.808,45.1463,3.80991,35.2754,0.439926,residential,False,-0.207142,False,325.692,92.4927,102.161,198.368,140.471,88.7058,357.389,0.259895,0.0630676,0.185393,-0.138393,-0.0356445,0.0874487,0.219447,0.102748,0.78022
09226,09,1150.2,1150.2,153.274,5.03223,34.5816,0.42418,residential,False,0.0754396,False,305.94,117.978,140.284,87.3316,212.445,204.559,391.206,0.177367,0.0455909,0.180646,0.0232815,0.155015,0.109309,0.271985,0.131734,0.781498
09227,09,1379,1369,140.748,4.94697,35.7255,0.379105,residential,False,-0.17675,False,133.243,138.951,55.0921,102.123,90.5657,485.713,678.287,0.175807,0.0480861,0.14455,0.133652,0.240246,0.147114,0.306894,0.106594,0.784945
09228,09,1153.22,1150.22,44.2192,3.78916,33.5508,0.578945,residential,False,1.1038,False,707.3,404.068,360.431,442.347,187.665,700.962,376.063,0.211514,0.0764319,0.182671,-0.0267559,0.0632819,0.127632,0.239797,0.0900378,0.798591
09229,09,1019.47,1019.47,98.5469,4.59053,33.6539,0.535535,residential,False,0.712269,False,997.418,230.149,218.294,185.824,161.129,613.8,316.016,0.218227,0.0802381,0.135652,0.0264651,0.139306,0.0825795,0.297765,0.11284,0.811869
09230,09,1175.17,1175.17,113.246,4.72956,33.4038,0.526338,residential,False,0.685115,False,1054.51,324.805,245.29,142.186,135.427,567.768,314.401,0.212215,0.0824797,0.147144,0.0121129,0.114676,0.0747307,0.296741,0.102563,0.822816
09301,09,1729.93,1464.93,52.1262,3.95367,34.8617,0.508007,residential,False,1.78804,False,1413.88,1088.93,601.071,129.453,244.469,1100.66,1265.91,0.203815,0.0709527,0.238121,-0.146382,-0.0201554,0.102149,0.193404,0.126227,0.799822
09302,09,1378.03,1120.07,40.2986,3.69632,34.4549,0.525872,residential,False,1.94575,False,1467.96,1146.35,656.56,469.285,195.46,893.498,1429.6,0.265932,0.0781634,0.221646,-0.238732,-0.110553,0.0795026,0.169343,0.128178,0.77995
09303,09,1530.49,1518.53,68.3868,4.22518,33.8707,0.571998,residential,False,0.583157,False,453.382,309.515,209.704,126.318,147.611,643.023,413.974,0.168104,0.0552343,0.146459,0.0651532,0.242065,0.0971087,0.282608,0.176911,0.762336
09304,09,1287.46,1250.42,73.2365,4.29369,34.9801,0.541179,residential,False,-0.206282,False,336.164,269.919,146.312,63.9688,89.5609,188.308,266.598,0.328157,0.0542601,0.110532,-0.137391,0.0173587,0.0610896,0.240208,0.15475,0.682771
09305,09,1324.23,1324.23,74.6995,4.31347,35.1973,0.545898,residential,False,-0.0332871,False,325.079,184.802,221.201,139.248,110.899,154.46,292.525,0.220441,0.0621344,0.13678,-0.00341467,0.131967,0.0844714,0.269335,0.135382,0.799557
09306,09,1268.21,1268.21,117.997,4.77066,36.0064,0.482487,residential,False,0.159446,False,164.132,319.843,180.543,218.232,124.1,181.945,449.608,0.261179,0.0610241,0.131919,-0.0597945,0.058077,0.100337,0.232967,0.117872,0.748542
09307,09,1498.44,1498.44,232.168,5.44746,36.0891,0.374757,residential,False,-0.29785,False,297.313,206.374,117.245,127.307,85.8224,292.295,131.652,0.189767,0.0602857,0.115211,0.128625,0.248206,0.120348,0.313255,0.11958,0.784993
09308,09,1191.39,1191.39,158.497,5.06574,35.5605,0.555487,residential,False,-0.397948,False,277.041,111.803,123.456,66.1921,103.165,227.681,219.595,0.316858,0.0581378,0.12979,-0.2124,-0.0352243,0.025974,0.208274,0.177176,0.765691
09309,09,1048.47,1048.47,124.548,4.82469,36.8069,0.524396,residential,False,-0.494364,False,236.846,109.373,83.372,60.1694,82.2267,310.46,254.142,0.289321,0.0725314,0.0970755,-0.101442,0.0797684,0.0337605,0.251194,0.181211,0.702219
09310,09,1674.35,1674.35,81.3822,4.39916,35.1199,0.498421,residential,False,0.776947,False,954.306,131.031,543.639,166.35,125.428,780.852,486.518,0.235261,0.0657446,0.142677,-0.0587146,0.0999515,0.0615872,0.257636,0.158666,0.688604
09311,09,1727.59,1727.59,90.3615,4.50382,35.9602,0.47144,residential,False,0.599399,False,1159.25,126.349,280.157,229.947,193.178,403.859,225.793,0.208378,0.0708915,0.213749,-0.148228,0.00644468,0.0827068,0.191192,0.154672,0.782753
09312,09,1593.15,1593.15,71.1187,4.26435,37.1958,0.406864,residential,False,0.32386,False,462.481,148.443,101.708,122.485,180.647,490.102,383.549,0.216867,0.0434896,0.121775,0.0618559,0.1666,0.116249,0.284248,0.104744,0.821771
09313,09,1367.8,1367.8,98.112,4.58611,35.8661,0.485732,residential,False,1.06744,False,775.111,381.114,242.317,63.9299,339.585,708.509,650.629,0.248222,0.0761829,0.164856,-0.135128,0.00908171,0.0686459,0.209304,0.14421,0.802409
09314,09,1131.27,1131.27,171.6,5.14516,36.4727,0.407115,residential,False,0.0240486,False,267.564,188.533,188.602,278.843,101.47,334.462,174.226,0.243889,0.0629098,0.117285,0.0396123,0.153487,0.117896,0.28289,0.113874,0.752152
09315,09,1159.8,1159.8,186.661,5.22929,36.5118,0.401072,residential,False,-0.455441,False,140.22,107.751,165.194,244.278,96.6236,150.372,161.322,0.176408,0.0443988,0.172475,0.0378447,0.181451,0.10536,0.281368,0.143606,0.805645
09316,09,1121.27,1121.27,113.446,4.73133,35.8003,0.455676,residential,False,-0.699555,False,247.991,124.06,79.3438,107.182,64.348,122.962,200.954,0.252849,0.0692846,0.12012,-0.00253868,0.112527,0.101536,0.268895,0.115066,0.769487
09317,09,1418.33,1418.33,92.0188,4.52199,34.9441,0.552611,residential,False,-0.0580778,False,253.586,135.817,124.908,134.932,163.014,166.884,326.428,0.241278,0.0576946,0.165613,-0.0934893,0.0688978,0.0961991,0.217202,0.162387,0.777963
09318,09,1204.92,1204.92,268.852,5.59416,37.4256,0.390609,residential,False,-0.122064,False,193.091,228.091,81.0443,117.979,162.151,314.462,176.327,0.219462,0.0639603,0.108195,0.0478813,0.171018,0.088595,0.286943,0.123137,0.748234
09319,09,1206.8,1206.8,31.4582,3.44866,38.3637,0.308733,residential,False,0.15832,False,431.768,147.358,220.772,96.3458,148.333,275.001,320.911,0.25438,0.0563749,0.107067,0.0441765,0.13656,0.0871397,0.318485,0.092383,0.739237
09320,09,2369.89,2369.84,156.806,5.05501,36.8803,0.397085,residential,False,-0.40159,False,143.121,148.028,225.642,217.261,102.939,226.218,87.4996,0.153559,0.026827,0.0723549,0.353036,0.437246,0.138699,0.440252,0.0842099,0.693895
09321,09,2196.74,2196.74,275.914,5.62009,37.2315,0.341845,residential,False,-0.0969855,False,147.54,191.838,197.002,159.888,207.325,136.57,178.587,0.150177,0.0345068,0.0722004,0.335209,0.425434,0.13733,0.420256,0.0902256,0.752906
09322,09,1869,1869,207.508,5.33517,35.096,0.345832,residential,False,-0.136852,False,157.788,176.992,135.807,80.9062,156.248,210.77,334.933,0.13565,0.0482063,0.0997758,0.275785,0.391256,0.15583,0.355381,0.115471,0.775194
09323,09,1205.73,1205.73,136.357,4.91528,35.1818,0.544829,residential,False,-0.251308,False,190.264,138.698,176.059,110.603,94.9569,137.394,443.491,0.273316,0.0611324,0.0837532,-0.0064932,0.118767,0.0794721,0.271104,0.12526,0.74859
09324,09,1535.83,1535.83,282.366,5.6432,34.7434,0.457749,residential,False,-0.169974,False,162.3,93.0659,95.8137,157.073,119.389,225.737,535.194,0.232578,0.0558755,0.0869452,0.0708222,0.178084,0.0884699,0.301876,0.107262,0.715125
09325,09,1701.24,1698.24,112.792,4.72555,35.0205,0.423743,residential,False,-0.00567073,False,264.632,202.898,328.914,95.2263,142.712,167.74,233.766,0.2358,0.0515611,0.146011,-0.0184017,0.0933578,0.108963,0.254447,0.111759,0.710448
09326,09,1567.4,1552.4,107.725,4.67958,35.2172,0.362147,residential,False,0.517596,False,358.176,137.361,671.078,103.179,153.41,338.051,658.933,0.270316,0.111496,0.0932214,-0.0116162,0.0903538,0.0436783,0.308243,0.10197,0.709192
09327,09,1518.43,1518.43,96.5107,4.56965,34.1918,0.545416,residential,False,0.0808526,False,418.232,127.479,143.822,98.6875,264.636,174.243,214.325,0.252015,0.054208,0.137956,-0.0592752,0.0711104,0.0947573,0.235938,0.130386,0.694252
09328,09,1262.71,1262.71,79.6463,4.3776,33.897,0.527918,residential,False,0.640126,False,430.151,178.033,558.492,94.0177,167.916,428.967,654.67,0.311592,0.089761,0.121195,-0.128759,-0.0134399,0.0623708,0.241657,0.115319,0.796965
09329,09,2580.43,2531.58,123.139,4.81331,37.3986,0.382699,residential,False,0.414741,False,452.86,325.967,85.8139,51.0597,167.257,649.712,544.798,0.149538,0.0579425,0.179707,0.079689,0.180331,0.148796,0.260138,0.100642,0.738844
09330,09,1793,1793,238.351,5.47374,37.2781,0.368074,residential,False,0.293403,False,428.673,178.064,43.289,36.4777,223.314,762.172,629.654,0.169236,0.0572534,0.179436,0.0394517,0.138258,0.149626,0.238498,0.0988066,0.80524
09401,09,1311.43,1261.11,35.2552,3.56261,34.4453,0.580724,residential,False,1.13558,False,430.045,334.651,336.909,322.425,253.648,605.591,716.657,0.277397,0.0607796,0.242462,-0.273236,-0.193219,0.0814578,0.165165,0.080017,0.809673
09402,09,1473.67,1456.85,50.0936,3.91389,35.9578,0.470287,residential,False,0.790141,False,636.307,299.466,90.1424,239.77,195.06,722.476,496.14,0.25094,0.0586185,0.267414,-0.257943,-0.178353,0.0761129,0.184298,0.0795899,0.817809
09403,09,1502.24,1340.11,84.2824,4.43417,35.5492,0.493882,residential,False,0.342765,False,347.454,156.993,90.8911,243.886,153.307,507.236,412.729,0.28773,0.0428082,0.253284,-0.298255,-0.208162,0.0698511,0.172907,0.090093,0.689554
09404,09,1416.98,1416.98,66.1081,4.19129,35.3526,0.505435,residential,False,0.283713,False,382.013,145.361,169.314,153.641,153.072,412.527,351.686,0.288553,0.0617199,0.241087,-0.291643,-0.211298,0.0645614,0.173437,0.0803452,0.772157
09405,09,1612.98,1612.98,63.3177,4.14817,35.1951,0.541214,residential,False,0.108475,False,549.483,98.1028,105.627,112.566,158.183,376.956,299.495,0.304254,0.0707932,0.218797,-0.284268,-0.186726,0.0641798,0.174603,0.097542,0.732845
09406,09,1379.91,1379.91,49.7229,3.90647,35.2675,0.541825,residential,False,0.418936,False,351.284,288.539,155.987,134.452,150.892,337.019,527.743,0.241055,0.0627842,0.250773,-0.225856,-0.117367,0.0990098,0.166962,0.10849,0.801863
09407,09,1483.09,1483.09,51.3013,3.93772,35.035,0.55295,residential,False,1.30707,False,779.852,591.691,363.351,150.294,336.376,517.289,678.178,0.212616,0.0584111,0.284255,-0.223839,-0.134622,0.0970414,0.17599,0.0892179,0.842968
09408,09,1379.8,1376.72,65.6013,4.1836,34.9579,0.537852,residential,False,0.493055,False,802.695,254.618,96.6118,179.752,122.474,423.376,498.857,0.323265,0.0854756,0.218509,-0.34383,-0.256427,0.0359897,0.161954,0.0874036,0.790307
09409,09,1188.11,1188.11,103.559,4.64014,35.4313,0.536087,residential,False,-0.35868,False,478.61,195.993,83.9059,142.858,146.49,94.8312,93.9367,0.404829,0.0605863,0.164695,-0.372209,-0.282227,0.0359874,0.161327,0.0899828,0.703876
09410,09,1302.37,1302.37,71.0084,4.2628,34.9493,0.515812,residential,False,0.873382,False,924.278,384.976,242.532,152.472,155.234,515.134,567.057,0.238552,0.0760709,0.228951,-0.197194,-0.102659,0.0649926,0.205318,0.0945347,0.744312
09411,09,1891.69,1891.69,130.314,4.86994,35.5266,0.495162,residential,False,0.630111,False,1093.29,414.764,219.944,42.2134,194.246,269.44,543.378,0.389817,0.0800965,0.17652,-0.341404,-0.270418,0.0414456,0.183487,0.0709862,0.693945
09412,09,1481.14,1481.14,84.2118,4.43334,36.2808,0.442407,residential,False,0.103029,False,955.926,158.819,65.383,69.4563,239.445,102.579,377.043,0.352417,0.0634471,0.184351,-0.297796,-0.212847,0.0427323,0.196239,0.0849489,0.768894
09413,09,1432.52,1432.52,152.855,5.02949,36.0933,0.500203,residential,False,-0.0544277,False,1029.63,115.963,28.1285,55.2947,173.707,339.711,284.222,0.435198,0.0738069,0.102164,-0.310343,-0.224994,0.0302393,0.19678,0.0853485,0.687542
09414,09,1317.27,1317.27,212.743,5.36009,36.1583,0.462186,residential,False,-0.00891185,False,1020.37,286.809,61.5891,31.4293,127.053,275.285,281.416,0.398585,0.0663583,0.157318,-0.356157,-0.269585,0.0444623,0.155283,0.0865724,0.73519
09415,09,1826,1826,373.985,5.92422,35.8186,0.446885,residential,False,-0.206362,False,1036.43,248.731,21.43,25.0022,110.344,546.124,217.646,0.38152,0.0805507,0.0972465,-0.195593,-0.127746,0.0321184,0.251055,0.067847,0.531436
09416,09,1367.16,1366.21,42.2636,3.74393,33.5487,0.592522,residential,False,1.15711,False,746.862,609.32,330.281,306.255,197.033,464.863,575.535,0.233689,0.064161,0.261285,-0.216005,-0.127862,0.0983791,0.180589,0.0881424,0.81436
09417,09,1261.19,1261.19,37.2484,3.61761,34.0881,0.579557,residential,False,1.19212,False,951.612,521.367,259.566,370.252,193.267,288.411,969.02,0.260743,0.0621225,0.241285,-0.242865,-0.153187,0.0730543,0.186109,0.0896772,0.821439
09418,09,1603.06,1603.06,60.1897,4.0975,34.6022,0.467389,residential,False,0.869234,False,881.625,630.071,184.181,148.265,156.062,386.142,593.569,0.284274,0.0598362,0.198282,-0.219806,-0.116542,0.0699638,0.192786,0.103264,0.804834
09419,09,1332.07,1332.07,240.763,5.48381,35.2514,0.466982,residential,False,-0.856101,False,259.354,36.1557,48.0743,58.1374,172.381,163.197,105.904,0.497748,0.0636651,0.0857766,-0.376465,-0.299858,0.0272071,0.179852,0.076607,0.544789
09420,09,1098.63,1098.63,126.967,4.84393,35.5917,0.473818,residential,False,-0.913305,False,95.9058,126.058,57.2211,36.3056,161.31,218.598,73.9638,0.392493,0.0671489,0.154431,-0.323381,-0.244197,0.0354736,0.18807,0.0791839,0.70412
09421,09,1386.01,1386.01,71.8562,4.27467,34.88,0.574046,residential,False,-0.191159,False,329.38,157.024,129.37,91.7204,131.941,191.207,210.067,0.425787,0.0847925,0.176486,-0.433172,-0.355364,0.0310755,0.138025,0.0778088,0.66948
09422,09,2229.55,2229.55,100.168,4.60685,35.3649,0.492181,residential,False,-0.241138,False,268.707,119.176,125.826,70.8743,156.287,248.798,193.006,0.410554,0.0724672,0.172015,-0.399442,-0.308669,0.0221542,0.160973,0.0907733,0.643419
09423,09,1527.79,1527.79,136.977,4.91981,36.0453,0.478712,residential,False,0.0208369,False,851.152,267.398,75.4609,42.7448,243.412,187.295,144.977,0.426609,0.0805311,0.127181,-0.325641,-0.251792,0.0201984,0.20795,0.0738487,0.709895
09424,09,1389.38,1389.38,20.3352,3.01235,36.4961,0.421899,residential,False,0.911748,False,234.306,458.567,581.812,424.395,205.079,331.447,475.134,0.349255,0.0735224,0.152896,-0.271114,-0.182039,0.0521067,0.178932,0.0890742,0.733853
09425,09,1631.44,1631.44,94.0129,4.54343,34.8245,0.466224,residential,False,0.186655,False,382.046,162.842,184.575,112.498,152.239,432.966,243.859,0.243846,0.0640032,0.203253,-0.149732,-0.0629129,0.0923211,0.205046,0.086819,0.766791
09426,09,1191.81,1191.81,37.4429,3.62282,34.6158,0.557357,residential,False,0.844229,False,290.758,290.295,749.608,280.154,256.437,283.247,406.27,0.303334,0.0748856,0.22379,-0.31211,-0.20839,0.0483244,0.16669,0.10372,0.788648
09427,09,1241.79,1241.79,40.9905,3.71334,34.8795,0.537689,residential,False,1.65249,False,537.91,593.743,841.612,328.854,519.432,476.029,722.93,0.356088,0.0780552,0.203708,-0.349982,-0.27392,0.0452572,0.164557,0.0760624,0.807163
09428,09,1425.33,1414.27,73.9442,4.30331,34.3518,0.511914,residential,False,0.320697,False,223.279,248.801,120.369,103.372,219.938,519.43,326.135,0.231172,0.0563218,0.21162,-0.150873,-0.0409656,0.0830171,0.208902,0.109907,0.760902
09429,09,1718.59,1718.59,35.7142,3.57555,34.4455,0.574947,residential,False,0.898429,False,401.182,272.042,339.997,528.447,230.54,278.227,519.685,0.246944,0.0635697,0.211491,-0.176039,-0.0623472,0.107579,0.174817,0.113692,0.790631
09430,09,1303.99,1303.99,32.834,3.49146,34.8166,0.536267,residential,False,0.68025,False,277.137,229.235,611.908,255.404,246.591,373.895,265.741,0.296426,0.0829096,0.184745,-0.227126,-0.124671,0.0778954,0.176149,0.102455,0.834275
09431,09,1398,1398,29.4529,3.38279,34.25,0.569827,residential,False,2.13489,False,995.537,1100.5,1068.38,801.587,305.202,1072.67,986.956,0.353801,0.0657369,0.17859,-0.30404,-0.210057,0.0460289,0.182322,0.0939828,0.755485
09432,09,1210,1210,31.8972,3.46252,34.4153,0.562385,residential,False,1.51939,False,730.315,571.747,1293.43,359.159,192.126,960.812,582.076,0.297733,0.072875,0.195533,-0.24924,-0.146741,0.041464,0.202561,0.1025,0.78754
09433,09,1324.7,1324.7,29.4492,3.38267,33.9215,0.571807,residential,False,1.703,False,1045.97,277.954,1429.28,430.009,222.475,1265.27,882.989,0.341331,0.0795567,0.185389,-0.29779,-0.213551,0.0645068,0.164423,0.0842393,0.826521
09501,09,1717.61,1717.61,62.3842,4.13331,33.6687,0.553166,residential,False,0.781335,False,522.358,235.311,133.729,161.938,321.929,391.484,556.073,0.169335,0.0471115,0.195536,0.0287469,0.140888,0.13085,0.262767,0.112141,0.827729
09502,09,1330.66,1330.66,183.207,5.21062,34.8789,0.500616,residential,False,-0.254891,False,288.701,116.021,121.962,63.0096,196.513,188.703,173.777,0.2795,0.0663798,0.104353,0.000342714,0.0896662,0.0959349,0.288261,0.0893234,0.721834
09503,09,1615.05,1615.05,206.899,5.33223,35.0022,0.465287,residential,False,0.265767,False,309.98,169.373,148.785,104.278,293.92,180.448,367.962,0.186647,0.0507915,0.102922,0.209909,0.292892,0.125987,0.373491,0.082983,0.714171
09504,09,1554.61,1554.61,240.689,5.48351,35.0752,0.440479,residential,False,-0.34282,False,137.089,209.883,101.1,126.894,119.688,95.572,351.594,0.240733,0.0554756,0.0971087,0.0347206,0.138008,0.0844869,0.288076,0.103288,0.723232
09505,09,1338.42,1338.42,167.104,5.11861,34.3718,0.533493,residential,False,0.104275,False,313.374,48.4568,188.499,270.46,196.662,287.133,280.981,0.328005,0.0678521,0.0963577,-0.0972659,0.00442519,0.0571852,0.269912,0.101691,0.686604
09506,09,1547.3,1547.3,327.222,5.79064,35.9332,0.385432,residential,False,-0.425731,False,166.434,98.6993,303.038,79.714,109.952,72.2502,385.439,0.280699,0.0679155,0.106296,-0.0131853,0.0660273,0.0955625,0.278247,0.0792126,0.738972
09507,09,1396.05,1390.05,232.763,5.45002,35.4108,0.47013,residential,False,-0.512175,False,497.362,345.385,92.5009,41.7356,110.009,89.5682,107.962,0.352386,0.048995,0.111331,-0.161489,-0.0610662,0.0609449,0.241283,0.100423,0.629962
09508,09,2110.73,1782.73,34.4117,3.5384,36.7015,0.301664,residential,False,0.0401709,False,408.415,259.572,194.827,140.237,118.578,209.363,187.77,0.329783,0.0587822,0.0729393,-0.0754797,0.00977888,0.0721978,0.255045,0.0852586,0.663277
09509,09,1342.53,1342.53,86.8056,4.46367,34.0844,0.419841,residential,False,0.130064,False,274.579,295.037,200.076,182.606,71.384,396.083,349.381,0.263077,0.0778262,0.143965,-0.0787085,0.0141524,0.0900728,0.238261,0.0928609,0.704868
09510,09,1331.3,1314.3,81.1537,4.39634,35.5485,0.489393,residential,False,1.20705,False,431.333,288.905,384.309,186.877,599.957,342.639,650.057,0.284666,0.0689657,0.176514,-0.149037,-0.0503527,0.07158,0.240563,0.0986839,0.79346
09511,09,1608.11,1608.11,90.8125,4.5088,35.7816,0.499189,residential,False,-0.118214,False,168.589,147.894,203.777,148.789,193.434,111.887,244.629,0.228214,0.0605207,0.125667,0.029048,0.140251,0.118437,0.264492,0.111203,0.769889
09512,09,1469,1469,171.401,5.14401,34.9729,0.454134,residential,False,0.459996,False,266.686,285.411,196.57,189.415,256.455,281.873,281.865,0.258575,0.0651152,0.0995689,0.0207237,0.124211,0.100223,0.278645,0.103488,0.793407
09513,09,1437.78,1437.78,164.585,5.10343,35.2553,0.468758,residential,False,0.218016,False,158.308,232.664,559.791,113.845,200.238,278.465,200.502,0.248422,0.0698335,0.146889,-0.0705508,0.0522964,0.0668106,0.257949,0.122847,0.726148
09514,09,1572,1572,270.528,5.60038,35.5747,0.427729,residential,False,0.46418,False,295.783,408.724,555.833,130.281,190.509,143.266,357.051,0.24065,0.071756,0.124866,0.00320963,0.103536,0.0956411,0.273084,0.100326,0.712912
09515,09,1484.81,1481.81,51.9679,3.95063,34.8542,0.543675,residential,False,0.876109,False,462.312,381.527,448.982,246.634,246.823,252.729,446.371,0.230482,0.0480115,0.199339,-0.112884,-0.000584499,0.102167,0.21477,0.1123,0.79185
09516,09,1580.8,1580.8,250.656,5.52408,38.3191,0.393452,residential,False,-0.605676,False,73.548,196.203,198.887,114.641,82.736,194.752,138.505,0.264918,0.0555833,0.105849,-0.0177021,0.0953961,0.103031,0.250034,0.113098,0.724651
09517,09,1966,1966,210.093,5.34755,37.0806,0.422202,residential,False,-0.0711186,False,266.505,107.954,445.897,351.245,153.686,107.045,125.743,0.219071,0.0630754,0.140343,-0.00238852,0.102799,0.109617,0.247409,0.105187,0.70976
09518,09,1617.85,1617.85,168.769,5.12853,35.3027,0.522816,residential,False,-0.0168167,False,159.094,106.232,540.715,220.16,146.841,210.53,184.504,0.238087,0.0616366,0.155679,-0.056775,0.0549567,0.0826701,0.25432,0.111732,0.746307
09519,09,1445.2,1445.2,191.906,5.25701,36.5444,0.440758,residential,False,-0.0321213,False,161.329,115.045,447.994,59.9092,248.534,413.111,117.177,0.270983,0.0674598,0.118441,-0.0280414,0.0621426,0.0950185,0.266364,0.090184,0.736106
09520,09,1438.25,1438.25,218.572,5.38711,37.5906,0.459231,residential,False,0.288246,False,400.676,254.498,630.017,275.04,121.783,240.932,134.876,0.278028,0.0480006,0.113513,-0.0613477,0.0603089,0.0722738,0.257919,0.121657,0.664672
09521,09,1417.68,1417.68,28.1337,3.33697,37.0565,0.395064,residential,False,0.278819,False,361.001,167.902,357.163,101.51,171.372,467.769,201.468,0.2849,0.0568208,0.108605,-0.0395967,0.0532438,0.0781931,0.275715,0.0928405,0.684785
09522,09,1338.2,1320.19,46.2866,3.83485,34.855,0.514761,residential,False,1.68362,False,820.278,563.828,673.352,301.908,446.658,803.249,599.54,0.248318,0.0558061,0.200984,-0.144226,-0.0475555,0.109065,0.196012,0.0966708,0.835583
09523,09,1244.17,1244.17,146.2,4.98498,36.6603,0.526341,residential,False,0.193558,False,348.962,187.889,292.023,130.477,154.381,326.717,199.486,0.292796,0.0505475,0.16191,-0.174456,-0.0427894,0.0705324,0.209718,0.131666,0.747014
09524,09,1717.97,1717.97,170.142,5.13664,34.517,0.307721,residential,False,-0.0515605,False,440.116,127.537,207.928,61.0255,133.958,493.786,151.461,0.171203,0.0565277,0.245789,-0.0845073,0.0173967,0.154476,0.178009,0.101904,0.819692
09525,09,1400.29,1400.29,64.4928,4.16655,33.7314,0.532999,residential,False,0.347993,False,490.97,155.15,106.524,233.444,191.745,361.096,282.252,0.187029,0.0476419,0.213381,-0.038872,0.0721557,0.130043,0.231495,0.111028,0.801569
09526,09,1407.38,1407.38,134.577,4.90213,34.5939,0.498831,residential,False,-0.200546,False,169.861,253.814,110.81,184.997,147.05,114.153,207.895,0.211886,0.050491,0.201584,-0.0621843,0.0321906,0.114118,0.237167,0.0943749,0.78947
09527,09,1473.38,1415.39,52.6325,3.96333,32.4823,0.583406,residential,False,1.30256,False,754.329,322.939,280.164,368.038,282.127,751.523,674.204,0.190473,0.0707693,0.242998,-0.135304,-0.0179388,0.0888351,0.209333,0.117365,0.841542
09528,09,1095.63,949.668,28.8397,3.36175,32.536,0.627098,residential,False,1.89101,False,2109.96,379.606,407.296,421.249,197.892,1854.78,1641.51,0.208754,0.0807752,0.239365,-0.160853,-0.0526705,0.0935171,0.193749,0.108182,0.853158
09529,09,1082.1,1082.1,25.6759,3.24555,32.9079,0.632847,residential,False,2.09723,False,661.691,495.235,582.848,586.522,950.365,426.729,1672.23,0.206004,0.0845063,0.210533,-0.124524,0.00587441,0.106242,0.18577,0.130399,0.83902
09530,09,897.723,857.68,26.1112,3.26237,32.3143,0.616743,residential,False,2.09033,False,1650.38,760.098,798.307,867.598,232.526,1373.29,1017.61,0.205975,0.075111,0.252644,-0.191456,-0.0790352,0.0790235,0.188141,0.11242,0.822654
09531,09,971.593,660.593,17.4891,2.86158,31.7859,0.591905,residential,False,1.5841,False,973.207,341.703,721.115,612.05,259.849,729.571,734.739,0.298193,0.0653217,0.221613,-0.287767,-0.194586,0.0613314,0.170707,0.0931807,0.809918
09532,09,475,475,18.0869,2.89519,31.3624,0.620618,residential,False,2.78081,False,3281.41,3372.07,653.11,477.792,184.201,3402.73,3398.78,0.221624,0.05565,0.270549,-0.199157,-0.101936,0.101676,0.19134,0.0972209,0.834019
09601,09,1525.44,1471.44,108.553,4.68724,34.9122,0.512136,residential,False,-0.218567,False,378.91,114.009,92.1241,113.261,87.1352,344.893,263.939,0.302876,0.0827707,0.125112,-0.110967,-0.00053271,0.0604266,0.256595,0.110434,0.683215
09602,09,1186.15,1186.15,198.661,5.2916,34.6523,0.539,residential,False,-0.63174,False,377.18,183.056,20.1932,61.0763,130.03,82.8162,234.431,0.277248,0.0687411,0.135274,-0.085532,0.0374885,0.0658367,0.261153,0.12302,0.690486
09603,09,1249.43,1249.43,299.799,5.70311,36.0179,0.461868,residential,False,-0.495802,False,268.492,50.2454,122.895,65.9998,154.164,138.248,241.345,0.304025,0.0609926,0.135879,-0.16377,-0.0359081,0.0380292,0.238104,0.127862,0.733406
09604,09,1329.36,1329.36,293.277,5.68112,34.3059,0.395089,residential,False,-0.826871,False,166.162,35.2249,99.397,24.9737,119.137,184.758,314.764,0.28881,0.0869116,0.128359,-0.12407,-0.00683303,0.0537908,0.239309,0.117237,0.747882
09605,09,1697.63,1697.63,298.91,5.70014,34.7467,0.427027,residential,False,-0.529456,False,458.552,156.093,85.8903,75.0329,101.458,86.3638,168.03,0.295742,0.0701021,0.111362,-0.0933715,0.0522923,0.0634114,0.250321,0.145664,0.768643
09606,09,1341.5,1320.5,59.4265,4.08474,32.6532,0.592326,residential,False,0.495388,False,612.383,497.109,173.242,179.396,174.519,216.979,257.03,0.277711,0.0889003,0.127506,-0.110945,0.0144972,0.077754,0.216518,0.125442,0.776672
09607,09,1133.23,1133.23,100.671,4.61186,33.8112,0.514173,residential,False,-0.364239,False,371.794,108.678,65.6764,78.9973,116.716,194.516,254.211,0.285061,0.0661776,0.172893,-0.178346,-0.0563758,0.0432523,0.236355,0.12197,0.736374
09608,09,1048.07,1048.07,214.339,5.36756,33.7736,0.509503,residential,False,-0.978612,False,184.956,160.949,48.7598,12.7464,114.309,281.365,81.5827,0.296058,0.0752293,0.11351,-0.1095,0.0226522,0.024721,0.275346,0.132152,0.693381
09609,09,1374.3,1368.34,255.845,5.54457,32.702,0.540498,residential,False,-0.444548,False,246.309,158.479,36.7165,35.5243,294.418,157.85,141.657,0.35597,0.0856545,0.101306,-0.175062,-0.0812943,0.0491759,0.233038,0.093768,0.685638
09610,09,884.362,884.362,270.768,5.60126,32.6875,0.474539,residential,False,0.0123044,True,129.71,313.273,72.5456,75.4831,296.316,331.12,188.898,0.32489,0.0920549,0.114025,-0.146909,-0.0565138,0.0407373,0.251268,0.0903951,0.710141
09611,09,1359.36,1359.36,174.603,5.16251,37.209,0.389796,residential,False,0.435041,False,256.068,148.774,288.658,91.3878,213.696,642.756,387.579,0.257167,0.0786673,0.0940418,0.0508136,0.118918,0.100608,0.301415,0.0681049,0.762277
09612,09,1401.35,1401.35,228.342,5.43085,38.1737,0.443065,residential,False,0.100164,False,215.688,129.54,235.404,85.8717,135.537,515.222,352.511,0.315761,0.0621994,0.0765357,-0.0176028,0.0428727,0.0662372,0.308457,0.0604755,0.685282
09613,09,1704.04,1704.04,229.96,5.43791,37.5837,0.378455,residential,False,-0.189712,False,139.861,179.181,194.452,113.575,104.696,376.151,205.629,0.240241,0.0737408,0.109857,0.0339033,0.140331,0.112265,0.271737,0.106428,0.69133
09614,09,1331.61,1331.61,187.704,5.23487,36.263,0.456804,residential,False,0.00967701,False,243.35,223.193,101.232,203.574,141.13,220.91,249.726,0.32086,0.0686093,0.114705,-0.116688,-0.011987,0.0733169,0.245559,0.104701,0.733798
09615,09,1553.43,1553.43,50.6931,3.92579,35.7614,0.429127,residential,False,0.919011,False,372.205,617.118,462.703,252.61,193.261,562.85,305.888,0.287877,0.0740005,0.178864,-0.178221,-0.0794657,0.0839373,0.204583,0.098755,0.748092
09616,09,1298.53,1298.53,49.3657,3.89926,35.7108,0.518197,residential,False,1.02599,False,354.219,585.6,314.697,344.796,280.153,274.533,559.536,0.288203,0.0885434,0.166692,-0.177065,-0.0837138,0.0702722,0.207558,0.0933515,0.83958
09617,09,1326.72,1326.72,87.8081,4.47515,36.0968,0.512036,residential,False,0.474486,False,258.465,186.31,377.69,148.358,224.197,461.357,275.837,0.331778,0.0771361,0.152226,-0.244482,-0.127995,0.0498806,0.189641,0.116488,0.704451
09618,09,1041.43,1041.42,58.3248,4.06603,34.8682,0.567462,residential,False,0.763945,True,321.634,198.718,205.988,180.792,467.673,250.291,518.202,0.289023,0.0849042,0.170417,-0.188567,-0.073654,0.0612886,0.209584,0.114913,0.790335
09619,09,1211.89,1205.9,37.0546,3.61239,34.8853,0.53866,residential,False,1.05899,False,269.286,273.61,265.144,262.222,524.589,287.441,771.544,0.278574,0.0827785,0.175562,-0.176619,-0.0696495,0.0543127,0.223205,0.10697,0.803282
09620,09,1559.75,1559.75,59.1492,4.08006,35.4506,0.317612,residential,False,0.80178,False,194.738,418.864,656.47,78.2699,249.988,888.761,376.613,0.241565,0.0569633,0.176097,-0.0807415,0.0212788,0.104728,0.232192,0.10202,0.729846
09621,09,1109.5,1109.5,40.7739,3.70804,33.1206,0.547467,residential,False,0.588163,False,383.975,160.778,297.771,306.44,171.63,449.147,382.308,0.192487,0.0756971,0.2339,-0.117966,-0.00761153,0.0993538,0.209067,0.110354,0.837749
09622,09,1387.72,1387.72,176.733,5.17464,35.2293,0.4313,residential,False,-0.133119,False,168.343,185.059,309.516,45.758,199.672,190.134,205.097,0.294472,0.0856549,0.126141,-0.10315,-0.00629445,0.0660977,0.251366,0.0968554,0.68967
09623,09,1397.99,1388.98,84.1726,4.43287,33.4937,0.548583,residential,False,0.482606,False,373.173,162.705,355.118,136.225,368.971,108.55,411.353,0.283145,0.0652251,0.155865,-0.121669,-0.0252406,0.0797389,0.237601,0.0964284,0.765419
09624,09,1117.68,1117.68,51.0081,3.93198,31.3609,0.635954,residential,False,1.22646,False,951.954,248.832,247.912,718.849,179.324,743.289,670.749,0.23245,0.0670069,0.227949,-0.17442,-0.0819181,0.0829313,0.203047,0.0925024,0.851024
09625,09,1160.39,1136.39,43.1283,3.76418,32.8226,0.619059,residential,False,1.65828,False,758.527,396.212,975.752,229.542,495.95,1118.63,476.824,0.352977,0.0802973,0.183222,-0.314271,-0.215757,0.0577104,0.164218,0.0985135,0.775866
09626,09,1169.21,1135.21,28.4364,3.34767,33.6717,0.587963,residential,False,1.86086,False,596.782,536.024,574.396,682.506,570.074,992.146,615.476,0.319128,0.0871201,0.183501,-0.253914,-0.16657,0.0673323,0.181383,0.0873438,0.819044
09627,09,1219.1,1219.1,29.8697,3.39685,34.5143,0.525291,residential,False,0.694899,False,276.266,312.839,429.705,305.17,178.238,366.82,401.423,0.334415,0.0696036,0.172363,-0.254444,-0.163906,0.0502786,0.202056,0.090538,0.801097
09628,09,1239.68,1239.68,31.4345,3.44791,33.3764,0.571073,residential,False,1.39577,False,517.437,442.723,378.417,594.34,283.603,479.861,888.044,0.39555,0.0512165,0.17958,-0.353452,-0.279683,0.0516312,0.170046,0.0737695,0.77411
09629,09,1149.79,1122.73,14.1184,2.64748,30.7763,0.657464,residential,False,2.50438,False,1426.52,1339.44,1553.65,1169.6,375.813,984.464,1361.24,0.341883,0.0768973,0.202447,-0.330961,-0.255042,0.0575122,0.155857,0.0759193,0.822647
09630,09,1172.29,1169.29,25.3123,3.23129,32.1804,0.612705,residential,False,2.10957,False,1061.39,999.919,1209.39,861.478,341.397,627.908,1057.36,0.3764,0.0765663,0.223196,-0.430205,-0.339071,0.0492123,0.120179,0.0911332,0.833957
09701,09,1220.07,1220.05,38.4831,3.65022,34.1899,0.569863,residential,False,1.04125,False,696.117,747.991,129.375,239.592,281.544,535.337,360.892,0.275209,0.0610944,0.193679,-0.157834,-0.0662534,0.104983,0.206071,0.0915805,0.841239
09702,09,1060.84,1060.84,101.961,4.62459,35.0637,0.552917,residential,False,-0.378083,False,221.97,161.222,96.2198,85.9132,123.226,210.029,170.188,0.258011,0.0535407,0.145009,-0.0553633,0.0512547,0.0911544,0.256502,0.106618,0.749875
09703,09,1071.03,1064.03,105.603,4.65969,35.0613,0.542727,residential,False,-0.561706,False,193.921,329.169,98.2909,98.2216,104.907,73.8228,133.818,0.249361,0.0677493,0.136845,-0.0596494,0.0663374,0.0785728,0.247984,0.125987,0.779315
09704,09,1343.81,1343.81,141.008,4.94882,35.6044,0.547208,residential,False,-0.65684,False,116.406,58.1934,62.9655,98.1553,104.13,374.206,199.855,0.24923,0.0714251,0.139949,-0.0539126,0.0758518,0.074369,0.260898,0.129764,0.746188
09705,09,1214.87,1214.87,52.9397,3.96915,34.8064,0.546438,residential,False,0.682591,False,753.787,620.028,285.131,260.55,127.018,424.635,199.909,0.257664,0.0919384,0.186646,-0.137089,-0.0416006,0.0894921,0.217729,0.0954881,0.824478
09706,09,1082.11,1049.12,40.2187,3.69433,32.4622,0.600884,residential,False,1.2339,False,737.215,737.617,285.235,359.061,232.204,552.486,454.388,0.167632,0.0648081,0.217848,-0.0215565,0.0842643,0.115389,0.248534,0.105821,0.868861
09707,09,1280.1,1280.1,57.5387,4.05246,34.16,0.569857,residential,False,0.384468,False,318.382,305.378,290.904,147.643,196.396,233.21,271.475,0.208116,0.0613914,0.194602,-0.0419517,0.0579257,0.0989542,0.261812,0.0998774,0.837151
09708,09,1210.89,1210.89,140.974,4.94858,35.3203,0.556154,residential,False,-0.196777,False,231.563,102.786,276.954,71.779,162.232,232.007,177.148,0.276794,0.0800541,0.138062,-0.0679911,0.0237899,0.0679453,0.27892,0.091781,0.72894
09709,09,1476.75,1476.75,70.2614,4.25222,34.964,0.462789,residential,False,0.438698,False,352.737,175.999,142.837,219.337,218.169,388.9,328.16,0.155553,0.0599335,0.207077,0.0309714,0.135117,0.130051,0.26355,0.104145,0.762204
09710,09,1235.45,1235.45,64.0824,4.16017,33.315,0.563187,residential,False,0.909148,False,557.456,129.919,180.826,433.522,554.232,151.19,586.147,0.181558,0.0607053,0.17688,0.0289383,0.138345,0.142172,0.245204,0.109407,0.815002
09711,09,1422.6,1420.71,50.4926,3.92183,33.8822,0.56303,residential,False,0.511716,False,245.709,287.497,321.593,279.794,227.341,256.49,265.979,0.207604,0.0504024,0.189663,-0.0273738,0.0968262,0.0939042,0.275989,0.1242,0.808579
09712,09,1147.36,902.244,35.4562,3.5683,32.0483,0.589892,residential,False,0.46448,False,334.061,298.015,205.038,290.051,128.453,364.431,375.021,0.225382,0.0609312,0.169961,-0.0199984,0.067822,0.129999,0.245345,0.0878204,0.78756
09713,09,1208.04,1208.04,59.7937,4.0909,34.237,0.516719,residential,False,-0.289666,False,318.463,108.983,151.113,104.593,163.894,92.7896,210.765,0.19419,0.0684858,0.130188,0.0827808,0.210593,0.0976124,0.309547,0.127812,0.823116
09714,09,1175.17,1161.17,130.664,4.87263,34.0062,0.491421,residential,False,0.43889,False,732.622,269.861,195.941,125.57,181.915,384.62,200.417,0.190103,0.0628171,0.136845,0.101955,0.21575,0.127798,0.301105,0.113795,0.812923
09715,09,1221.58,1221.58,54.4254,3.99683,33.3322,0.629393,residential,False,0.167098,False,307.782,145.797,116.882,215.954,248.903,147.084,294.814,0.189254,0.0824115,0.178668,0.00974959,0.106779,0.118218,0.259454,0.0970297,0.781587
09716,09,1360.43,1360.43,66.2914,4.19406,33.5503,0.480464,residential,False,-0.00502932,False,509.389,231.591,229.35,144.511,150.668,140.845,121.502,0.202093,0.0628163,0.195851,-0.0406003,0.0533551,0.128133,0.229211,0.0939554,0.831516
09717,09,1276.73,1276.73,201.455,5.30556,35.2027,0.477616,residential,False,-0.164521,False,150.76,172.806,287.755,88.5526,179.9,153.547,192.391,0.202372,0.082473,0.135386,0.056356,0.164645,0.0801132,0.314,0.108289,0.751698
09718,09,1327.41,1327.41,90.4119,4.50438,35.6872,0.466763,residential,False,-0.365139,False,121.613,129.303,183.014,189.312,116.278,219.135,141.431,0.115894,0.0441501,0.174393,0.188742,0.283664,0.173289,0.30574,0.0949227,0.846575
09719,09,1299.38,1299.38,132.83,4.88907,34.7028,0.525784,residential,False,0.150754,False,236.825,190.228,76.6914,92.2161,338.513,198.864,323.207,0.184195,0.0681206,0.171207,0.0448067,0.139574,0.144444,0.255764,0.0947676,0.817122
09720,09,1372.11,1372.11,90.7048,4.50761,34.9076,0.495378,residential,False,0.146093,False,381.092,383.291,181.333,132.89,112.55,238.128,236.911,0.156017,0.066774,0.203639,0.0733931,0.16139,0.164217,0.268832,0.0879971,0.854547
09721,09,1157.07,1157.07,104.946,4.65345,33.3892,0.609431,residential,False,0.737838,False,242.527,493.612,98.7627,235.946,354.226,207.229,655.923,0.163814,0.0627873,0.164825,0.104889,0.224622,0.16034,0.273187,0.119734,0.685817
09722,09,1212.13,1212.13,121.564,4.80044,34.882,0.548636,residential,False,0.373816,False,167.402,315.209,291.611,127.706,325.942,147.809,327.946,0.198744,0.0633534,0.173559,0.0230906,0.121164,0.10922,0.286174,0.0980737,0.798245
09723,09,1230.2,1230.2,147.088,4.99103,34.1939,0.495535,residential,False,0.407854,False,302.711,450.195,195.834,98.8554,163.942,260.958,463.661,0.185379,0.0748961,0.154033,0.0778997,0.171224,0.129567,0.287744,0.0933248,0.831523
09724,09,1247.08,1190.09,55.4272,4.01507,33.1576,0.57242,residential,False,0.966405,False,402.465,757.139,188.136,181.064,257.225,282.59,775.213,0.195823,0.0651714,0.22178,-0.0872792,0.0243347,0.12679,0.203533,0.111614,0.860758
09725,09,1362,1333,32.9092,3.49375,32.692,0.640768,residential,False,1.8266,False,341.416,878.87,2095.5,1099.14,315.902,1237.35,350.752,0.254505,0.077843,0.218081,-0.188581,-0.0891668,0.108499,0.175506,0.0994144,0.800051
09726,09,1317,1302,28.2653,3.34163,33.1383,0.631124,residential,False,1.54939,False,514.532,445.791,1663.97,938.539,256.651,845.304,336.01,0.260645,0.0649749,0.273827,-0.289889,-0.210256,0.0910348,0.153548,0.0796328,0.847724
09727,09,1287.22,1287.22,30.5301,3.41871,32.2659,0.631843,residential,False,2.084,False,909.25,406.995,1200.84,913.054,458.801,1010.79,945.34,0.25219,0.075761,0.255767,-0.240456,-0.1558,0.0980248,0.169476,0.0846565,0.844931
09728,09,1290.6,1234.6,23.1736,3.14302,32.5326,0.628747,residential,False,1.58712,False,780.174,303.598,1086.07,531.07,343.148,563.706,684.866,0.23663,0.0652651,0.238978,-0.181842,-0.0770568,0.0982156,0.19555,0.104785,0.812513
09729,09,1359.81,1338.81,33.8438,3.52176,33.527,0.606369,residential,False,0.889094,False,261.914,380.596,271.445,291.589,168.994,847.473,598.752,0.197169,0.0542068,0.246134,-0.103237,-0.000688028,0.115728,0.224338,0.102549,0.826021
09730,09,1374.84,1313.84,20.9266,3.04102,32.251,0.620246,residential,False,1.62374,False,608.608,681.17,428.993,399.374,390.758,840.965,662.701,0.274951,0.0601144,0.223717,-0.241037,-0.152044,0.0980469,0.159584,0.0889927,0.812258
09731,09,1476.95,1476.95,56.9234,4.04171,34.0663,0.524885,residential,False,0.585598,False,243.779,653.181,150.489,138.982,172.626,895.715,262.834,0.221115,0.0804068,0.201953,-0.114051,-0.00925731,0.117077,0.191939,0.104794,0.714828
09732,09,1758.79,1758.79,40.6147,3.70413,31.4676,0.634855,residential,False,1.53464,False,1262.23,260.669,649.487,189.222,185.003,1362.88,1459.65,0.236342,0.0831354,0.213777,-0.162708,-0.0760095,0.0866983,0.200713,0.0866983,0.76259
10101,10,1426.71,1426.71,167.442,5.12064,35.3102,0.47958,residential,False,-0.790301,False,153.82,201.867,6.55356,28.2218,185.581,143.809,293.726,0.496961,0.0714449,0.0871344,-0.382196,-0.325909,0.0360643,0.165835,0.0562872,0.645882
10102,10,1493.72,1493.72,290.534,5.67172,36.1124,0.463522,residential,False,-0.273467,False,405.775,351.369,32.6821,24.433,313.904,104.731,175.654,0.464809,0.0798176,0.0816026,-0.324791,-0.250061,0.0301149,0.191505,0.0747304,0.622499
10103,10,1683.28,1683.28,365.767,5.902,36.1568,0.445596,residential,False,-1.13599,False,421.285,186.683,0.00202822,6.9584,305.748,194.359,110.012,0.514717,0.0794653,0.0751396,-0.393651,-0.348888,0.0289069,0.167298,0.0447633,0.545858
10104,10,1238.59,1238.59,125.356,4.83116,35.1337,0.453961,residential,False,-0.387781,False,169.758,214.172,91.2516,96.1643,137.992,143.898,178.999,0.436366,0.063928,0.0870365,-0.275704,-0.206232,0.0250048,0.222695,0.0694712,0.683632
10105,10,1806,1806,300.619,5.70584,36.3063,0.425028,residential,False,-0.319302,False,309.182,161.055,104.314,28.3763,155.627,311.643,172.062,0.445062,0.0547447,0.0776435,-0.236009,-0.185763,0.0389463,0.24775,0.0502452,0.552473
10106,10,1523.67,1523.67,177.434,5.1786,35.4493,0.48123,residential,False,-0.928289,False,220.252,114.431,8.69167,31.6127,157.636,202.135,147.493,0.372543,0.0708439,0.0995478,-0.205109,-0.132794,0.0361577,0.230823,0.0723153,0.708764
10107,10,1391.94,1391.94,236.476,5.46584,35.2916,0.514777,residential,False,-0.134952,False,344.872,241.049,57.0741,101.719,170.729,108.49,307.775,0.483757,0.0638088,0.0719203,-0.325103,-0.268414,0.0286569,0.201917,0.056689,0.579108
10108,10,1265.34,1265.34,216.012,5.37533,35.1394,0.527567,residential,False,-0.259781,False,338.823,170.08,58.5543,115.004,164.977,150.657,178.674,0.474195,0.0794369,0.0788575,-0.343137,-0.266132,0.0266511,0.183265,0.0770047,0.616991
10109,10,1311.33,1311.33,392.954,5.97369,36.1387,0.398352,residential,False,-1.01286,False,379.908,120.263,27.994,98.7845,65.3644,104.984,89.1201,0.527023,0.0707222,0.051961,-0.366609,-0.319586,0.0307478,0.181628,0.0470223,0.558945
10110,10,1211.61,1211.61,182.494,5.20672,34.8428,0.486292,residential,False,-0.053223,False,210.448,268.761,154.427,156.299,158.425,204.798,152.945,0.447866,0.0630292,0.0912708,-0.310739,-0.230537,0.0282416,0.200156,0.0802024,0.634909
10111,10,1031.24,1031.24,231.912,5.44636,35.5944,0.410229,residential,False,-0.923635,True,88.3767,284.476,12.7177,61.4528,149.141,77.6212,183.947,0.501585,0.080277,0.053859,-0.336023,-0.285505,0.0152513,0.204169,0.0505183,0.577131
10112,10,1721.66,1721.66,302.043,5.71057,34.8239,0.493087,residential,False,-0.227844,False,294.432,188.498,51.9219,90.9356,209.448,152.306,186.311,0.397157,0.0826515,0.106432,-0.231001,-0.169534,0.0354939,0.237094,0.0614663,0.626555
10113,10,2098.94,1774.94,195.05,5.27326,35.1611,0.473066,residential,False,-0.651235,False,420.873,67.5322,41.0856,82.6433,125.454,94.4349,219.137,0.391673,0.0767878,0.103795,-0.223706,-0.143017,0.033052,0.23871,0.0806884,0.610059
10114,10,2049.55,2049.55,361.931,5.89145,35.1764,0.482102,residential,False,-0.877899,False,147.675,206.478,43.5739,17.9088,155.713,126.778,128.344,0.455549,0.0660993,0.0825384,-0.298692,-0.231537,0.0196558,0.21974,0.0671545,0.583061
10115,10,1240.08,1240.08,353.228,5.86711,35.9678,0.449632,residential,False,-1.01893,False,288.36,51.3353,4.64824,82.1012,143.297,218.509,122.448,0.431955,0.078583,0.0783607,-0.260264,-0.20146,0.0165304,0.233521,0.0588036,0.579405
10116,10,1735.37,1735.37,421.749,6.04441,33.4997,0.486338,residential,False,-0.77673,False,460.806,108.201,48.629,13.7227,132.509,174.779,139.715,0.499565,0.0719915,0.0519025,-0.334308,-0.270923,0.0209834,0.196176,0.0633854,0.561119
10117,10,1108.26,1108.26,296.113,5.69074,34.0288,0.538345,residential,False,-1.40911,False,131.336,146.725,0.879616,63.2861,108.495,84.797,161.053,0.477166,0.0906643,0.0488013,-0.281339,-0.215011,0.0241288,0.220499,0.0663284,0.572644
10118,10,1976.23,1976.23,545.576,6.30184,34.9374,0.344998,residential,False,-0.0253469,False,544.092,260.451,37.823,100.786,183.582,225.476,198.087,0.341997,0.062356,0.0971191,-0.115429,-0.0425736,0.0722791,0.251408,0.0728553,0.603273
10119,10,1613.35,1613.35,504.252,6.22308,35.4111,0.493865,residential,False,-0.709022,False,376.584,73.8216,106.489,11.874,149.348,132.775,210.544,0.445435,0.0811285,0.0799446,-0.299765,-0.216858,0.0394733,0.186141,0.0829064,0.518404
10120,10,1347.56,1347.56,273.305,5.61059,35.3459,0.521609,residential,False,-1.28667,False,184.558,99.778,10.0803,60.3214,116.185,35.6461,166.963,0.422222,0.0806964,0.100461,-0.2766,-0.208909,0.0375832,0.2085,0.0676907,0.594338
10121,10,1805.77,1805.77,366.506,5.90402,35.428,0.498361,residential,False,-0.391642,False,460.797,164.592,66.8555,102.036,145.822,120.974,118.017,0.494505,0.0635877,0.0898674,-0.375269,-0.325251,0.0249892,0.184115,0.0500176,0.589424
10122,10,868.26,868.26,269.44,5.59635,34.4308,0.433119,residential,False,-0.789081,True,190.19,149.079,34.7639,38.9388,136.725,83.4423,229.687,0.406018,0.0618744,0.124308,-0.287247,-0.207583,0.0382927,0.204787,0.0796642,0.671334
10123,10,1287.83,1287.83,237.513,5.47022,33.5232,0.536868,residential,False,-0.456735,False,279.863,169.951,31.5838,77.1818,102.601,184.785,310.949,0.388846,0.0649717,0.0998396,-0.251148,-0.147149,0.0347672,0.20277,0.104,0.612379
10124,10,1137.37,1137.37,191.185,5.25324,33.7016,0.506086,residential,False,-0.241773,True,215.535,258.772,65,35.6294,153.355,302.694,263.791,0.422107,0.0608918,0.108434,-0.26153,-0.200638,0.0393197,0.229692,0.0608918,0.748109
10125,10,1587.05,1587.05,171.478,5.14446,34.8096,0.474073,residential,False,-0.585462,False,220.864,157.546,23.5874,49.2336,141.609,218.633,208.44,0.4134,0.0755014,0.112765,-0.275024,-0.216098,0.0326711,0.21847,0.058926,0.72559
10126,10,1326.74,1326.74,259.457,5.55859,34.447,0.473537,residential,False,-0.514928,False,228.376,144.357,4.50761,57.2482,256.294,165.023,361.924,0.412418,0.0794816,0.0861373,-0.243955,-0.178374,0.0231387,0.231462,0.0655811,0.690023
10127,10,1443.04,1443.04,166.856,5.11713,33.3107,0.550947,residential,False,-0.199827,False,155.936,188.742,140.318,93.8927,146.492,189.654,261.557,0.474123,0.0736992,0.047644,-0.255222,-0.196949,0.0360746,0.23047,0.0582734,0.615006
10128,10,1908.13,1908.13,270.8,5.60138,33.9385,0.519181,residential,False,-0.304033,False,165.185,211.717,11.7739,92.9785,192.36,279.522,339.356,0.442449,0.0600389,0.0828311,-0.28225,-0.210046,0.0282483,0.214782,0.0722043,0.65816
10129,10,1300.22,1300.22,269.102,5.59509,34.2711,0.49516,residential,False,0.053125,False,289.924,336.673,71.5622,117.846,126.228,420.475,233.542,0.42812,0.0657973,0.103892,-0.293092,-0.202622,0.0297127,0.209207,0.0904703,0.658403
10130,10,1491.28,1491.28,337.421,5.82133,34.0564,0.515527,residential,False,-0.76746,False,126.06,161.386,4.48142,25.0759,373.521,148.703,208.509,0.44854,0.0565334,0.0847276,-0.273332,-0.221263,0.033742,0.226194,0.052069,0.621614
10131,10,1830.7,1830.7,272.33,5.60701,34.2805,0.562031,residential,False,-0.596814,False,246.804,346.711,8.53374,67.9932,171.829,149.668,143.008,0.459662,0.0738317,0.0552486,-0.300104,-0.234319,0.0137041,0.201102,0.0657859,0.55368
10132,10,1213.56,1213.56,181.412,5.20077,34.9493,0.507481,residential,False,-0.359188,False,427.186,582.683,21.1409,42.3445,56.6441,489.584,247.769,0.423175,0.0708368,0.0981735,-0.281013,-0.234513,0.0307661,0.20957,0.0464998,0.594075
10201,10,1474.94,1474.94,216.888,5.37938,35.2173,0.499214,residential,False,-0.114438,False,760.492,434.385,16.8363,79.1626,105.344,274.071,259.147,0.434887,0.0846885,0.0872401,-0.283661,-0.214093,0.0362908,0.202175,0.0695684,0.607339
10202,10,1233.61,1233.61,320.474,5.7698,35.0454,0.542961,residential,False,-1.28684,False,216.635,100.62,0.616166,21.665,179.929,229.343,114.212,0.505133,0.0704816,0.0652416,-0.350731,-0.266607,0.0260133,0.193631,0.0841239,0.656811
10203,10,1662.99,1662.99,374.771,5.92632,34.6305,0.516995,residential,False,-0.552184,False,360.118,203.3,5.61744,29.6326,280.547,103.511,288.307,0.318989,0.0564236,0.142959,-0.181861,-0.0920023,0.0430812,0.237006,0.0898584,0.659289
10204,10,1354.94,1354.94,293.223,5.68093,33.8811,0.569301,residential,False,-0.482014,False,712.352,436.568,7.4104,54.4633,106.376,191.692,165.788,0.351162,0.0608871,0.131211,-0.189121,-0.120663,0.0478371,0.245415,0.0684578,0.639668
10205,10,1221.38,1188.63,232.706,5.44977,34.7977,0.526569,residential,False,-0.366192,False,261.996,270.299,25.7153,19.1192,288.763,138.92,263.562,0.370733,0.0647383,0.123402,-0.231239,-0.148225,0.0302647,0.232632,0.0830141,0.686678
10206,10,2169.37,2169.37,229.349,5.43524,34.9491,0.436353,residential,False,-0.781597,False,58.322,346.86,17.4148,44.6948,139.55,163.988,243.749,0.339473,0.0834972,0.107208,-0.137717,-0.0514689,0.0401326,0.268832,0.0862479,0.563924
10207,10,1787.3,1787.3,336.923,5.81985,33.6281,0.483994,residential,False,-0.0484102,False,265.704,245.94,87.9994,100.023,132.404,217.74,338.894,0.402755,0.0794279,0.0846336,-0.214011,-0.14593,0.0362655,0.237112,0.0680811,0.657286
10208,10,1532.66,1287.41,361.418,5.89004,34.1754,0.400042,residential,False,-0.248316,False,316.086,209.522,67.6373,79.1052,136.942,107.916,346.871,0.410075,0.0840498,0.0872526,-0.2156,-0.16,0.0398667,0.241861,0.0555995,0.669045
10209,10,1067,1067,275.784,5.61962,34.8771,0.502236,residential,False,-0.228684,False,493.533,159.229,93.6676,194.592,148.59,83.2235,152.981,0.339932,0.0914676,0.156314,-0.230034,-0.159727,0.0450512,0.22116,0.0703072,0.717874
10210,10,3364.75,3364.75,134.68,4.9029,35.1682,0.498429,residential,False,-0.00492728,False,430.51,150.014,78.773,92.4378,241.801,151.863,253.644,0.390066,0.0861943,0.127831,-0.26954,-0.214755,0.0467495,0.201607,0.0547845,0.680433
10211,10,1245.95,1245.95,259.976,5.56059,33.5297,0.50092,residential,False,-1.16284,False,734.597,58.2688,0.097607,30.7858,124.097,208.078,206.301,0.395118,0.0879286,0.122025,-0.280634,-0.197261,0.0310833,0.205426,0.0833735,0.658987
10212,10,926.242,926.242,172.62,5.15109,34.8948,0.493525,residential,False,-0.687039,False,492.163,51.9032,19.2619,34.195,153.025,191.707,252.098,0.374789,0.0821054,0.136571,-0.255617,-0.17824,0.0323598,0.223383,0.0773765,0.716077
10213,10,1174.38,1174.38,199.769,5.29716,34.5636,0.470211,residential,False,-0.423697,False,596.533,277.089,21.5094,58.2908,76.0892,128.698,413.317,0.351776,0.0702648,0.122313,-0.157728,-0.0916497,0.0389228,0.277438,0.0660783,0.644302
10214,10,1190.84,1190.84,449.811,6.10883,35.2071,0.456869,residential,False,-0.654824,False,555.086,403.032,1.03347,78.1536,136.001,155.088,171.598,0.327567,0.0842037,0.127176,-0.150239,-0.0636423,0.0392733,0.265231,0.086597,0.699926
10215,10,1030.12,1030.12,295.041,5.68711,35.1048,0.491111,residential,False,-1.03147,False,517.637,244.854,0.51856,77.6907,204.043,50.8966,95.0009,0.331142,0.0736849,0.131707,-0.164736,-0.0833132,0.0373041,0.26081,0.0814227,0.72921
10216,10,2088.05,2088.05,50.7511,3.92693,35.4918,0.379647,residential,False,0.693833,False,765.798,437.427,125.95,291.818,118.131,434.636,472.466,0.351655,0.052444,0.100063,-0.135595,-0.0402905,0.0433081,0.272815,0.0953044,0.482966
10217,10,1180.8,1180.8,269.292,5.5958,33.5025,0.522716,residential,False,-0.0199683,False,312.709,55.0495,108.569,48.8923,400.327,233.695,295.256,0.380105,0.0672768,0.0912464,-0.152686,-0.0808286,0.0403368,0.278328,0.0718572,0.555065
10218,10,1355.98,1355.98,343.664,5.83966,33.2633,0.534759,residential,False,-0.68238,False,157.672,51.1923,29.0564,54.561,286.802,219.758,130.719,0.408959,0.0654229,0.0987936,-0.232946,-0.158083,0.027011,0.247795,0.0748637,0.657799
10219,10,1677.37,1677.37,272.37,5.60716,34.8755,0.419255,residential,False,-0.46409,False,222.648,272.556,17.3309,34.0829,263.93,118.61,223.688,0.378487,0.0686171,0.108854,-0.211616,-0.13431,0.0268955,0.248829,0.0773056,0.631185
10220,10,1470.21,1470.21,274.366,5.61446,35.7264,0.373628,residential,False,-1.27802,False,71.9083,172.647,44.0057,52.6682,58.3708,244.085,59.843,0.409515,0.0658277,0.0908563,-0.200324,-0.153486,0.0367254,0.263322,0.0468372,0.584153
10221,10,2205.96,2205.96,320.219,5.769,35.2423,0.482789,residential,False,-0.210458,False,437.066,120.34,29.7373,113.04,204.28,148.353,270.067,0.359191,0.0710307,0.111905,-0.183851,-0.101178,0.046053,0.241192,0.0826724,0.636176
10222,10,1530.09,1530.09,59.4459,4.08507,35.3855,0.529073,residential,False,0.338117,False,426.282,308.113,110.37,137.727,136.135,385.946,388.401,0.302817,0.0798122,0.233568,-0.327465,-0.253521,0.0492958,0.159624,0.0739437,0.703341
10223,10,1305.53,1305.53,55.2878,4.01255,35.0011,0.506404,residential,False,0.30263,False,338.51,342.328,69.305,95.7398,256.063,346.196,275.998,0.287563,0.0937076,0.160962,-0.164111,-0.075261,0.0574676,0.226947,0.0888499,0.721147
10224,10,1059.07,1059.07,70.26,4.2522,35.1384,0.513894,residential,False,0.338439,False,412.988,276.07,82.0443,132.919,316.224,201.402,264.262,0.29546,0.0995169,0.169077,-0.209123,-0.119435,0.0585609,0.196853,0.0896886,0.758842
10225,10,1535.05,1535.05,137.377,4.92273,34.8625,0.486608,residential,False,-0.35424,False,122.699,271.986,46.3192,73.3199,226.976,191.303,154.783,0.286901,0.0768687,0.150473,-0.138815,-0.0467386,0.050953,0.247606,0.0920763,0.642097
10226,10,1369.92,1369.92,145.4,4.97949,35.5359,0.541724,residential,False,-0.208937,False,340.635,69.0604,78.9905,123.479,197.428,203.5,215.36,0.296451,0.0709554,0.135997,-0.12141,-0.015453,0.0647849,0.246253,0.105957,0.740428
10227,10,1173.45,1173.45,210.676,5.35032,35.4326,0.48007,residential,False,-0.756473,False,466.157,228.943,0.777635,41.4469,164.09,315.741,147.196,0.323716,0.0813928,0.133955,-0.199269,-0.098094,0.027759,0.230644,0.101175,0.726376
10228,10,1259.93,1259.93,236.902,5.46765,34.7458,0.494359,residential,False,-0.198573,False,376.15,360.063,20.6372,23.885,241.052,328.815,194.191,0.363851,0.0859063,0.132227,-0.251503,-0.161869,0.036452,0.208123,0.0896342,0.752219
10229,10,1509.63,1509.63,178.204,5.18293,35.5678,0.443819,residential,False,-0.239296,False,280.959,365.767,23.3661,131.583,157.505,122.906,249.764,0.36864,0.0936043,0.109019,-0.234358,-0.144571,0.0246016,0.218699,0.089787,0.624412
10230,10,1164.97,1164.97,133.048,4.89071,35.0476,0.510071,residential,False,0.160848,False,556.423,347.36,27.9394,90.9509,143.483,338.939,445.946,0.36516,0.0823652,0.142343,-0.244589,-0.168235,0.0348959,0.228018,0.0763538,0.681949
10231,10,1462.96,1462.96,163.072,5.09419,35.0462,0.520555,residential,False,-0.0453171,False,563.388,231.849,29.8252,44.4872,151.085,241.702,508.413,0.363064,0.0793178,0.117581,-0.207824,-0.114718,0.0289997,0.243821,0.0931067,0.695025
10232,10,1878.26,1878.26,276.295,5.62147,34.6172,0.553327,residential,False,-0.689346,False,325.799,257.999,25.9581,12.0183,144.815,117.484,260.411,0.410377,0.0630431,0.0999413,-0.245123,-0.15549,0.0254169,0.239779,0.0896333,0.655686
10233,10,1129.8,1129.8,179.983,5.19286,35.7697,0.476828,residential,False,-1.18063,False,134.719,73.1413,27.2423,49.694,72.1817,253.279,108.36,0.378057,0.0693526,0.110689,-0.202527,-0.117798,0.0404809,0.245738,0.0847287,0.63603
10234,10,1753.38,1753.38,245.106,5.50169,35.7033,0.452919,residential,False,-0.0711001,False,235.366,206.029,59.4448,116.6,140.413,514.623,203.069,0.346657,0.0539852,0.118704,-0.212259,-0.11137,0.0243078,0.228795,0.100889,0.611673
10301,10,1073.42,1073.42,253.631,5.53588,35.326,0.495009,residential,False,-0.385458,False,312.426,152.486,83.978,38.2564,138.129,231.094,194.452,0.326396,0.0763889,0.171682,-0.232893,-0.156233,0.0406971,0.224487,0.0766598,0.697051
10302,10,1071,1071,245.37,5.50277,35.9637,0.438722,residential,False,-0.919604,False,138.05,129.481,15.7524,18.8333,148.8,387.427,128.869,0.304902,0.0774771,0.163094,-0.193301,-0.110041,0.0479816,0.226713,0.0832597,0.759281
10303,10,1040,1040,272.625,5.6081,34.5736,0.438685,residential,False,-0.151758,False,327.42,175.967,54.9091,11.3544,294.637,433.598,250.085,0.272664,0.0848286,0.175327,-0.16394,-0.070672,0.0483751,0.235675,0.0932683,0.840337
10304,10,1727.91,1727.91,211.883,5.35604,35.2566,0.499373,residential,False,-0.408772,False,274.461,124.135,67.7867,101.588,135.24,104.196,270.414,0.512372,0.0875551,0.0660824,-0.354304,-0.319048,0.0295449,0.194605,0.035256,0.600044
10305,10,1549.66,1549.66,468.478,6.14949,36.1502,0.441228,residential,False,-1.66235,False,88.7337,146.48,3.04505,39.2742,96.8438,61.2961,101.999,0.514368,0.0696956,0.0553834,-0.35116,-0.303349,0.0156943,0.202897,0.0478112,0.543765
10306,10,2144.1,2144.1,319.56,5.76694,36.3444,0.417209,residential,False,-0.818011,False,130.85,143.17,102.592,32.9613,138.621,75.2853,172.389,0.467275,0.0743467,0.0811753,-0.321793,-0.246894,0.0367872,0.18987,0.0748991,0.607126
10307,10,2373.53,2373.53,338.872,5.82562,35.1968,0.502892,residential,False,-0.9031,False,319.6,53.6248,1.07693,36.2977,182.701,229.092,399.46,0.493513,0.0456081,0.0912716,-0.389751,-0.318064,0.0187912,0.176243,0.0716873,0.528939
10308,10,2154.12,2154.12,252.667,5.53207,34.8,0.479669,residential,False,0.0217595,False,242.477,121.171,105.134,84.3027,170.892,310.401,448.761,0.497751,0.08008,0.0568922,-0.338771,-0.271294,0.0183485,0.197524,0.0674772,0.521633
10309,10,1562.04,1562.04,282.543,5.64383,34.5899,0.520525,residential,False,-0.887753,False,87.8636,148.603,99.1197,6.03687,126.738,198.352,279.549,0.434412,0.0693647,0.0655242,-0.231536,-0.160993,0.0211409,0.24726,0.0705422,0.55378
10310,10,1488,1488,180.125,5.19365,35.0024,0.432561,residential,False,-0.391497,False,126.118,140.835,126.543,142.061,119.054,162.758,220.901,0.43166,0.0852523,0.0994205,-0.293593,-0.244725,0.0265613,0.210926,0.0488673,0.586248
10311,10,1730,1730,376.494,5.9309,35.7041,0.367063,residential,False,-0.313939,False,236.122,134.055,91.1511,49.1346,191.604,415.917,109.652,0.435011,0.0712753,0.087629,-0.259804,-0.207114,0.0478689,0.214967,0.0526899,0.586023
10312,10,1555,1555,377.119,5.93256,35.7754,0.441581,residential,False,0.456142,False,515.301,184.396,386.468,38.6742,438.946,122.592,404.752,0.475307,0.0700095,0.0927152,-0.355219,-0.283002,0.0442132,0.16859,0.072217,0.610997
10313,10,1059.8,1059.8,234.699,5.45831,34.4863,0.573613,residential,False,-0.119596,False,449.272,206.557,136.805,48.1497,132.294,121.633,383.717,0.443238,0.0808468,0.0894645,-0.307248,-0.246725,0.0405479,0.184907,0.060523,0.698249
10314,10,1258.2,1258.2,311.943,5.74282,34.7208,0.482037,residential,False,-0.491853,False,465.236,41.4937,95.1917,17.7427,152.833,175.814,438.576,0.453726,0.0654022,0.113854,-0.356243,-0.300791,0.0418854,0.169451,0.0554523,0.656564
10315,10,1232.69,1232.69,208.025,5.33766,35.1239,0.516723,residential,False,-0.290897,False,391.452,173.504,90.4357,20.6053,179.862,199.283,238.923,0.446928,0.0744097,0.0999832,-0.32514,-0.250173,0.0413865,0.180385,0.0749673,0.63023
10316,10,1109.2,1109.2,270.53,5.60038,35.8768,0.453344,residential,False,-0.781859,False,253.093,199.532,91.8706,24.2808,96.0745,84.7653,182.44,0.420521,0.0829925,0.0877578,-0.279109,-0.217361,0.0231465,0.206024,0.0617475,0.628389
10317,10,2719.91,2719.91,331.145,5.80256,35.7619,0.367317,residential,False,-0.621504,False,291.71,112.204,77.2028,18.1038,176.666,172.854,154.085,0.385269,0.0801844,0.0853301,-0.203634,-0.133029,0.0428747,0.22409,0.0706051,0.6529
10318,10,1815.52,1815.52,270.791,5.60135,35.4401,0.422711,residential,False,-0.389351,False,325.072,160.263,147.448,18.4022,136.882,126.107,343.624,0.379502,0.0588212,0.0843981,-0.159588,-0.0976694,0.0397565,0.264556,0.0619182,0.616809
10319,10,1416.53,1416.53,213.186,5.36217,36.2962,0.445493,residential,False,-0.458413,False,353.416,210.366,13.045,56.9908,169.02,65.7125,510.253,0.423465,0.0660681,0.0657539,-0.218663,-0.156808,0.0432411,0.227315,0.0618548,0.595962
10320,10,1780.52,1780.52,368.309,5.90892,36.4455,0.356485,residential,False,-0.126155,False,68.2282,64.1691,252.04,119.089,312.604,369.616,182.38,0.448628,0.0781526,0.0746945,-0.273035,-0.223085,0.0381926,0.212096,0.04995,0.504545
10321,10,1740.89,1740.89,157.088,5.05681,34.7761,0.540879,residential,False,-0.320391,False,178.523,319.531,28.831,96.29,112.375,373.967,208.019,0.451958,0.0715891,0.0830546,-0.318497,-0.259536,0.0197181,0.196798,0.0589606,0.556048
10322,10,1263.52,1263.52,216.047,5.3755,35.2625,0.527028,residential,False,-0.410651,False,147.073,376.978,95.0308,54.8944,153.816,152.076,134.663,0.48329,0.0730478,0.0909565,-0.360537,-0.317004,0.0198208,0.193889,0.0435327,0.569321
10323,10,1858.75,1858.75,311.92,5.74275,35.8098,0.46814,residential,False,-0.71305,False,390.674,200.848,58.0179,14.8131,99.3755,142.175,195.04,0.469622,0.0714345,0.107881,-0.365644,-0.31738,0.0156608,0.196199,0.0482637,0.61449
10324,10,1361.3,1361.3,228.382,5.43102,35.8197,0.488435,residential,False,-0.342099,False,374.268,127.187,101.246,94.3368,180.353,91.2758,159.243,0.431746,0.089061,0.113207,-0.333063,-0.273501,0.0187664,0.193123,0.0595618,0.680209
10325,10,2406.69,2384.69,201.361,5.3051,35.6839,0.406418,residential,False,-0.0551895,False,297.476,143.561,88.9854,63.1177,350.696,97.2989,291.546,0.375064,0.0784185,0.104913,-0.200779,-0.130382,0.041222,0.237976,0.0703973,0.601575
10326,10,1372.57,1372.57,329.116,5.79641,35.6088,0.390725,residential,False,-0.293995,False,123.035,219.342,121.388,150.704,178.419,225.28,95.9091,0.41413,0.0856945,0.100989,-0.271934,-0.207686,0.037974,0.205211,0.0642478,0.610926
10327,10,1381.47,1381.47,252.613,5.53186,35.9243,0.467887,residential,False,-0.833409,False,266.986,81.0715,7.84749,27.2835,155.148,181.938,325.604,0.428544,0.0601233,0.0751353,-0.205645,-0.143195,0.0401642,0.25787,0.0624503,0.593709
10328,10,1987.51,1987.51,342.926,5.83752,36.9951,0.332274,residential,False,-0.239811,False,246.163,162.325,112.771,139.579,93.6888,290.027,203.499,0.429932,0.0544271,0.0912141,-0.259183,-0.193827,0.0408588,0.221104,0.0653567,0.637177
10329,10,2368.62,2368.62,317.049,5.75906,36.406,0.38743,residential,False,-0.588555,False,270.875,120.813,113.468,37.7175,145.628,174.625,110.341,0.390292,0.0489092,0.101515,-0.199591,-0.110619,0.0389857,0.25323,0.088972,0.572954
10330,10,1364,1364,445.698,6.09964,35.6617,0.443326,residential,False,-0.819373,False,64.6274,311.999,87.7074,11.233,134.768,300.573,121.811,0.442126,0.0563189,0.112638,-0.299473,-0.24503,0.0299199,0.225372,0.0544421,0.620068
10331,10,1539,1539,298.709,5.69947,33.9288,0.532316,residential,False,-0.754627,False,241.649,346.172,0,51.1169,267.459,211.226,154.37,0.439477,0.0714995,0.114956,-0.345543,-0.272642,0.0281249,0.180765,0.0729016,0.677011
10332,10,1473,1473,301.817,5.70982,34.8503,0.403649,residential,False,-0.613447,False,284.418,428.502,11.6379,39.1064,124.064,181.463,169.093,0.335754,0.0573587,0.123835,-0.184625,-0.11548,0.039553,0.235411,0.0691451,0.705144
10333,10,1220.37,1220.37,314.48,5.75092,36.5982,0.441115,residential,False,-0.856494,False,251.614,457.692,53.8793,9.22496,111.555,110.345,116.404,0.387078,0.058201,0.1196,-0.272305,-0.200867,0.0416971,0.192675,0.071438,0.707391
10334,10,1246.63,1246.63,266.811,5.58654,35.4844,0.466201,residential,False,-0.303513,False,201.737,301.025,68.925,95.9423,134.913,138.322,213.14,0.413491,0.0797623,0.105258,-0.257491,-0.20571,0.0529586,0.208299,0.0517803,0.671712
10335,10,2615.6,2615.6,336.805,5.8195,35.9135,0.436669,residential,False,-0.447603,False,135.389,107.241,52.2607,36.3134,199.124,225.429,334.905,0.407226,0.0619486,0.0866561,-0.192519,-0.134589,0.0599437,0.24142,0.0579296,0.697639
10336,10,1424.4,1424.4,325.918,5.78664,34.995,0.411128,residential,False,-0.364886,False,216.824,273.074,134.965,14.0435,104.16,282.05,335.247,0.446747,0.0535171,0.1116,-0.33862,-0.255681,0.038177,0.18155,0.082939,0.625803
10337,10,1154,1154,256.561,5.54737,36.0859,0.464549,residential,False,-0.830135,False,275.187,410.938,13.6237,27.7805,118.942,104.615,141.55,0.415729,0.091401,0.104832,-0.301128,-0.218932,0.0351323,0.184301,0.0821961,0.706257
10401,10,1786.99,1733.99,26.4499,3.27525,38.3548,0.327162,residential,False,0.630671,False,453.353,825.492,394.772,160.617,160.555,261.205,235.001,0.277008,0.0747491,0.193649,-0.161651,-0.0784537,0.0872181,0.221789,0.0831971,0.738325
10402,10,1194.18,1123.18,35.9832,3.58305,34.8956,0.499631,residential,False,0.9119,False,627.96,633.86,392.703,248.112,200.147,333.846,310.17,0.27439,0.0675829,0.227294,-0.244544,-0.147084,0.0675829,0.189557,0.0974603,0.749015
10403,10,1497.72,1497.72,284.224,5.64976,34.8273,0.511486,residential,False,0.131318,False,240.09,274.658,21.6215,48.3512,472.465,716.502,157.971,0.360051,0.0738093,0.113823,-0.194132,-0.107351,0.0479937,0.231749,0.0867806,0.741813
10404,10,1750.54,1750.54,323.624,5.77958,33.0424,0.526677,residential,False,-0.289535,False,206.188,116.18,9.56323,94.2608,298.939,478.457,180.981,0.34935,0.078248,0.086516,-0.0844222,-0.0185686,0.0529244,0.298519,0.0658536,0.641451
10405,10,1253.13,1253.13,209.776,5.34604,34.5733,0.453293,residential,False,-0.213572,False,195.961,250.679,5.21097,63.9419,281.719,547.023,249.441,0.244468,0.0578887,0.160177,-0.101373,0.00815865,0.0333888,0.269883,0.109532,0.703245
10406,10,1201.09,1201.09,317.534,5.76059,33.8263,0.484511,residential,False,-0.846004,False,93.9518,72.0922,17.7578,34.1961,174.863,511.728,149.958,0.326782,0.0929346,0.11328,-0.132649,-0.0549887,0.040201,0.267212,0.0776604,0.682585
10407,10,750.558,750.558,262.66,5.57086,35.1032,0.520781,residential,False,-0.986206,True,107.352,55.8267,8.02845,67.7806,125.898,252.629,271.994,0.386606,0.0895941,0.108643,-0.197453,-0.140475,0.0594583,0.238339,0.056978,0.671479
10408,10,1682.91,1682.91,160.132,5.076,36.4064,0.330921,residential,False,-0.573548,False,93.1608,228.826,96.1075,71.5836,185.163,247.117,62.3945,0.321659,0.0758321,0.117887,-0.0914297,-0.0101923,0.0690807,0.279035,0.0812374,0.683041
10409,10,1681.92,1681.92,229.376,5.43536,34.3527,0.454081,residential,False,-0.237664,False,344.432,252.311,13.1919,72.7559,390.65,212.928,100.325,0.347268,0.0847307,0.118519,-0.168013,-0.105387,0.0515762,0.246198,0.0626257,0.656911
10410,10,2448.04,2448.04,265.995,5.58348,35.4047,0.465185,residential,False,-0.578949,False,201.023,73.7199,32.3161,64.332,200.638,273.136,144.852,0.326633,0.0784781,0.11397,-0.138461,-0.0699262,0.0410934,0.261048,0.0685347,0.643495
10411,10,1435.2,1435.2,236.15,5.46447,34.0926,0.549152,residential,False,-1.05185,False,492.089,59.4816,0.127131,16.8388,211.41,304.387,219.258,0.356017,0.0780715,0.112826,-0.184746,-0.0976726,0.0332538,0.250843,0.0870736,0.691624
10412,10,1207.89,1207.89,262.798,5.57139,35.4292,0.557886,residential,False,-0.592841,False,398.598,160.587,2.54473,68.4492,302.773,182.567,126.016,0.36758,0.084244,0.116359,-0.184843,-0.124945,0.0443594,0.254736,0.0598982,0.643026
10413,10,1485.25,1485.25,234.803,5.45875,35.8108,0.484408,residential,False,-0.288119,False,337.658,123.497,26.4701,51.7302,348.618,81.6133,326.402,0.34448,0.0853163,0.14729,-0.227555,-0.156826,0.0399585,0.224256,0.0707291,0.668736
10414,10,1307.69,1307.69,37.5187,3.62484,35.5124,0.540278,residential,False,0.496513,False,450.557,481.45,133.469,225.437,177.962,186.934,379.793,0.258051,0.0991325,0.250982,-0.268976,-0.188828,0.059954,0.180103,0.0801478,0.771596
10415,10,1250.25,1250.25,43.7535,3.77857,34.0879,0.593186,residential,False,0.691569,False,260.106,211.387,205.141,269.578,254.79,645.11,370.19,0.233458,0.062422,0.243446,-0.186017,-0.0811486,0.0911361,0.19975,0.104869,0.837281
10416,10,1175.03,1175.03,47.5487,3.86175,34.3209,0.543587,residential,False,0.326522,False,178.799,326.835,112.353,173.303,186.617,586.842,268.871,0.276166,0.110971,0.226986,-0.276166,-0.175284,0.0592686,0.167718,0.100883,0.832466
10417,10,2139.89,2139.89,64.1624,4.16142,35.0896,0.547214,residential,False,0.42158,False,386.965,487.355,161.377,214.935,151.216,206.017,336.511,0.289598,0.0808432,0.192877,-0.195519,-0.112469,0.0797396,0.207216,0.0830505,0.708471
10418,10,1528.59,1528.59,221.655,5.40112,35.6545,0.434329,residential,False,-0.774517,False,229.707,229.642,11.2177,22.4049,253.955,73.2176,189.129,0.320567,0.0856655,0.136319,-0.179127,-0.105206,0.0497562,0.228002,0.0739205,0.583788
10419,10,1130.98,1130.98,180.701,5.19685,34.6646,0.507522,residential,False,-0.734372,False,278.149,117.287,21.4616,24.4535,204.999,97.9343,227.791,0.350642,0.082169,0.156488,-0.253161,-0.177259,0.0401898,0.21378,0.0759022,0.64029
10420,10,1095.58,1095.58,32.0638,3.46773,35.245,0.510223,residential,False,0.722528,False,447.18,306.302,206.618,147.181,279.502,503.644,322.402,0.296446,0.0994637,0.211037,-0.272388,-0.19741,0.0498162,0.185279,0.0749771,0.824174
10421,10,1599.63,1599.63,247.952,5.51323,33.6937,0.479865,residential,False,-0.0974511,False,428.055,132.601,73.7445,51.2142,161.685,248.419,367.498,0.275112,0.0756717,0.165748,-0.118154,-0.0378248,0.0644205,0.258285,0.0803292,0.701465
10422,10,1126.7,1126.7,29.4879,3.38398,32.7608,0.589073,residential,False,0.293549,False,164.51,306.962,86.3163,128.116,250.075,195.193,629.157,0.278606,0.0967629,0.172442,-0.168472,-0.100375,0.0657045,0.216872,0.0680965,0.691408
10423,10,1336.87,1336.87,34.8308,3.5505,33.5539,0.584466,residential,False,0.499139,False,192.576,251.418,136.971,396.223,139.583,601.167,477.362,0.219432,0.0742358,0.254367,-0.194323,-0.0895197,0.099345,0.180131,0.104803,0.847286
10424,10,1254.27,1254.27,45.3519,3.81445,34.6571,0.584297,residential,False,1.02145,False,392.521,420.629,219.018,412.972,270.178,545.658,437.88,0.23301,0.0885922,0.240291,-0.195388,-0.11165,0.098301,0.179612,0.0837379,0.821606
10425,10,1984.99,1984.99,54.4146,3.99663,34.9693,0.497789,residential,False,0.464153,False,556.396,208.974,141.415,162.015,206.537,390.716,291.58,0.24812,0.0805585,0.207304,-0.142857,-0.0698174,0.0870032,0.225564,0.0730397,0.820961
10426,10,1202.3,1202.3,44.51,3.79571,34.6553,0.529777,residential,False,0.985922,False,631.642,289.165,138.662,350.956,246.114,590.079,561.537,0.245081,0.0765172,0.196169,-0.140924,-0.0488334,0.0997236,0.200602,0.0920906,0.687734
10427,10,1437,1437,271.871,5.60533,37.6704,0.306204,residential,False,-0.367048,False,238.246,171.338,119.598,19.3788,120.388,571.046,175.12,0.206372,0.077727,0.190636,-0.0524457,0.0326089,0.137985,0.206577,0.0850547,0.775339
10428,10,1258.75,1233.75,39.7444,3.68247,35.5886,0.525934,residential,False,0.909579,False,430.558,326.626,120.847,316.718,284.163,656.717,441.157,0.203204,0.0622236,0.251251,-0.169605,-0.0564638,0.099488,0.185362,0.113141,0.793817
10429,10,1456.94,1456.93,80.3913,4.38691,36.9787,0.435755,residential,False,0.827049,False,724.367,264.145,127.626,272.948,238.807,483.291,434.094,0.194849,0.0582307,0.284434,-0.208287,-0.0940649,0.118701,0.152296,0.114222,0.868726
10430,10,1171.54,1143.65,58.8411,4.07484,36.4095,0.49398,residential,False,0.593152,False,766.259,199.421,75.3376,151.806,265.067,334.931,487.619,0.200112,0.0637619,0.286601,-0.20913,-0.102616,0.097592,0.179991,0.106514,0.829238
10431,10,1316.88,1316.78,41.0256,3.7142,36.0928,0.50951,residential,False,0.543444,False,567.366,299.397,229.717,332.587,171.001,196.955,306.09,0.243337,0.0787949,0.275782,-0.25956,-0.184241,0.107764,0.151796,0.0753187,0.869131
10432,10,1235.97,1235.97,41.3245,3.72145,34.5247,0.569596,residential,False,1.58111,False,926.746,823.15,363.962,552.366,230.277,680.595,777.461,0.208861,0.0658228,0.240506,-0.143038,-0.0240506,0.131646,0.174684,0.118987,0.842887
10433,10,1211.14,1106.15,31.9462,3.46405,34.5045,0.570068,residential,False,1.0362,False,1114.49,524.185,253.326,294.29,183.696,354.018,479.911,0.23197,0.0885444,0.268491,-0.238191,-0.171849,0.115533,0.146738,0.0663416,0.8559
10434,10,1192.14,1192.14,31.9838,3.46523,33.315,0.621625,residential,False,0.688487,False,922.451,185.003,185.875,438.561,202.152,368.862,240.533,0.206874,0.0819561,0.27511,-0.220347,-0.139945,0.099884,0.161752,0.0804028,0.820731
10435,10,1464.61,1398.6,26.2088,3.2661,33.9649,0.592175,residential,False,1.16132,False,1061.75,657.386,196.079,324.397,201.007,685.151,386.273,0.271275,0.0808436,0.249839,-0.289861,-0.19615,0.0860394,0.145214,0.0937115,0.831479
10436,10,1096.26,1096.26,32.1646,3.47087,33.1201,0.617133,residential,False,1.67436,False,1492.27,1388.49,273.726,484.178,194.772,1322.79,484.903,0.247682,0.0481916,0.282473,-0.294704,-0.185541,0.0829572,0.152495,0.109162,0.809989
10501,10,1207.9,1207.9,40.4898,3.70105,34.9321,0.551257,residential,False,0.886085,False,252.954,382.268,191.593,226.795,219.595,662.901,753.704,0.258706,0.0833333,0.246269,-0.248756,-0.172886,0.0920398,0.164179,0.0758706,0.840083
10502,10,1065,1065,33.2383,3.5037,34.9759,0.560409,residential,False,0.829546,False,453.887,284.523,222.151,273.215,206.86,247.17,926.557,0.275726,0.0765172,0.278364,-0.345646,-0.259894,0.0633245,0.145119,0.085752,0.872146
10503,10,1180.95,1180.95,30.2922,3.41089,35.1673,0.564917,residential,False,1.12426,False,486.193,611.851,310.788,501.127,200.252,373.294,616.168,0.272727,0.0882353,0.227273,-0.252674,-0.160428,0.0895722,0.157754,0.092246,0.811361
10504,10,1114,1114,34.249,3.53366,35.1923,0.553447,residential,False,1.42642,False,684.357,749.554,467.502,629.368,145.98,760.465,794.734,0.277108,0.0401606,0.253012,-0.278447,-0.192771,0.0589023,0.192771,0.085676,0.846067
10505,10,1092,1065,39.9886,3.68859,34.5959,0.557355,residential,False,1.90579,False,1339.06,665.605,505.752,829.388,401.55,1109.74,458.966,0.302521,0.092437,0.235294,-0.322129,-0.226891,0.070028,0.145658,0.0952381,0.826237
10506,10,1306.29,1306.29,44.4226,3.79375,35.4228,0.54997,residential,False,1.22356,False,1194.38,299.373,229.11,266.767,371.379,306.632,705.19,0.290482,0.0667491,0.264524,-0.352287,-0.255871,0.0704574,0.132262,0.0964153,0.869149
10507,10,1273.16,1273.16,36.7833,3.60504,35.3462,0.559237,residential,False,1.03444,False,892.619,413.24,161.808,254.365,203.712,280.914,1075.85,0.256501,0.0472813,0.274232,-0.304965,-0.193853,0.0768322,0.148936,0.111111,0.853266
10508,10,1253,1253,43.0048,3.76131,34.8341,0.572155,residential,False,1.0284,False,509.229,486.941,191.874,202.943,203.914,620.815,792.809,0.238213,0.060794,0.282878,-0.264268,-0.172457,0.0930521,0.163772,0.0918114,0.813696
10509,10,1460.91,1454.92,40.0245,3.68949,34.8907,0.551973,residential,False,0.588269,False,278.737,305.57,276.17,436.495,147.956,498.5,274.868,0.217865,0.0675381,0.22658,-0.138344,-0.0544662,0.0904139,0.215686,0.083878,0.789162
10510,10,1157.12,1081.12,38.7003,3.65585,34.7966,0.555428,residential,False,0.70907,False,613.694,198.498,133.65,257.649,328.573,279.881,382.304,0.16872,0.0690815,0.192751,0.0265947,0.130756,0.126554,0.261512,0.104161,0.850784
10511,10,1146.05,1146.05,69.1272,4.23595,34.799,0.525393,residential,False,0.340028,False,253.012,290.371,99.4762,160.926,173.119,309.282,511.935,0.245401,0.0613767,0.192168,-0.115808,-0.0154398,0.0924124,0.229349,0.100369,0.84163
10512,10,1085.01,1085.01,32.9413,3.49473,35.3331,0.502548,residential,False,0.807958,False,163.156,497.09,162.427,466.416,177.257,717.761,543.108,0.29584,0.0862866,0.220339,-0.308166,-0.206471,0.0616333,0.146379,0.101695,0.735912
10513,10,1194,1194,36.3248,3.5925,36.4011,0.475948,residential,False,0.715317,False,283.517,612.582,217.779,582.346,167.437,400.318,245.365,0.248968,0.0976616,0.231087,-0.228336,-0.151307,0.0674003,0.184319,0.0770289,0.822999
10514,10,1108.16,1107.75,25.6501,3.24455,35.5346,0.558073,residential,False,0.977781,False,324.005,658.53,307.164,399.108,305.24,301.056,333.402,0.253078,0.0683995,0.227086,-0.220246,-0.127223,0.0670315,0.192886,0.0930233,0.835227
10515,10,1154,1154,32.2346,3.47304,35.3339,0.510479,residential,False,0.859216,False,435.64,508.802,262.333,434.531,221.571,326.121,309.938,0.239071,0.0737705,0.285519,-0.312842,-0.222678,0.0642077,0.147541,0.0901639,0.816104
10516,10,1021.94,1021.94,30.4396,3.41575,34.9257,0.555976,residential,False,0.919262,False,550.13,481.549,170.2,476.901,212.443,428.713,359.429,0.247657,0.0736278,0.255689,-0.259705,-0.155288,0.0843373,0.159304,0.104418,0.845547
10517,10,1116.78,1116.78,35.2236,3.56171,35.0804,0.561237,residential,False,0.757529,False,251.402,408.723,309.053,320.385,198.858,464.646,376.443,0.296599,0.0666667,0.253061,-0.342857,-0.246259,0.0544218,0.152381,0.0965986,0.836343
10518,10,1066.22,1066.22,32.1834,3.47145,33.683,0.580363,residential,False,1.41995,False,884.057,963.648,187.192,455.616,228.909,986.438,472.976,0.23646,0.0475561,0.270806,-0.233818,-0.146631,0.103038,0.17041,0.0871863,0.861298
10519,10,1141.87,1141.87,37.1381,3.61464,33.5852,0.597265,residential,False,1.2418,False,586.271,356.48,758.352,402.835,235.213,328.219,770.189,0.272722,0.0632365,0.25573,-0.296254,-0.217449,0.0814444,0.150753,0.0788046,0.863041
10520,10,1049,1049,32.2417,3.47326,34.2615,0.575372,residential,False,1.16859,False,691.284,336.419,763.349,293.529,254.912,267.189,681.05,0.308269,0.0770361,0.283976,-0.407745,-0.32875,0.0642559,0.120245,0.0789949,0.867218
10521,10,1129.22,1129.22,31.069,3.43621,34.3969,0.577798,residential,False,1.72561,False,747.631,612.584,748.796,556.68,459.566,579.42,548.433,0.25188,0.0651629,0.29198,-0.314536,-0.218045,0.0802005,0.149123,0.0964912,0.857749
10522,10,1159.06,1159.05,37.5247,3.625,33.3245,0.58506,residential,False,1.18729,False,517.928,507.495,292.276,675.741,185.877,767.98,455.942,0.262829,0.077597,0.255319,-0.292866,-0.204005,0.077597,0.147685,0.0888611,0.841719
10523,10,1178,1178,41.8633,3.73441,34.6324,0.560902,residential,False,0.434758,False,224.914,356.991,239.107,364.125,174.262,427.482,169.391,0.29364,0.0663058,0.248985,-0.334235,-0.23816,0.0649526,0.143437,0.0960758,0.811422
10524,10,1133.84,1133.84,36.0224,3.58414,33.8863,0.586478,residential,False,1.41977,False,449.247,215.139,547.713,665.903,347.928,857.597,658.685,0.216535,0.0813648,0.213911,-0.12336,-0.0223097,0.0708661,0.23622,0.10105,0.818085
10525,10,1172.43,1172.43,33.9085,3.52367,35.1253,0.565629,residential,False,0.68816,False,375.594,279.616,232.995,292.91,229.324,274.408,442.957,0.232213,0.0736577,0.277306,-0.267492,-0.180417,0.0775109,0.164516,0.0870743,0.843598
10526,10,1149,1149,30.2872,3.41072,34.5256,0.595329,residential,False,1.39934,False,781.135,439.008,359.739,386.008,357.198,374.742,785.351,0.260541,0.078004,0.295202,-0.322333,-0.25622,0.0854913,0.147919,0.0661134,0.860527
10527,10,1411.57,1405.98,31.4599,3.44871,34.8562,0.554378,residential,False,1.44535,False,935.921,526.893,704.647,471.243,333.44,550.027,317.073,0.272366,0.0735586,0.293241,-0.362823,-0.286282,0.0715706,0.131213,0.0765408,0.874355
10528,10,1045,1045,30.698,3.4242,33.1852,0.605177,residential,False,1.94569,False,1535.45,443.95,328.126,334.803,738.106,812.351,886.925,0.229145,0.0755691,0.309653,-0.319712,-0.23689,0.0832192,0.135866,0.0828221,0.839237
10529,10,1156,1156,34.0203,3.52696,35.4041,0.544719,residential,False,1.09,False,1343.36,304.725,578.296,523.969,248.727,312.7,219.931,0.257108,0.0860131,0.303728,-0.358428,-0.28515,0.0741718,0.128236,0.073278,0.845232
10530,10,1173.71,1173.71,34.3902,3.53777,34.9763,0.561684,residential,False,1.45755,False,1243.67,541.872,595.112,438.462,335.229,336.804,451.239,0.288517,0.0662939,0.25629,-0.323064,-0.230331,0.0784808,0.143262,0.0927329,0.860865
10531,10,1051,1051,35.2822,3.56338,33.7234,0.589074,residential,False,1.36705,False,1502.09,198.771,264.833,288.813,398.589,646.084,615.178,0.27075,0.063184,0.277774,-0.335185,-0.242689,0.0571467,0.156193,0.092496,0.872771
10532,10,1298.01,1298.01,43.7718,3.77899,35.5363,0.496776,residential,False,0.957296,False,842.743,253.901,202.163,249.014,220.475,544.667,549.709,0.249756,0.0494264,0.281245,-0.300927,-0.206775,0.0738092,0.156265,0.0941521,0.838131
10533,10,1231.65,1206.65,30.6988,3.42422,35.1034,0.528811,residential,False,1.02621,False,711.227,393.144,153.947,408.939,251.575,352.797,582.034,0.315344,0.0703579,0.246046,-0.365165,-0.282305,0.063306,0.132919,0.0828602,0.869409
10534,10,1107,1104,36.316,3.59226,35.6452,0.502411,residential,False,0.632042,False,295.129,234.708,86.4216,295.512,247.624,510.868,494.962,0.257391,0.0659668,0.214832,-0.189234,-0.0921946,0.0864994,0.19649,0.0970392,0.800578
10535,10,1171.48,1171.48,38.6977,3.65578,35.1326,0.547549,residential,False,0.191616,False,244.123,172.789,197.312,332.143,117.824,310.859,296.838,0.251414,0.0672269,0.223268,-0.20284,-0.0912206,0.0923779,0.179465,0.111619,0.845389
10536,10,1109.34,1109.33,22.8308,3.12811,36.8755,0.434981,residential,False,0.552143,False,400.021,332.123,202.795,356.087,144.658,273.455,393.741,0.250895,0.0590912,0.223249,-0.204806,-0.108188,0.0801475,0.189191,0.0966175,0.801458
10537,10,1080.45,1080.45,31.0466,3.43549,34.3237,0.60008,residential,False,1.40722,False,944.255,781.399,249.15,695.298,149.519,641.43,843.196,0.257667,0.0620142,0.258888,-0.261074,-0.175471,0.0981926,0.157288,0.085603,0.836584
10601,10,1701.21,1701.21,292.338,5.67791,34.4985,0.469551,residential,False,-0.099441,False,380.778,185.914,54.0256,51.7784,190.6,399.474,193.32,0.357631,0.0592255,0.130979,-0.236902,-0.143508,0.0296128,0.222096,0.0933941,0.697966
10602,10,2031.75,2031.75,257.177,5.54976,34.5679,0.5234,residential,False,-0.450136,False,346.537,113.31,46.8609,19.4888,166.084,332.017,225.142,0.383239,0.0639132,0.160896,-0.295215,-0.235206,0.0415896,0.20733,0.0600098,0.632578
10603,10,1180.93,1180.93,189.701,5.24545,34.9175,0.388938,residential,False,-0.654007,False,229.721,188.709,38.9771,26.6533,185.641,91.9657,199.961,0.393379,0.0638619,0.130998,-0.286581,-0.217655,0.041698,0.196098,0.0689263,0.658287
10604,10,1628,1628,459.288,6.12968,35.4723,0.36009,residential,False,-0.36903,False,307.382,148.537,32.4587,21.202,303.489,142.802,272.835,0.356329,0.0794962,0.165189,-0.283753,-0.21972,0.0472014,0.190565,0.0640331,0.700124
10605,10,1204.96,1204.96,203.826,5.31727,34.4023,0.554722,residential,False,-0.783312,False,373.968,52.2158,15.8023,15.419,313.682,77.1847,299.016,0.399565,0.0676131,0.153838,-0.30374,-0.246048,0.0407838,0.20888,0.0576914,0.657043
10606,10,1759.5,1759.5,227.537,5.42731,35.3071,0.361151,residential,False,-0.740487,False,172.904,174.86,42.4913,15.3185,217.096,206.289,104.436,0.459375,0.0734607,0.090842,-0.298762,-0.248258,0.0434533,0.208002,0.0505042,0.553224
10607,10,2161.92,2161.92,402.415,5.99748,33.8385,0.486994,residential,False,-0.901261,False,295.848,136.917,0,34.6685,242.475,244.212,204.838,0.421929,0.0922278,0.0772788,-0.264775,-0.204979,0.0333186,0.201115,0.059796,0.57991
10608,10,978.085,978.085,212.883,5.36074,35.3542,0.467087,residential,False,-0.823843,False,308.555,211.213,2.56425,17.2398,330.567,207.38,96.7108,0.356552,0.0835057,0.168855,-0.294721,-0.226549,0.0358396,0.194847,0.0681716,0.688369
10609,10,1194.71,1194.71,72.5022,4.28362,35.0397,0.541775,residential,False,0.198675,False,587.419,199.9,63.6985,112.062,245.436,106.645,473.283,0.334457,0.0998102,0.213052,-0.357,-0.288847,0.0373517,0.153156,0.0681538,0.729876
10610,10,1745.87,1745.87,253.018,5.53346,35.3848,0.485603,residential,False,0.326796,False,478.633,322.019,60.7398,62.119,353.526,174.44,387.383,0.405691,0.0459614,0.143992,-0.284125,-0.228886,0.0350888,0.230469,0.0552395,0.639094
10611,10,1793.05,1793.05,263.596,5.57442,34.4763,0.506212,residential,False,0.157827,False,325.183,221.975,100.788,79.0085,205.045,246.558,372.811,0.442934,0.043485,0.103812,-0.273015,-0.220191,0.0391833,0.234547,0.0528232,0.531624
10612,10,1279.94,1279.94,311.272,5.74067,34.69,0.521549,residential,False,-0.486705,False,334.745,37.4716,9.10592,78.4907,273.873,204.755,363.611,0.444096,0.0662682,0.107267,-0.333053,-0.264813,0.0286169,0.189694,0.0682402,0.542538
10613,10,1351.52,1351.52,130.829,4.87389,33.7755,0.552029,residential,False,-0.00799412,False,429.688,145.964,58.6699,77.9531,255.046,112.388,414.611,0.42533,0.0716409,0.124372,-0.320958,-0.242905,0.0454388,0.183305,0.0780531,0.698111
10614,10,1321.32,1321.32,352.725,5.86569,35.4439,0.490947,residential,False,-0.603883,False,199.557,199.54,79.8576,76.2164,96.2804,127.872,163.249,0.459493,0.0757725,0.11148,-0.332718,-0.283073,0.0274679,0.210787,0.0496459,0.635878
10615,10,1246.63,1246.63,231.195,5.44326,34.1236,0.548428,residential,False,-0.3021,False,378.541,301.51,4.14145,79.8684,214.035,137.975,394.465,0.47849,0.0602959,0.127504,-0.399202,-0.348039,0.0319995,0.174793,0.0511623,0.634718
10616,10,1639.08,1639.08,387.913,5.96078,35.2373,0.442739,residential,False,-1.86999,False,120.098,199.85,2.19532e-05,1.951,162.5,95.5385,132.172,0.481409,0.0833869,0.112017,-0.41803,-0.346185,0.0246319,0.150764,0.0718445,0.609402
10617,10,1270.73,1270.73,64.426,4.16552,34.3087,0.550707,residential,False,0.187013,False,284.361,91.593,46.4973,172.648,343.955,261.783,403.764,0.395463,0.0664111,0.184629,-0.37335,-0.304192,0.0286785,0.178064,0.0691574,0.705329
10618,10,1228.1,1228.1,44.2302,3.78941,34.7098,0.556545,residential,False,0.867566,False,404.509,437.054,126.764,313.625,195.783,438.766,733.791,0.271106,0.0856124,0.258026,-0.296076,-0.208086,0.058264,0.174792,0.0879905,0.823472
10619,10,1254.67,1254.67,72.3292,4.28123,34.2667,0.553266,residential,False,-0.100275,False,151.311,189.012,93.9818,142.096,138.633,243.626,345.295,0.31746,0.0810496,0.186174,-0.241418,-0.159919,0.0566802,0.205536,0.0814987,0.748906
10620,10,1152.87,1152.87,49.3744,3.89943,34.9215,0.550458,residential,False,0.363761,False,317.82,220.753,169.941,246.816,172.828,250.834,365.618,0.266986,0.0705814,0.261546,-0.301243,-0.216043,0.0623069,0.164982,0.0852002,0.765567
10621,10,1012.83,1012.83,173.046,5.15356,34.0338,0.568611,residential,False,-0.409262,False,278.501,80.3445,22.225,28.1589,254.193,216.843,399.3,0.325761,0.0823388,0.204165,-0.308252,-0.231397,0.0315625,0.190112,0.0768557,0.669846
10622,10,1430.31,1430.31,170.444,5.13841,34.5899,0.51992,residential,False,-0.0755081,False,137.734,300.905,52.3768,46.1026,204.792,449.055,302.675,0.355092,0.0842245,0.18528,-0.311347,-0.241046,0.0314003,0.197624,0.0703007,0.634542
10623,10,1977.57,1977.57,305.507,5.72197,35.0813,0.406184,residential,False,-0.0142495,False,131.139,342.695,122.579,63.3211,162.778,451.989,237.834,0.400928,0.0530828,0.159887,-0.309176,-0.225509,0.0395188,0.212119,0.0836675,0.625934
10624,10,973.843,973.843,219.634,5.39196,34.8776,0.551051,residential,False,0.0147798,False,259.732,208.911,117.904,63.8054,167.838,421.369,235.907,0.34324,0.0650137,0.181562,-0.294592,-0.193541,0.0293353,0.200874,0.101051,0.690029
10625,10,1254.85,1254.85,297.208,5.69443,35.5908,0.399762,residential,False,-0.556867,False,132.906,94.8458,98.2069,49.8176,145.145,334.671,147.134,0.330305,0.0686743,0.159605,-0.211636,-0.128733,0.0418755,0.236398,0.0829026,0.625339
10626,10,1175.22,1175.22,316.692,5.75793,32.9512,0.526209,residential,False,-0.785185,False,122.478,7.89886,120.895,91.1076,198.165,219.2,223.916,0.377479,0.0753846,0.124592,-0.249461,-0.172185,0.0409265,0.211683,0.0772762,0.628302
10627,10,1270.78,1270.78,302.862,5.71328,33.0571,0.570924,residential,False,-1.16099,False,194.163,108.653,0,16.2988,253.518,115.935,348.63,0.338726,0.0842505,0.176328,-0.257753,-0.192774,0.030363,0.226938,0.0649787,0.685565
10628,10,1300.25,1300.25,236.928,5.46776,34.175,0.5371,residential,False,-0.367267,False,191.054,87.2408,16.12,37.9268,448.579,138.761,373.932,0.397856,0.0424504,0.146738,-0.270193,-0.213904,0.0332715,0.241129,0.0562889,0.679824
10629,10,1046.1,1046.1,154.436,5.03978,34.5094,0.475713,residential,False,-0.127325,False,214.459,61.177,75.6544,66.5269,294.347,425.119,232.113,0.28179,0.0873641,0.222035,-0.261263,-0.16467,0.0464771,0.196084,0.0965932,0.682584
10630,10,1193.06,1193.06,267.554,5.58932,35.8563,0.519809,residential,False,-0.136981,False,325.256,85.4869,131.861,32.6753,202.177,589.133,183.604,0.315687,0.0898303,0.179091,-0.256916,-0.164077,0.0383008,0.199561,0.0928393,0.739641
10631,10,1320.21,1320.21,229.15,5.43438,34.9123,0.514981,residential,False,-0.183174,False,137.326,198.07,53.7154,132.46,197.251,443.613,136.665,0.321015,0.069515,0.182112,-0.271452,-0.156314,0.0363461,0.195328,0.115138,0.598466
10632,10,1130.87,1130.87,42.2631,3.74391,35.573,0.538008,residential,False,0.268216,False,278.048,255.241,159.796,185.485,153.98,580.382,182.605,0.277358,0.071472,0.20505,-0.215936,-0.121704,0.0699141,0.196557,0.0942321,0.806407
10633,10,1523.59,1523.59,42.0691,3.73931,34.4667,0.577063,residential,False,0.652484,False,463.377,239.984,354.92,333.667,97.6631,571.21,489.395,0.272816,0.0631068,0.240777,-0.263107,-0.166019,0.0932039,0.157282,0.0970874,0.826984
11101,11,1488.74,1488.74,109.814,4.69879,33.2863,0.542588,residential,False,0.92393,False,531.876,433.591,118.915,187.542,227.536,896.671,489.063,0.365791,0.0804091,0.177782,-0.341093,-0.273765,0.0348948,0.167586,0.0673273,0.732337
11102,11,1343.65,1170.66,30.9046,3.43091,34.7504,0.527254,residential,False,1.50363,False,1788.07,509.315,325.231,291.508,178.871,569.871,1385.17,0.309989,0.0772869,0.315186,-0.463968,-0.401201,0.0388647,0.122342,0.0627668,0.830544
11103,11,1430.31,1412.31,52.1106,3.95337,34.6622,0.490183,residential,False,0.579993,False,484.681,224.17,137.509,396.13,144.249,249.87,672.252,0.343122,0.0539008,0.242872,-0.351638,-0.290705,0.0749663,0.159389,0.0609329,0.805812
11104,11,1847.39,1847.39,105.322,4.65702,35.0952,0.438333,residential,False,0.579872,False,404.184,413.313,175.816,80.078,304.986,417.627,264.57,0.290819,0.045542,0.227741,-0.222332,-0.162141,0.0895187,0.206709,0.0601908,0.749637
11105,11,1852.93,1852.93,365.216,5.90049,34.9868,0.469339,residential,False,-0.396351,False,157.421,105.429,149.177,29.8602,126.263,555.269,201.096,0.409036,0.0944563,0.138246,-0.325607,-0.265838,0.0208679,0.200806,0.0597692,0.598804
11106,11,1744.17,1744.17,181.468,5.20108,34.3545,0.522841,residential,False,0.115654,False,285.741,385.993,41.7706,52.1408,179.601,812.687,232.9,0.40356,0.0753801,0.165195,-0.345739,-0.275646,0.0411106,0.181906,0.0700931,0.696681
11107,11,1458.07,1458.07,388.641,5.96266,34.6985,0.499143,residential,False,-0.610006,False,155.509,91.8163,101.898,8.00303,194.867,399.361,197.918,0.409814,0.0809591,0.0914022,-0.218798,-0.150309,0.0351313,0.247288,0.0684883,0.599554
11108,11,1549.53,1549.53,215.152,5.37134,34.3072,0.477896,residential,False,-0.260965,False,145.683,151.438,54.9787,81.4757,182.847,497.436,166.078,0.363516,0.0664176,0.138681,-0.244527,-0.139648,0.032967,0.224703,0.104879,0.617814
11109,11,1131.9,1122.9,38.3147,3.64583,34.4212,0.520024,residential,False,0.0937372,False,343.962,163.565,60.0032,158.465,176.116,516.395,201.996,0.29569,0.075595,0.28766,-0.380232,-0.315614,0.0501542,0.152964,0.0646174,0.850259
11110,11,1601,1601,239.992,5.4806,36.1432,0.489995,residential,False,-0.888127,False,188.732,81.4875,38.7195,44.6193,116.527,110.349,214.99,0.404757,0.0655708,0.180733,-0.353623,-0.308001,0.0197021,0.212165,0.0456221,0.674594
11111,11,1079,1079,279.78,5.63401,35.8356,0.495683,residential,False,-0.117536,False,258.937,74.5757,88.7465,23.5173,333.75,268.236,397.707,0.443229,0.0377372,0.153704,-0.365057,-0.321543,0.0180198,0.213856,0.0435136,0.610634
11112,11,1061,1061,348.577,5.85386,35.019,0.482861,residential,False,-0.597409,False,139.466,285.869,1.92021,52.5281,264.915,250.294,237.49,0.301376,0.0789547,0.234216,-0.283643,-0.237901,0.0358728,0.216076,0.0457421,0.731977
11113,11,1867.82,1867.82,279.482,5.63294,35.7951,0.402002,residential,False,-0.943042,False,79.1361,273.192,29.3376,74.6614,145.852,282.113,34.6282,0.340332,0.0639092,0.180662,-0.241243,-0.171801,0.0359869,0.243764,0.069442,0.629746
11114,11,1217.19,1217.18,116.825,4.76067,35.8865,0.434708,residential,False,-0.627481,False,179.4,299.283,8.89638,30.1669,197.207,123.673,305.028,0.314231,0.0788927,0.20629,-0.24924,-0.177569,0.0418302,0.229451,0.0716709,0.711572
11115,11,1326.12,1326.12,421.102,6.04288,33.2418,0.433322,residential,False,0.0961492,False,261.475,99.6702,133.58,243.888,302.201,124.767,247.971,0.370508,0.0736232,0.165204,-0.296375,-0.227783,0.03209,0.207247,0.0685922,0.74289
11116,11,1220.7,1220.7,573.566,6.35187,34.7007,0.399906,residential,False,-0.326608,False,98.2948,126.053,131.038,194.213,220.633,297.299,72.906,0.381448,0.0891183,0.167669,-0.311286,-0.251737,0.0267325,0.211099,0.0595494,0.650513
11117,11,1234.18,1234.18,421.102,6.04288,34.91,0.497091,residential,False,-0.176236,False,300.182,114.477,105.306,115.69,190.571,226.387,151.981,0.467911,0.0587144,0.0901809,-0.322044,-0.267673,0.0310717,0.204977,0.0543705,0.550325
11118,11,2006.61,2006.61,330.298,5.79999,33.7236,0.526885,residential,False,-1.6347,False,120.197,6.34229,0,33.2109,180.137,353.935,275.177,0.394086,0.0759217,0.137207,-0.269526,-0.205697,0.0356106,0.226157,0.0638288,0.599295
11119,11,1483.59,1483.59,345.514,5.84503,34.263,0.494757,residential,False,-0.735756,False,63.0392,133.164,101.696,46.9862,173.263,182.266,127.359,0.44965,0.0906031,0.103826,-0.316032,-0.273345,0.0227479,0.214696,0.0426874,0.623061
11120,11,1546.4,1546.4,214.806,5.36973,34.8035,0.371223,residential,False,-0.238083,False,303.194,307.928,98.4913,47.2591,244.772,59.7971,209.944,0.370691,0.0829817,0.127998,-0.244695,-0.179514,0.042799,0.211194,0.0651817,0.70578
11121,11,1855.84,1855.84,400.298,5.99221,34.7788,0.462607,residential,False,0.0225635,False,614.402,217.286,64.6038,48.799,197.169,189.345,312.505,0.363951,0.0660866,0.168155,-0.266958,-0.216725,0.0428124,0.222336,0.0502329,0.655354
11122,11,1507.82,1507.82,380.553,5.94162,34.9697,0.455632,residential,False,-0.563158,False,448.532,135.329,22.5098,46.0854,165.003,211.258,126.201,0.428435,0.0540139,0.134561,-0.346179,-0.283652,0.0163165,0.2005,0.0625269,0.654635
11123,11,1724.48,1724.48,389.024,5.96364,35.2207,0.415327,residential,False,-0.606378,False,268.265,83.4695,11.6132,89.5151,241.681,307.624,93.3025,0.356087,0.0872648,0.139119,-0.237094,-0.16154,0.023809,0.234303,0.0755546,0.610288
11124,11,1426.33,1426.33,257.763,5.55204,33.7817,0.555336,residential,False,-0.315479,False,466.951,80.9335,13.9205,54.4652,185.487,461.564,273.392,0.396948,0.0707313,0.177205,-0.345853,-0.30105,0.0203936,0.207907,0.0448027,0.669792
11125,11,1543.93,1543.93,453.896,6.11787,34.8722,0.458125,residential,False,0.172142,False,462.619,162.967,62.6046,28.7461,474.728,249.007,293.734,0.377964,0.0837904,0.136048,-0.25162,-0.18865,0.0340411,0.228351,0.0629704,0.639938
11126,11,1141.87,1141.87,655.971,6.48612,31.9143,0.350812,residential,False,-0.740816,False,262.242,509.89,3.4096,35.9492,72.2817,342.503,255.123,0.338997,0.108072,0.175365,-0.275666,-0.208066,0.0278968,0.210798,0.0676005,0.719716
11127,11,1289.96,1289.96,583.642,6.36929,33.3854,0.488838,residential,False,0.450256,False,309.971,311.279,59.3739,161.437,213.012,518.901,426.215,0.387177,0.102735,0.137581,-0.279371,-0.226765,0.0218009,0.223586,0.0526055,0.67767
11128,11,1438.06,1438.06,558.588,6.32541,33.4404,0.483135,residential,False,-0.133658,False,218.87,278.031,54.915,190.6,108.597,369.8,186.609,0.301009,0.104694,0.190373,-0.222151,-0.144797,0.0363882,0.232843,0.0773533,0.728015
11129,11,787.509,787.509,487.393,6.18907,33.9989,0.359739,residential,False,0.204325,False,335.925,146.339,82.0706,176.945,207.386,337.111,303.291,0.37224,0.0726867,0.151127,-0.277713,-0.191287,0.0326444,0.213011,0.0864256,0.667911
11130,11,1486.98,1486.98,230.771,5.44143,34.136,0.562564,residential,False,0.104386,False,340.804,109.113,108.75,40.9287,286.657,318.903,379.347,0.394137,0.0946309,0.127331,-0.294215,-0.208084,0.0286235,0.19863,0.0861306,0.70859
11131,11,1237.55,1237.55,487.393,6.18907,34.1423,0.387816,residential,False,0.383493,False,447.252,166.506,90.6192,192.151,226.926,271.737,419.252,0.327074,0.100339,0.185634,-0.276474,-0.213747,0.0250301,0.211203,0.0627272,0.67644
11132,11,1072.02,1072.02,335.414,5.81536,34.8059,0.454069,residential,False,0.167704,False,383.035,116.908,107.853,181.914,288.86,95.2461,403.215,0.357694,0.0794094,0.199174,-0.328497,-0.254461,0.0312264,0.197145,0.0740357,0.694087
11133,11,1860.06,1860.06,275.797,5.61967,35.7407,0.359203,residential,False,-0.621385,False,159.239,74.8604,28.3815,133.12,146.013,232.545,174.339,0.402,0.0904295,0.106627,-0.257832,-0.185312,0.022167,0.228628,0.0725198,0.610476
11134,11,1392.25,1392.25,512.545,6.23939,34.6738,0.503309,residential,False,-1.1636,False,183.547,92.7991,77.0969,0,288.086,91.6147,185.339,0.372787,0.100941,0.101905,-0.171867,-0.109236,0.039257,0.263567,0.0626314,0.615591
11135,11,1427.74,1427.72,291.874,5.67632,34.6793,0.464073,residential,False,-0.607214,False,114.242,193.424,64.2835,67.4855,97.8101,127.224,323.551,0.330357,0.0669643,0.153093,-0.187759,-0.127824,0.042756,0.252935,0.0599349,0.655174
11136,11,1530.44,1530.44,301.273,5.70802,35.0809,0.506078,residential,False,-1.42858,False,214.991,0.842727,122.744,123.272,80.3475,153.557,146.682,0.325797,0.0881332,0.226719,-0.355972,-0.268311,0.0292306,0.167313,0.0876609,0.698574
11137,11,784.845,784.845,300.643,5.70592,34.6864,0.523377,residential,False,-0.144548,True,249.988,122.771,197.162,48.7132,322.209,64.9329,301.267,0.322048,0.0729346,0.183941,-0.259256,-0.169566,0.0369791,0.209753,0.0896905,0.760722
11138,11,1029,1029,381.501,5.94411,34.582,0.558679,residential,False,-0.10795,False,163.768,219.513,120.224,49.5225,225.563,118.318,437.138,0.288228,0.0970213,0.21928,-0.267394,-0.192287,0.037571,0.202543,0.075107,0.778825
11201,11,1223.7,1193.7,36.3112,3.59213,34.0622,0.540487,residential,False,0.61595,False,697.028,401.18,125.674,183.251,114.334,342.977,708.093,0.407425,0.0794583,0.170637,-0.35335,-0.298699,0.0288123,0.1959,0.0546509,0.685287
11202,11,1251.64,1251.64,415.223,6.02882,35.2051,0.461109,residential,False,-0.523483,False,119.667,261.201,121.311,47.6445,166.188,142.555,119.966,0.424602,0.0925596,0.163191,-0.397741,-0.331881,0.0276882,0.162364,0.0658609,0.644808
11203,11,1560.33,1560.33,370.378,5.91452,33.4335,0.542805,residential,False,-0.443187,False,281.404,41.8815,123.045,31.1367,320.048,124.444,206.245,0.424605,0.0679148,0.143248,-0.334844,-0.26212,0.0216074,0.211401,0.072724,0.643992
11204,11,1656.67,1656.67,418.408,6.03646,33.6927,0.490615,residential,False,-0.759554,False,292.779,69.7246,77.7893,1.28268,234.122,271.051,260.607,0.384335,0.0687701,0.140088,-0.280269,-0.187892,0.0228724,0.221281,0.092377,0.611764
11205,11,1394.68,1394.68,369.738,5.91279,33.0477,0.52304,residential,False,-0.210331,False,419.79,95.8328,28.4083,74.4275,182.647,204.436,421.637,0.365993,0.0704992,0.190698,-0.31536,-0.256194,0.0286577,0.212674,0.0591663,0.653619
11206,11,984.817,984.817,36.4915,3.59708,34.2293,0.517275,residential,False,0.694709,False,524.917,483.935,65.9437,329.363,252.967,201.641,506.129,0.305731,0.0796945,0.241393,-0.31813,-0.252077,0.0424033,0.186591,0.066053,0.750337
11207,11,1285.76,1285.76,303.541,5.71552,33.3372,0.541085,residential,False,-0.797983,False,223.83,235.208,11.6868,26.2704,174.896,64.4784,292.445,0.395988,0.112526,0.146849,-0.334044,-0.288573,0.0185646,0.190228,0.0454714,0.617882
11208,11,1849.46,1849.46,383.122,5.94835,34.8171,0.500115,residential,False,-1.38143,False,120.633,289.913,0,30.305,139.048,91.9962,179.638,0.393638,0.0982066,0.152263,-0.324463,-0.281087,0.0294632,0.191974,0.0433768,0.623943
11209,11,1219.52,1219,57.9053,4.05881,35.4404,0.493657,residential,False,0.27286,False,240.861,464.151,173.953,141.565,167.415,324.53,210.756,0.221525,0.0775476,0.261331,-0.184784,-0.0968747,0.0718006,0.226272,0.0879093,0.824863
11210,11,1280.98,1280.03,38.1306,3.64102,34.2245,0.550061,residential,False,0.743112,False,556.874,357.434,346.48,306.204,232.174,187.193,330.867,0.239462,0.0584893,0.290219,-0.254997,-0.174693,0.0820259,0.192659,0.0803039,0.857761
11211,11,1467.13,1466.45,280.689,5.63725,36.356,0.467099,residential,False,-0.972601,False,508.335,189.671,2.15913,14.3686,92.443,575.526,131.44,0.330632,0.0784803,0.170718,-0.202392,-0.147005,0.0263362,0.272621,0.0553873,0.618978
11212,11,1800.18,1754,299.234,5.70123,34.9914,0.474528,residential,False,0.256406,False,360.576,349.756,43.8108,106.132,206.898,223.455,524.986,0.348457,0.0860784,0.191434,-0.283788,-0.245747,0.0288294,0.227274,0.0380414,0.710016
11213,11,1220.58,1220.58,43.408,3.77064,35.3683,0.525257,residential,False,0.928339,False,780.93,298.638,162.586,180.577,198.188,875.921,517.454,0.261599,0.089514,0.300657,-0.336113,-0.282628,0.0286226,0.19752,0.0534854,0.815176
11214,11,1673,1673,124.561,4.82479,33.9588,0.497573,residential,False,0.4278,False,458.293,233.981,355.451,329.844,184.169,128.651,268.216,0.307429,0.0794347,0.19152,-0.209538,-0.143053,0.0535355,0.235875,0.0664851,0.754862
11215,11,1602.41,1568.77,92.4193,4.52634,34.3859,0.523977,residential,False,0.210533,False,310.358,183.407,211.133,123.584,175.4,393.734,218.305,0.237507,0.0715266,0.197601,-0.111204,-0.0373729,0.0923457,0.231559,0.0738308,0.746266
11216,11,1813.43,1813.43,214.257,5.36717,36.5921,0.429691,residential,False,-0.0913839,False,324.252,39.2871,152.307,74.4197,123.924,664.628,405.113,0.286949,0.0972543,0.160535,-0.150888,-0.0833425,0.0530661,0.243529,0.0675453,0.665584
11217,11,1222.3,1214.3,87.5233,4.4719,33.0648,0.592737,residential,False,0.751696,False,541.844,287.874,112.805,183.362,227.578,432.831,637.818,0.208292,0.0873886,0.229554,-0.139874,-0.0477462,0.0866947,0.211277,0.0921278,0.814518
11218,11,1187.96,1187.96,172.879,5.15259,35.179,0.498439,residential,False,-0.206969,False,265.054,151.034,94.9236,74.4491,133.239,127.519,476.274,0.262716,0.105809,0.229048,-0.240757,-0.150219,0.0554465,0.19556,0.0905376,0.815908
11219,11,1474.96,1474.96,152.836,5.02937,34.7026,0.465127,residential,False,-0.670881,False,133.599,245.037,119.661,47.7895,63.6264,329.586,130.688,0.278361,0.080725,0.148899,-0.0754462,-0.00491821,0.0448391,0.306975,0.070528,0.657905
11220,11,1445.12,1430.12,17.3338,2.85266,38.5159,0.307671,residential,False,1.27837,False,948.401,615.966,390.017,252.174,203.191,599.717,615.177,0.310925,0.0570671,0.213718,-0.265367,-0.195534,0.0542806,0.204995,0.0698327,0.732102
11221,11,1298.72,1272.72,74.6561,4.31289,33.9306,0.564568,residential,False,0.327461,False,475.164,166.75,84.1616,139.831,274.736,276.516,306.183,0.194642,0.0829568,0.236544,-0.118595,-0.0163003,0.0982447,0.214346,0.102294,0.754271
11222,11,1172.26,1172.26,185.718,5.22423,35.7672,0.499851,residential,False,-0.82088,False,87.9964,207.86,45.0023,27.2713,93.666,127.777,389.977,0.262085,0.0678443,0.158351,-0.0885171,0.0156207,0.0702559,0.261663,0.104138,0.733911
11223,11,1080.06,1080.06,302.708,5.71277,36.352,0.519404,residential,False,-0.680592,False,249.507,70.2632,19.2437,68.0131,143.928,489.917,110.208,0.306497,0.0705604,0.177193,-0.195448,-0.103186,0.0363104,0.251931,0.0922626,0.655131
11224,11,1097,1097,277.648,5.62635,37.3995,0.419862,residential,False,-0.396516,False,191.133,302.594,32.4326,63.6509,111.847,317.424,214.876,0.23591,0.0747578,0.156017,-0.03334,0.0528337,0.0681318,0.290455,0.0861736,0.76785
11225,11,1239.42,1239.42,70.5733,4.25665,37.9401,0.231164,residential,False,-0.364621,False,235.585,144.166,48.9227,87.1642,137.508,277.594,192.825,0.296402,0.0824336,0.140717,-0.100996,-0.028408,0.0568196,0.279303,0.0725883,0.709447
11226,11,1644.54,1643.44,82.9008,4.41764,34.7209,0.48274,residential,False,0.47265,False,437.181,242.781,123.356,241.686,258.656,215.916,314.846,0.205723,0.0729203,0.204645,-0.0950219,0.0131014,0.0953273,0.220019,0.108123,0.773365
11227,11,1237,1237,276.541,5.62236,36.3271,0.432921,residential,False,0.0829433,False,380.47,388.824,130.684,183.625,141.589,141.398,194.04,0.245586,0.088249,0.179667,-0.10337,-0.0131059,0.0683811,0.253502,0.0902644,0.79618
11228,11,1616.17,1616.17,122.476,4.80791,38.5516,0.322935,residential,False,-0.0181676,False,515.315,370.149,105.37,147.201,117.588,95.1885,253.725,0.284486,0.0807643,0.133775,-0.0739402,0.00155979,0.052793,0.291528,0.0755,0.729734
11229,11,1743.58,1743.58,120.089,4.78823,37.3512,0.430947,residential,False,0.605864,False,826.443,195.38,207.522,74.0162,395.178,95.4405,663.663,0.278836,0.0581929,0.195465,-0.188742,-0.101366,0.0640058,0.221553,0.0873757,0.802351
11230,11,1275,1275,260.402,5.56222,35.4349,0.462576,residential,False,-0.274628,False,307.006,122.472,122.141,174.343,133.86,94.3017,224.401,0.287129,0.0644919,0.168719,-0.144225,-0.0617286,0.0892804,0.222343,0.0824965,0.719356
11231,11,1507.26,1507.26,162.308,5.08949,35.2458,0.446936,residential,False,-0.357791,False,119.462,85.5734,32.2954,55.723,227.171,311.623,410.04,0.225169,0.0742868,0.176219,-0.0563611,0.0261095,0.0940021,0.251026,0.0824706,0.782016
11232,11,1601.18,1601.18,314.897,5.75224,36.2336,0.454307,residential,False,0.0132357,False,374.578,171.387,70.2578,114.738,209.824,103.746,432.521,0.24025,0.0606029,0.122761,0.024779,0.10933,0.0666639,0.321127,0.0845512,0.692943
11233,11,1377.74,1377.74,276.299,5.62148,35.6225,0.36079,residential,False,-0.0254108,False,303.192,253.856,197.95,147.066,150.563,116.549,203.894,0.15257,0.0619841,0.177913,0.0942129,0.190767,0.140131,0.284565,0.0965537,0.802598
11234,11,1357.49,1357.49,192.996,5.26267,36.1703,0.571315,residential,False,-0.143009,False,354.635,35.0743,24.4606,82.8657,397.43,257.472,381.409,0.26525,0.0745397,0.145453,-0.0690603,0.0322776,0.0527737,0.288869,0.101338,0.681957
11235,11,1475.15,1475.15,453.2,6.11633,36.85,0.360719,residential,False,-0.522749,False,173.582,189.443,25.28,96.5337,170.242,157.13,169.581,0.26412,0.07192,0.128386,-0.02856,0.0582444,0.0483777,0.315569,0.0868044,0.645384
11236,11,1314.27,1314.27,226.299,5.42186,35.6603,0.556027,residential,False,0.044213,False,641.296,139.94,19.9221,45.5046,302.259,168.637,607.554,0.32807,0.0745818,0.141596,-0.1913,-0.110777,0.0457013,0.232665,0.0805226,0.760317
11237,11,1764.73,1764.73,206.981,5.33263,36.4412,0.221825,residential,False,0.262604,False,743.258,128.41,33.2532,54.9433,249.092,258.877,851.005,0.246877,0.0592419,0.17124,-0.0767638,0.0116832,0.0587141,0.282639,0.0884471,0.792803
11301,11,1738.47,1470.57,253.07,5.53367,35.7017,0.49518,residential,False,-0.791064,False,315.616,149.635,15.3567,31.2651,162.231,53.6987,320.989,0.281199,0.0580205,0.12999,-0.068111,0.0203294,0.0712272,0.27185,0.0884404,0.69507
11302,11,1183.75,1183.75,264.758,5.57882,34.3004,0.447073,residential,False,-0.0156896,False,221.826,106.345,89.2557,199.861,225.521,224.059,240.621,0.20481,0.0876117,0.154335,-0.00758812,0.10819,0.044406,0.30715,0.115778,0.703473
11303,11,1040.25,1040.25,227.501,5.42715,34.5555,0.507946,residential,False,-0.336703,False,213.315,112.827,110.427,64.891,185.894,219.887,162.649,0.235723,0.0780533,0.140935,-0.0518719,0.0920036,0.0535912,0.271195,0.143876,0.714387
11304,11,1618.01,1618.01,296.062,5.69057,35.1392,0.458953,residential,False,-1.18215,False,156.047,34.7628,9.04944,75.4139,192.475,74.0749,164.404,0.195438,0.0867088,0.0724337,0.213158,0.317452,0.0544435,0.426587,0.104294,0.557974
11305,11,1056.17,1056.17,229.351,5.43525,33.8538,0.536549,residential,False,-1.06828,False,178.104,184.218,0,82.3661,125.709,150.254,267.882,0.227622,0.0618483,0.162687,-0.0506986,0.0681643,0.0551869,0.284424,0.118863,0.690676
11306,11,1468.23,1468.23,243.131,5.4936,35.3413,0.416006,residential,False,-0.934528,False,159.597,257.976,54.4975,72.2255,158.31,58.1024,48.129,0.291879,0.0745436,0.120791,-0.0982692,0.0260144,0.0404553,0.273946,0.124284,0.627761
11307,11,1470.19,1470.19,195.595,5.27604,34.6203,0.472576,residential,False,-0.26799,False,179.898,179.029,52.4416,81.7927,207.115,181.047,234.19,0.260331,0.084961,0.121766,-0.0390095,0.0750128,0.0443299,0.298757,0.114022,0.660424
11308,11,895.83,895.83,109.324,4.69431,35.1733,0.403022,residential,False,-0.212483,False,149.081,294.882,49.6861,58.8619,236.766,242.94,190.733,0.266451,0.0778398,0.131177,-0.0623676,0.0379588,0.0511461,0.284114,0.100326,0.67786
11309,11,2416.9,2416.9,233.364,5.4526,36.6743,0.336543,residential,False,-0.101182,False,196.72,153.908,108.567,248.852,157.732,217.751,181.308,0.287988,0.0807204,0.132578,-0.0972825,-0.015919,0.0602991,0.262984,0.0813636,0.711565
11310,11,1789.25,1789.25,241.226,5.48574,36.1081,0.473754,residential,False,-0.443181,False,394.697,125.438,36.9738,108.8,134.198,105.54,240.377,0.248828,0.074764,0.144461,-0.0532825,0.0420708,0.0931481,0.246858,0.0953533,0.77453
11311,11,1426.24,1426.24,259.787,5.55986,36.0918,0.518597,residential,False,-0.0365884,False,414.148,221.795,58.9131,110.97,272.176,77.8821,256.897,0.27226,0.067628,0.111929,0.0126146,0.0845707,0.0619022,0.334902,0.0719561,0.696026
11312,11,1233.94,1233.94,256.435,5.54688,35.3038,0.565928,residential,False,-0.54058,False,569.425,116.984,18.152,122.221,138.947,113.153,160.477,0.304808,0.0762431,0.105223,-0.0643404,0.00882189,0.0741953,0.271495,0.0731623,0.676072
11313,11,1445.44,1445.44,302.387,5.71171,34.8176,0.502604,residential,False,-0.367561,False,449.156,162.461,53.955,39.5819,213.495,135.321,154.757,0.256788,0.0845045,0.138184,-0.0560877,0.0292406,0.0581504,0.280733,0.0853283,0.71473
11314,11,848.855,848.855,248.685,5.51619,34.247,0.543095,residential,False,-0.547349,True,238.134,110.852,4.34755,75.2934,214.095,336.741,230.132,0.2622,0.0725182,0.106196,0.00573247,0.117418,0.0516894,0.322439,0.111686,0.635693
11315,11,2052.37,2052.37,236.516,5.46602,37.6055,0.384955,residential,False,-0.54051,False,128.366,200.282,68.2196,99.8504,96.544,287.995,141.543,0.287937,0.0754502,0.115676,-0.0713075,0.0212781,0.0494292,0.282876,0.0925856,0.64316
11316,11,1171.13,1171.13,229.843,5.4374,36.0128,0.476534,residential,False,-0.389706,False,388.729,143.378,27.2358,100.563,217.438,42.2455,361.604,0.329934,0.0825552,0.162299,-0.223318,-0.161998,0.0424072,0.226507,0.0613201,0.628733
11317,11,1330.88,1330.88,289.955,5.66972,35.3058,0.496601,residential,False,-0.523711,False,512.648,86.1547,16.946,41.7617,117.328,165.981,502.685,0.323702,0.0696647,0.16053,-0.207457,-0.133028,0.0337577,0.243018,0.0744292,0.706979
11318,11,834.575,834.575,372.443,5.92008,35.5673,0.477523,residential,False,-0.500986,True,185.939,247.357,23.9814,214.38,57.6359,147.435,438.522,0.278758,0.0839449,0.115068,-0.045663,0.0302504,0.0435565,0.304606,0.0759134,0.69503
11319,11,1586.88,1586.88,379.13,5.93788,35.8212,0.468536,residential,False,-0.331401,False,463.806,32.844,93.007,28.1142,287.575,133.024,375.925,0.369278,0.0619861,0.123354,-0.17856,-0.122126,0.0493957,0.264676,0.0564344,0.691159
11320,11,1472.13,1472.13,481.119,6.17612,35.4282,0.433887,residential,False,-0.335803,False,357.259,105.826,38.6827,61.1615,266.115,113.461,231.372,0.213905,0.0731935,0.138017,0.0252943,0.137141,0.0649964,0.31222,0.111846,0.669479
11321,11,1894.55,1870.55,33.4177,3.50909,39.4548,0.186097,residential,False,0.107254,False,471.478,199.579,45.4141,159.365,300.354,106.014,279.397,0.332114,0.0792619,0.100544,-0.0904979,-0.0443439,0.031753,0.310407,0.046154,0.693807
11322,11,1242.87,1242.87,481.119,6.17612,36.1472,0.448628,residential,False,-1.11411,False,186.415,167.092,27.8827,89.5527,90.6345,80.8383,66.1762,0.240041,0.091394,0.104824,0.0268486,0.125456,0.0441513,0.327562,0.0986072,0.639597
11323,11,1371,1371,385.466,5.95445,36.2517,0.461873,residential,False,-0.688142,False,310.407,236.258,34.085,59.908,131.459,102.422,106.092,0.281758,0.0629802,0.113919,-0.0313085,0.0636397,0.047498,0.31687,0.0949482,0.650992
11324,11,3495.5,3492.5,70.1361,4.25044,34.2132,0.604052,residential,False,0.747649,False,366.165,753.73,43.4872,135.509,217.506,492.236,860.48,0.248783,0.0858454,0.100094,0.05595,0.124755,0.0580314,0.346795,0.0688051,0.471763
11325,11,1285.24,1282.23,59.4395,4.08496,37.334,0.283926,residential,False,0.463749,False,639.743,299.29,19.2354,67.183,401.616,382.283,478.156,0.11472,0.0397658,0.109153,0.323625,0.423336,0.182635,0.364864,0.0997108,0.791244
11326,11,3154.94,3028.95,151.909,5.02328,34.5403,0.45246,residential,False,0.562625,False,201.951,497.76,64.1847,408.156,214.27,121.081,1087.24,0.166456,0.0428881,0.139057,0.123177,0.240547,0.12127,0.307419,0.11737,0.588115
11327,11,1084,1084,159.139,5.06978,36.0264,0.563162,residential,False,0.0153408,False,449.063,203.129,117.366,89.0638,214.257,150.898,198.507,0.233618,0.0754723,0.156858,-0.0649328,0.0628105,0.0767811,0.248762,0.127743,0.743097
11328,11,1080.48,1080.48,176.176,5.17148,35.5389,0.485047,residential,False,0.375245,False,422.183,379.436,145.062,170.409,136.45,319.522,323.757,0.186434,0.0507896,0.170894,0.0361172,0.143889,0.146859,0.246585,0.107772,0.839093
11329,11,1137.98,1137.98,350.826,5.86029,35.1417,0.458617,residential,False,-0.329058,False,222.763,147.336,211.002,201.567,99.4842,142.006,140.848,0.15335,0.084772,0.0823514,0.271321,0.358048,0.111422,0.3956,0.0867274,0.79645
11330,11,1794.95,1794.95,319.988,5.76828,36.99,0.403337,residential,False,-0.24884,False,157.752,264.715,140.517,171.24,103.956,274.496,127.541,0.167723,0.0526694,0.0704587,0.330269,0.397257,0.113,0.45545,0.0669877,0.704445
11331,11,1192.05,1192.05,157.601,5.06007,35.4987,0.566901,residential,False,-0.258817,False,89.3056,219.929,35.8155,45.9172,199.113,502.793,317.452,0.212882,0.0828987,0.117182,0.0835917,0.180021,0.0955906,0.318064,0.0964295,0.684269
11332,11,1324.91,1324.91,320.05,5.76848,36.4699,0.446586,residential,False,-0.44805,False,191.779,139.496,54.6826,104.701,93.9086,365.165,191.118,0.261026,0.0632826,0.129691,-0.0360995,0.0662276,0.0613087,0.293309,0.102327,0.646445
11333,11,962.886,962.886,147.521,4.99397,35.0508,0.539845,residential,False,-0.0700041,False,199.163,156.076,66.0275,105.589,242.87,402.578,159.77,0.241683,0.0895431,0.13361,-0.0221058,0.0765758,0.0717717,0.281416,0.0986816,0.736911
11334,11,1022.17,1022.17,374.677,5.92607,35.965,0.428022,residential,False,-0.294682,False,218.634,275.66,73.2251,66.5022,110.136,311.08,190.47,0.279319,0.076689,0.104147,-0.0057959,0.0732568,0.053916,0.323754,0.0790527,0.639542
11335,11,1713.71,1641.71,212.681,5.35979,34.7429,0.455393,residential,False,0.0203589,False,346.392,235.772,71.4806,92.805,132.83,373.296,285.883,0.253089,0.0518143,0.145594,-0.00894287,0.0791263,0.0714523,0.318288,0.0880691,0.629067
11336,11,1184.96,1184.96,290.636,5.67207,34.7264,0.504048,residential,False,-0.201542,False,592.545,50.669,44.5353,104.776,168.874,192.231,386.278,0.306188,0.0679947,0.11638,-0.0884525,-0.00517812,0.0594494,0.274667,0.0832744,0.67749
11337,11,999.128,999.128,207.117,5.33329,35.0983,0.487499,residential,False,-0.266432,False,583.85,158.702,14.102,88.475,120.984,229.802,383.246,0.297893,0.0753871,0.111651,-0.0459624,0.0253335,0.0531079,0.310474,0.0712959,0.609914
11338,11,1852.89,1852.89,311.204,5.74045,35.54,0.485734,residential,False,-0.21634,False,848.363,184.606,32.4477,88.5927,135.867,106.441,289.933,0.23566,0.0543249,0.126531,0.0332234,0.124389,0.0773406,0.318074,0.0911658,0.62554
11339,11,1090.91,1090.91,150.006,5.01068,33.4433,0.611272,residential,False,-0.551024,False,1101.48,88.882,69.8493,6.47098,220.465,229.828,96.5115,0.296568,0.0888985,0.111444,-0.0844319,0.000466911,0.0677399,0.25584,0.0848989,0.760652
11401,11,1503.86,1503.86,175.783,5.16925,35.2259,0.558151,residential,False,-0.292906,False,243.935,81.4808,193.017,84.7739,105.839,352.799,206.113,0.247544,0.0721195,0.101702,0.0368533,0.146336,0.0929878,0.293112,0.109482,0.699544
11402,11,1148.23,1148.23,214.536,5.36848,34.8699,0.472375,residential,False,-0.147383,False,271.129,144.007,99.509,65.1521,182.106,210.158,274.033,0.176967,0.0672262,0.109685,0.174894,0.289043,0.134802,0.326744,0.114149,0.792008
11403,11,1664.05,1664.05,157.569,5.05986,35.9319,0.354823,residential,False,-0.608893,False,207.192,295.09,40.7518,52.8326,101.06,164.815,167.812,0.204764,0.061238,0.0945718,0.143572,0.259968,0.0899463,0.352962,0.116396,0.694716
11404,11,1605.46,1605.46,444.178,6.09623,34.6138,0.488592,residential,False,-1.20258,False,99.2624,34.7721,13.193,70.2357,144.25,132.618,175.512,0.233169,0.0662046,0.124648,0.0410732,0.147678,0.0833902,0.3155,0.106605,0.745361
11405,11,822.546,822.451,231.493,5.44455,35.3463,0.474571,residential,False,-0.783863,True,264.243,178.721,79.7624,67.2822,98.8686,109.332,79.508,0.234061,0.0923485,0.140061,-0.0197215,0.102515,0.0541088,0.300292,0.122236,0.747074
11406,11,1321.4,1320.03,544.862,6.30053,33.8587,0.458546,residential,False,-0.424503,False,207.147,94.1893,24.9561,69.2878,238.863,252.72,201.976,0.278728,0.0877154,0.133348,-0.0757183,0.0149814,0.0374764,0.298881,0.0906997,0.66562
11407,11,1178.58,1178.14,337.511,5.8216,33.0063,0.536816,residential,False,-0.732674,False,238.944,24.5831,29.1739,48.7169,225.386,141.235,304.138,0.249195,0.0924252,0.157,-0.0842437,0.0295079,0.0503001,0.271652,0.113752,0.729388
11408,11,2074.63,2073.53,527.384,6.26793,36.1276,0.393402,residential,False,-0.597656,False,307.572,125.478,79.9589,163.199,108.005,51.9725,177.36,0.193948,0.0490165,0.0920372,0.209141,0.291179,0.0978142,0.397312,0.0820377,0.689296
11409,11,1472,1472,382.755,5.9474,34.2993,0.477809,residential,False,-0.877434,False,123.176,109.994,62.7668,160.258,92.9766,88.9873,125.26,0.238883,0.0800243,0.128079,0.000496027,0.100866,0.0508191,0.316638,0.10037,0.655807
11410,11,1162.89,1162.89,215.227,5.37169,35.1196,0.369358,residential,False,-0.451917,False,104.59,164.069,134.398,119.319,120.133,159.578,193.089,0.191983,0.0545893,0.137265,0.0709193,0.193285,0.0620915,0.338075,0.122366,0.632311
11411,11,1712.91,1712.91,79.1388,4.3712,38.9628,0.271635,residential,False,-0.471507,False,229.005,38.8112,189.158,37.0075,145.979,326.122,225.959,0.218874,0.0677364,0.0999853,0.08595,0.20115,0.070831,0.333979,0.1152,0.693849
11412,11,1178,1178,129.38,4.86275,36.068,0.531058,residential,False,-0.149429,False,388.932,141.303,160.483,251.109,98.0771,163.561,179.378,0.166051,0.0586587,0.096787,0.219454,0.325914,0.132457,0.349835,0.10646,0.744065
11413,11,1363.29,1363.29,69.5246,4.24168,38.8722,0.315165,residential,False,-0.356869,False,325.491,249.845,128.213,138.885,115.989,84.5635,129.802,0.236254,0.0738529,0.101145,0.0531992,0.127473,0.0811428,0.309455,0.0742735,0.743393
11414,11,1201.89,1201.89,317.906,5.76175,35.2894,0.460096,residential,False,-0.372173,False,208.987,206.133,50.7254,196.823,72.9322,195.326,291.93,0.109963,0.0568266,0.0929889,0.357934,0.465683,0.177122,0.383764,0.107749,0.77551
11415,11,1368.73,1368.73,240.742,5.48372,35.167,0.472498,residential,False,-0.202771,False,334.39,150.832,82.9677,117.278,130.457,165.917,261.843,0.171781,0.0595095,0.115757,0.155957,0.264906,0.0969355,0.34656,0.108948,0.626346
11416,11,1298,1298,285.781,5.65523,35.9548,0.389919,residential,False,-0.123816,False,122.265,76.486,128.192,240.915,189.002,164.603,386.646,0.13703,0.0592734,0.144041,0.168897,0.291268,0.132569,0.3174,0.122371,0.829319
11417,11,1219.17,1219.17,224.319,5.41307,35.6942,0.508476,residential,False,0.232221,False,298.636,105.519,108.175,188.198,331.554,259.321,242.824,0.146935,0.0503124,0.0880934,0.302691,0.388051,0.116138,0.421581,0.08536,0.736149
11418,11,2546,2546,138.351,4.92979,37.4061,0.357336,residential,False,0.104804,False,257.214,144.672,172.968,172.223,235.872,311.545,140.112,0.127057,0.02451,0.182077,0.10871,0.232767,0.202222,0.215622,0.124057,0.794199
11419,11,1414.22,1414.22,165.242,5.10741,36.2472,0.40612,residential,False,-0.448651,False,259.603,56.5176,155.532,33.6244,173.327,138.425,316.61,0.191482,0.0822116,0.0959452,0.19672,0.266581,0.093533,0.390614,0.0698614,0.726197
11420,11,1304.03,1304.03,255.326,5.54254,35.7812,0.474824,residential,False,-0.821585,False,103.499,133.301,100.241,60.4696,120.359,101.552,140.158,0.204578,0.0292827,0.128192,0.0976617,0.197266,0.109619,0.320813,0.0996043,0.644049
11421,11,1146.46,1146.46,229.48,5.43582,35.4992,0.518772,residential,False,-0.207471,False,99.3401,102.199,296.903,134.222,101.145,237.012,422.456,0.176462,0.0772156,0.112891,0.17682,0.246838,0.128467,0.337705,0.0700187,0.73549
11422,11,1021.86,1021.86,321.667,5.77352,35.6064,0.45277,residential,False,-0.378621,False,88.7324,211.488,161.247,103.175,113.607,128.29,313.292,0.142318,0.0356915,0.0911544,0.325305,0.404846,0.146002,0.412775,0.0795416,0.75653
11423,11,1415.11,1415.11,349.898,5.85764,35.7823,0.4029,residential,False,-0.793161,False,80.5916,127.922,95.3829,135.246,71.3409,127.964,211.857,0.1841,0.0341461,0.0904805,0.224402,0.304259,0.130071,0.368912,0.079857,0.776242
11424,11,1539.46,1539.46,351.243,5.86148,36.5468,0.306764,residential,False,-1.04729,False,56.0595,158.656,47.6149,16.9848,131.644,174.108,170.356,0.113802,0.0406993,0.0941333,0.370555,0.458871,0.145056,0.433434,0.0883168,0.716932
11425,11,1248,1248,311.646,5.74187,36.0421,0.394487,residential,False,-0.0347374,False,141.762,176.659,60.0933,120.865,311.105,148.47,340.673,0.141512,0.0407927,0.093117,0.305812,0.388802,0.165638,0.374803,0.0829901,0.819215
11426,11,1635.32,1635.32,165.909,5.11144,38.8418,0.248485,residential,False,0.0272172,False,180.197,241.397,179.715,107.102,145.101,347.683,231.213,0.124396,0.0389396,0.0946688,0.357761,0.445143,0.115238,0.461587,0.0873823,0.665712
11427,11,1425.15,1425.15,228.161,5.43005,36.8339,0.37662,residential,False,-0.352359,False,56.5627,129.236,307.71,287.951,95.6823,280.579,162.621,0.176015,0.0383199,0.0763102,0.296129,0.380556,0.113649,0.434806,0.0844265,0.718607
11428,11,1275.85,1275.85,216.435,5.37729,36.8355,0.352951,residential,False,-0.55162,False,80.8024,127.186,199.615,356.042,74.6345,93.9796,219.5,0.132752,0.028249,0.0777231,0.388328,0.470005,0.140664,0.458139,0.0816774,0.761189
11429,11,1393,1393,345.848,5.846,37.0428,0.389277,residential,False,-0.300564,False,274.493,203.535,43.2335,127.679,260.932,154.614,85.6074,0.251465,0.0733181,0.124629,0.0120966,0.111615,0.0651085,0.323083,0.099518,0.673216
11430,11,1923.01,1923.01,413.672,6.02507,36.9003,0.491767,residential,False,-1.96242,False,336.821,52.6891,0.124016,0.16757,98.2751,139.132,316.834,0.289479,0.0646206,0.0783406,0.0146524,0.11934,0.0346304,0.347842,0.104688,0.676132
11431,11,903.494,903.494,104.99,4.65386,36.6496,0.498501,residential,False,-0.7158,False,282.705,79.3232,32.0032,65.8506,317.444,34.1684,161.706,0.215935,0.0969599,0.120586,0.031662,0.144461,0.0533033,0.31488,0.112799,0.758345
11432,11,1856.59,1856.59,371.668,5.918,35.8821,0.550899,residential,False,-0.137287,False,312.24,117.855,128.37,55.8766,362.235,75.3842,236.802,0.210639,0.0919755,0.117057,0.0863592,0.168428,0.0529702,0.361085,0.0820686,0.755161
11433,11,1425.94,1425.94,551.349,6.31237,37.575,0.323315,residential,False,0.056286,False,252.671,117.49,242.492,322.788,162.942,194.692,183.174,0.156735,0.0705743,0.0878173,0.271951,0.340545,0.0920668,0.424436,0.0685942,0.642469
11434,11,1189,1189,155.235,5.04494,36.4668,0.494022,residential,False,-0.445356,False,252.888,118.431,5.39623,100.063,277.05,142.644,321.67,0.149615,0.0727855,0.0836194,0.261234,0.364309,0.116045,0.378424,0.103075,0.749383
11435,11,1822.3,1822.3,386.927,5.95824,35.4784,0.468807,residential,False,0.147555,False,79.5044,163.379,119.415,190.152,537.019,243.991,170.32,0.237521,0.0720049,0.0860084,0.121175,0.204588,0.0772382,0.367467,0.0834126,0.717309
11436,11,1278,1278,344.245,5.84135,36.8897,0.423723,residential,False,0.254039,False,276.014,48.8065,207.327,197.781,404.542,422.024,166.869,0.0877705,0.0302088,0.0826299,0.454274,0.545853,0.234372,0.390303,0.0915783,0.823462
11437,11,1458.24,1458.24,276.683,5.62287,37.3131,0.392761,residential,False,-0.357452,False,144.657,183.878,95.2539,62.6716,178.592,308.978,124.082,0.065918,0.0475886,0.0726114,0.530267,0.591903,0.242196,0.4266,0.0616359,0.864775
11438,11,1407.39,1407.39,319.744,5.76752,36.8202,0.405331,residential,False,-0.10716,False,89.949,139.334,141.893,119.98,268.639,250.739,208.17,0.0813028,0.0324053,0.0759324,0.518495,0.581693,0.237235,0.438495,0.0631984,0.848526
11501,11,1655.75,1655.75,300.777,5.70637,36.8566,0.409274,residential,False,-1.22501,False,64.306,107.009,117.979,112.707,66.1565,49.1452,119.677,0.136421,0.0444144,0.0741675,0.360931,0.433037,0.119127,0.452393,0.0721062,0.712612
11502,11,1619.87,1619.87,247.684,5.51215,36.7613,0.413273,residential,False,-0.499631,False,153.952,136.148,94.5439,85.8968,133.609,144.407,196.178,0.189741,0.0514504,0.090406,0.221339,0.287851,0.132151,0.369336,0.0665116,0.698937
11503,11,1341.09,1341.09,367.329,5.90626,36.9078,0.408272,residential,False,-0.447721,False,291.749,220.257,88.1339,30.4484,117.995,282.505,142.311,0.281208,0.0934158,0.0927845,0.00324277,0.0762517,0.086691,0.290544,0.0730089,0.669365
11504,11,1520.81,1520.81,404.537,6.00274,36.415,0.404631,residential,False,-0.420561,False,283.691,110.609,126.205,153.585,202.8,110.609,70.9779,0.289967,0.0782766,0.134391,-0.123771,-0.0194018,0.0429254,0.257662,0.104369,0.697675
11505,11,699.008,699.008,309.887,5.73621,36.0307,0.467963,residential,False,-1.23736,True,338.223,102.273,0,186.916,129.216,28.0979,269.667,0.297322,0.0831127,0.127159,-0.115971,-0.0183779,0.0545841,0.253926,0.097593,0.754403
11506,11,1267.07,1267.07,497.349,6.20929,35.2867,0.452163,residential,False,-0.259937,False,501.75,117.766,39.6985,65.2726,110.854,208.767,458.974,0.267903,0.0805509,0.12107,-0.0199948,0.0655422,0.0613969,0.307582,0.085537,0.648002
11507,11,1495.72,1495.72,222.056,5.40293,34.9478,0.47892,residential,False,0.17931,False,513.881,95.8025,62.3493,150.326,192.364,316.522,428.447,0.27003,0.0746087,0.118976,-0.0544475,0.0315009,0.0613461,0.273212,0.0859483,0.628192
11508,11,1346.43,1346.43,332.118,5.80549,37.0093,0.354358,residential,False,-0.343624,False,121.09,167.442,274.663,138.727,113.718,178.58,147.523,0.159219,0.0391593,0.0662776,0.335526,0.412339,0.120407,0.440616,0.076813,0.711372
11509,11,1414.34,1414.34,214.204,5.36693,35.8092,0.475812,residential,False,-0.265208,False,276.345,130.165,64.5683,115.147,134.871,252.326,213.144,0.171194,0.0349292,0.107676,0.23285,0.314464,0.147489,0.364232,0.0816138,0.79228
11510,11,1447.2,1447.2,252.091,5.52979,35.2299,0.497128,residential,False,-0.168218,False,297.097,121.396,160.588,80.8325,133.611,327.742,185.162,0.231211,0.0976759,0.126131,0.0314574,0.116918,0.0906282,0.298171,0.0854609,0.700926
11511,11,1025.23,1025.23,170.123,5.13652,35.7878,0.542773,residential,False,-0.457449,False,176.711,130.845,103.827,74.9136,98.2764,161.826,321.516,0.210401,0.0609079,0.108826,0.102217,0.208748,0.0727498,0.348694,0.106531,0.715835
11512,11,1460.18,1460.18,240.801,5.48397,36.2576,0.450231,residential,False,-1.02817,False,124.827,120.869,28.5768,40.3036,96.6226,140.585,172.057,0.211808,0.0961967,0.133567,0.00922208,0.118716,0.0588262,0.295771,0.109494,0.77137
11513,11,1365.52,1365.52,163.753,5.09836,35.6617,0.453303,residential,False,-0.457951,False,238.604,306.305,54.218,199.921,79.4557,326.582,71.0058,0.241256,0.107437,0.118578,-0.011661,0.0990803,0.0380343,0.310139,0.110741,0.775311
11514,11,1072.1,1072.1,191.06,5.25259,37.0152,0.433957,residential,False,-0.192538,False,145.813,65.9544,325.763,213.087,111.918,419.796,168.853,0.121036,0.0292962,0.0656649,0.418424,0.492267,0.145098,0.460027,0.073843,0.760492
11515,11,1194,1194,299.04,5.70058,36.5209,0.428275,residential,False,-0.0661035,False,141.274,181.658,331.334,132.425,133.734,370.407,150.497,0.178363,0.0400697,0.0658917,0.294387,0.374543,0.126835,0.411807,0.0801561,0.755924
11516,11,1267,1267,239.344,5.4779,35.7468,0.478192,residential,False,0.611972,False,155.99,256.115,292.052,250.401,355.977,287.745,346.797,0.214711,0.0482165,0.1013,0.149263,0.232918,0.111385,0.353889,0.0836554,0.724397
11517,11,1024.73,1024.73,177.824,5.1808,35.3796,0.528879,residential,False,0.232465,False,274.974,142.019,203.833,226.752,210.95,119.834,445.86,0.182667,0.066941,0.125101,0.129725,0.224282,0.113901,0.323591,0.0945573,0.81593
11518,11,1106.98,1106.98,178.816,5.18636,36.2034,0.572633,residential,False,-0.41496,False,283.136,214.268,119.696,65.0582,79.2606,96.8792,366.596,0.264053,0.042873,0.10571,0.0210598,0.115589,0.0653711,0.325452,0.0945296,0.778241
11519,11,1058.99,699.003,85.7366,4.45128,35.2638,0.557613,residential,False,-0.316079,False,250.661,221.016,28.8848,53.3229,187.882,198.977,257.284,0.22345,0.0617973,0.122639,0.0383018,0.147716,0.088108,0.296283,0.109414,0.703683
11520,11,1454.57,1454.56,317.159,5.7594,34.6817,0.536483,residential,False,-0.842714,False,428.495,492.712,0.0716841,9.15136,177.938,348.148,184.151,0.22627,0.0934588,0.126456,0.0114773,0.103666,0.0443222,0.319881,0.0921891,0.707369
11521,11,1641.54,1641.54,15.198,2.72117,31.1722,0.694809,residential,False,-0.149467,False,312.806,356.204,75.8786,87.9486,144.323,212.724,153.906,0.217793,0.0816302,0.131579,0.0386717,0.135713,0.0448119,0.343232,0.0970409,0.729101
11522,11,1197.14,1197.14,256.465,5.54699,35.3746,0.453222,residential,False,0.439535,False,253.846,127.793,266.605,295.212,250.809,341.54,276.175,0.139433,0.0415873,0.0878038,0.34552,0.421735,0.132315,0.440442,0.0762144,0.724424
11523,11,1156,1156,259.204,5.55762,36.0197,0.39298,residential,False,-0.741224,False,73.4697,117.957,98.9932,80.3538,107.923,372.649,94.2612,0.137544,0.0591583,0.0768529,0.345409,0.41949,0.148087,0.411719,0.0740802,0.74596
11524,11,1314.96,1314.96,308.01,5.73013,35.7515,0.475311,residential,False,0.0678875,False,176.344,90.916,205.786,198.111,237.87,216.29,262.18,0.231227,0.0502519,0.0736172,0.141977,0.236551,0.132697,0.314124,0.0945738,0.752261
11525,11,1343,1343,378.191,5.9354,35.8129,0.462412,residential,False,0.420226,False,351.783,137.783,250.152,296.209,227.382,190.202,358.191,0.13728,0.042433,0.0838955,0.350471,0.42736,0.15856,0.413087,0.0768891,0.769724
11526,11,1180.38,1180.38,390.173,5.96659,35.7022,0.441003,residential,False,0.253985,False,472.567,135.189,168.096,282.064,186.041,92.4326,468.973,0.0978873,0.0375567,0.0782854,0.43423,0.508093,0.179996,0.430407,0.0738628,0.786865
11527,11,1355.07,1355.07,301.193,5.70775,35.3491,0.461004,residential,False,-0.18672,False,315.763,207.027,87.8939,223.193,74.6942,177.883,299.429,0.168277,0.049063,0.0967288,0.264303,0.34086,0.140294,0.389015,0.0765569,0.784824
11528,11,1553.18,1553.18,257.861,5.55242,34.7129,0.463386,residential,False,0.133776,False,256.396,193.464,185.342,100.753,160.214,356.14,278.808,0.177435,0.0546172,0.109175,0.189043,0.2695,0.132137,0.343516,0.0804571,0.750909
11529,11,1454.95,1444.95,181.621,5.20192,35.8501,0.456471,residential,False,-0.511389,False,286.845,171.519,78.9001,89.7679,56.0148,133.664,389.217,0.110842,0.0336839,0.0872653,0.398181,0.476253,0.249102,0.347187,0.0780718,0.795416
11530,11,1724.22,1724.22,213.734,5.36473,36.5658,0.402668,residential,False,0.110151,False,403.383,96.0987,102.095,312.836,186.738,168.067,301.564,0.0957349,0.0202959,0.133682,0.319104,0.411427,0.201614,0.346907,0.0923231,0.807668
11531,11,1304.04,1301.04,174.548,5.1622,33.9675,0.543532,residential,False,-0.348105,False,247.616,171.556,68.4147,55.8286,139.657,177.477,269.273,0.268936,0.0776657,0.110075,-0.0075454,0.0768964,0.0771144,0.294351,0.0844419,0.71486
11532,11,1079.75,1079.75,219.163,5.38981,34.4975,0.555577,residential,False,-0.616578,False,140.896,190.443,26.9458,75.572,158.809,215.281,132.263,0.258314,0.0987339,0.0979596,0.00328072,0.089048,0.0607034,0.298851,0.0857673,0.630572
11533,11,1383.63,1383.63,176.615,5.17397,35.424,0.548215,residential,False,-0.611051,False,119.717,74.9506,130.148,69.9847,116.071,214.533,207.094,0.271718,0.10173,0.103331,-0.0429223,0.0464422,0.0462392,0.285887,0.0893645,0.734235
11534,11,1494.36,1494.35,206.467,5.33014,34.5156,0.554546,residential,False,-0.102982,False,218.182,125.254,61.2764,64.7176,276.885,224.724,306.908,0.297636,0.074075,0.104237,-0.0570741,0.0261144,0.0597206,0.285079,0.0831885,0.70894
11535,11,1560.98,1560.98,222.494,5.4049,35.0423,0.517971,residential,False,-1.34074,False,190.971,0.00434572,59.8962,66.0854,150.575,128.565,432.717,0.188966,0.0736459,0.136129,0.0652873,0.19598,0.0477958,0.342587,0.130693,0.728796
11536,11,1471.44,1471.44,347.224,5.84997,34.3017,0.57661,residential,False,-0.530812,False,398.572,118.418,19.1798,132.873,104.64,125.295,285.712,0.244254,0.0896819,0.111462,0.0343233,0.118543,0.0422776,0.347762,0.0842196,0.628143
11537,11,1087.09,1087.09,293.814,5.68295,34.9357,0.441426,residential,False,-0.993978,False,173.175,68.5677,57.5767,109.403,120.795,197.434,40.6581,0.262014,0.0712077,0.0954009,0.0306905,0.13199,0.0609861,0.327119,0.101299,0.651536
11538,11,1644.26,1644.26,52.357,3.95808,32.7927,0.602459,residential,False,-0.977786,False,112.81,110.628,72.4219,83.6176,65.0768,191.676,114.414,0.264355,0.0824236,0.119158,-0.0295371,0.0566629,0.0413365,0.312639,0.0862001,0.667667
11601,11,1743.72,1743.72,195.509,5.2756,35.4844,0.420364,residential,False,-0.173223,False,189.643,103.839,91.6254,69.6331,158.364,232.317,495.586,0.109622,0.0478241,0.157657,0.218973,0.327601,0.183707,0.302545,0.108628,0.812739
11602,11,1676.5,1676.5,216.738,5.37869,36.0385,0.404592,residential,False,-0.0247198,False,262.912,202.781,128.074,111.443,108.493,303.91,328.11,0.0982681,0.0338902,0.144646,0.285923,0.391099,0.196196,0.332641,0.105175,0.841841
11603,11,1518.69,1517.74,52.412,3.95914,37.4349,0.318439,residential,False,0.384499,False,521.137,125.753,73.4446,253.357,203.588,478.154,321.843,0.0616124,0.0326772,0.208554,0.199707,0.32271,0.249748,0.220125,0.123003,0.898832
11604,11,1612.13,1612.13,132.447,4.88618,34.9614,0.413228,residential,False,-0.208062,False,209.866,292.715,117.747,52.7439,217.242,150.314,154.845,0.22861,0.100694,0.101352,0.0628006,0.149579,0.0724253,0.320337,0.0867786,0.737432
11605,11,1419.72,1419.72,144.351,4.97225,34.4543,0.580771,residential,False,-0.621999,False,340.6,184.412,98.3787,32.2779,105.672,130.497,140.79,0.269293,0.0742509,0.102593,-0.0090957,0.0921719,0.0817402,0.28105,0.101268,0.720707
11606,11,1528.41,1528.41,362.22,5.89225,33.0854,0.53574,residential,False,-0.371454,False,386.735,108.448,48.7374,29.6533,262.735,132.01,234.951,0.214772,0.0956761,0.083982,0.118148,0.217028,0.0821435,0.334759,0.0988792,0.671001
11607,11,1640.12,1640.12,344.022,5.84071,33.8616,0.422063,residential,False,-0.773324,False,157.884,139.203,40.9937,36.2001,184.788,109.597,145.719,0.199018,0.0707593,0.113988,0.120939,0.223227,0.10591,0.328035,0.102288,0.72374
11608,11,1741.73,1741.73,352.199,5.8642,34.9538,0.404924,residential,False,-1.35888,False,87.0691,68.1172,50.0198,27.2124,146.014,46.0544,117.152,0.213334,0.0832389,0.107887,0.0589377,0.163334,0.0803163,0.299843,0.104396,0.67945
11609,11,1330.43,1330.43,278.013,5.62767,35.127,0.498211,residential,False,-0.712161,False,189.98,149.405,78.7518,68.4449,75.3059,128.16,215.569,0.236459,0.0885048,0.0998277,0.0224165,0.143469,0.0580698,0.300633,0.121052,0.72287
11610,11,1147.37,1147.37,408.631,6.01281,33.4405,0.575233,residential,False,-0.51384,False,259.523,123.02,76.9272,17.3654,182.837,155.232,264.667,0.202623,0.0877139,0.135511,0.0267142,0.159361,0.0486294,0.316219,0.132647,0.758062
11611,11,1330.66,1330.66,393.99,5.97633,33.8962,0.540173,residential,False,-0.082452,False,416.426,150.534,78.5749,46.7719,164.071,215.114,407.034,0.272765,0.0792878,0.111366,-0.0487966,0.0416917,0.0536006,0.281733,0.0904883,0.700288
11612,11,1548.69,1548.69,180.638,5.1965,35.4129,0.399617,residential,False,0.0252284,False,433.472,205.018,86.7307,63.2879,162.967,284.248,290.289,0.232218,0.091186,0.0939312,0.0711156,0.165356,0.0943822,0.302882,0.0942404,0.688501
11613,11,1169.93,1053.61,168.796,5.12869,36.1312,0.415791,residential,False,0.0180611,False,524.728,93.7037,113.406,98.5778,99.7678,404.218,437.091,0.188719,0.062982,0.141032,0.103856,0.19421,0.147529,0.286078,0.0903545,0.775507
11614,11,1539.55,1523.88,194.803,5.27199,35.0291,0.515746,residential,False,0.113315,False,519.952,256.354,199.325,89.7033,192.088,107.861,240.021,0.24591,0.070616,0.140486,-0.00793008,0.0658509,0.142186,0.23628,0.0737809,0.791889
11615,11,1837.61,1837.61,183.823,5.21398,36.1379,0.449415,residential,False,0.116906,False,145.266,169.317,159.028,183.339,309.171,75.776,457.204,0.161089,0.063623,0.139435,0.137493,0.242152,0.125832,0.312185,0.104659,0.74589
11616,11,1261.39,1261.39,62.6273,4.1372,34.1404,0.566432,residential,False,0.607193,False,277.189,344.274,128.797,271.011,201.036,378.989,494.673,0.172416,0.0618443,0.193137,0.0133447,0.108511,0.110814,0.268083,0.0951662,0.815746
11617,11,1214.45,1184.45,87.8939,4.47613,35.007,0.592751,residential,False,0.295557,False,782.001,369.361,92.7549,99.2963,220.886,241.693,169.757,0.237395,0.0751234,0.175997,-0.0877412,0.0159985,0.0657168,0.259935,0.10374,0.759858
11618,11,1087,1087,174.407,5.16139,35,0.512658,residential,False,-0.064702,False,403.058,65.3074,152.409,206.317,125.388,207.019,316.351,0.153633,0.0630955,0.141339,0.181164,0.266696,0.129177,0.346959,0.0855324,0.826884
11619,11,1255.78,1255.78,209.629,5.34534,35.7057,0.439311,residential,False,0.166385,False,187.311,97.6167,166.819,106.143,228.328,266.666,563.988,0.167909,0.0533246,0.12518,0.132941,0.25097,0.131153,0.294877,0.118029,0.807824
11620,11,1208,1208,101.368,4.61876,34.254,0.550277,residential,False,0.290566,False,282.256,160.784,111.443,136.626,161.693,529.628,456.403,0.127289,0.0609341,0.215278,0.0712265,0.185867,0.149229,0.264564,0.114641,0.808783
11621,11,1015.81,954.81,51.3477,3.93862,34.6077,0.563847,residential,False,0.653552,False,542.45,142.277,248.286,223.409,181.56,447.792,539.347,0.13104,0.0700399,0.230513,0.0339176,0.135297,0.144318,0.251152,0.101379,0.800885
11622,11,1559.16,1559.16,72.8544,4.28846,35.1343,0.51214,residential,False,0.472835,False,772.161,222.539,279.569,255.542,172.665,146.043,302.331,0.12113,0.0542958,0.236399,0.0140001,0.110059,0.16561,0.205918,0.0960593,0.90646
11623,11,1355.84,1355.84,124.326,4.82291,36.1806,0.375197,residential,False,0.562789,False,1003.47,466.896,29.4526,57.9513,208.31,478.81,646.66,0.136995,0.0579152,0.203224,0.0621193,0.148321,0.185756,0.216582,0.086202,0.861536
11624,11,1151.29,1151.29,150.322,5.01278,35.0237,0.493497,residential,False,0.303182,False,547.78,273.93,364.474,132.411,154.443,310.925,141,0.170732,0.083961,0.141241,0.113201,0.210969,0.139089,0.286085,0.0977681,0.842081
11625,11,1217.73,1217.73,211.081,5.35224,35.3881,0.444975,residential,False,0.309263,False,368.6,111.546,365.94,335.271,116.041,393.285,275.382,0.150769,0.0608052,0.125018,0.190661,0.300554,0.154776,0.311672,0.109894,0.829451
11626,11,1270.15,1270.15,130.693,4.87285,36.2836,0.417923,residential,False,0.136871,False,221.849,109.13,262.917,388.656,95.7784,529.112,242.155,0.117067,0.0524015,0.148886,0.221334,0.330794,0.154734,0.332554,0.109459,0.839449
11627,11,1224,1224,166.522,5.11513,36.0114,0.416694,residential,False,-0.232966,False,132.289,209.119,63.8166,167.778,126.153,494.501,148.013,0.108802,0.0669908,0.179793,0.147827,0.258655,0.156791,0.279631,0.110828,0.842796
11628,11,1067,1067,170.038,5.13602,35.1075,0.507746,residential,False,0.159225,False,299.684,136.712,109.1,159.046,219.957,246.364,312.626,0.153855,0.0882779,0.105567,0.180319,0.317617,0.13323,0.306511,0.137299,0.845538
11629,11,1238.71,1110.06,119.537,4.78362,34.7681,0.530966,residential,False,0.676715,False,551.864,346.787,144.077,209.653,427.616,132.094,319.936,0.192748,0.109251,0.117431,0.0553018,0.16921,0.122861,0.242621,0.113909,0.81684
11630,11,2412.5,2377.44,158.126,5.06339,36.475,0.350947,residential,False,0.382565,False,685.601,278.32,124.183,88.7264,235.866,82.1116,689.061,0.118844,0.040767,0.136171,0.244863,0.357037,0.165749,0.334129,0.112174,0.785346
11631,11,1135,1135,121.409,4.79916,34.0045,0.552304,residential,False,0.231419,False,442.397,104.312,103.886,150.327,234.233,128.101,642.42,0.154116,0.0778659,0.135423,0.174188,0.252287,0.161466,0.302261,0.0780998,0.840578
11632,11,1303.61,1303.61,142.122,4.95669,35.4326,0.496683,residential,False,-0.0634091,False,140.497,77.3689,178.818,280.167,129.306,442.792,245.184,0.102784,0.0533131,0.177425,0.167495,0.28016,0.175794,0.27191,0.112665,0.872469
11633,11,1740,1700,73.226,4.29355,34.7601,0.468635,residential,False,1.11175,False,811.624,362.691,245.329,168.418,420.383,186.48,870.793,0.137237,0.0344806,0.195324,0.099824,0.201162,0.200579,0.231807,0.101338,0.848012
11634,11,1179,1179,66.9656,4.20418,32.961,0.623275,residential,False,0.408224,False,296.186,102.386,86.9663,203.983,251.691,475.093,517.071,0.130714,0.0474872,0.179265,0.146397,0.23831,0.174761,0.281614,0.0919135,0.88294
11635,11,1314.84,1276.55,132.378,4.88566,35.5405,0.4862,residential,False,0.135411,False,257.723,121.122,69.091,273.114,189.847,498.694,223.972,0.12945,0.0474164,0.191293,0.126849,0.228221,0.174284,0.273308,0.101372,0.828492
11636,11,1136.53,1133.8,80.3307,4.38615,36.0383,0.511395,residential,False,1.19832,False,809.272,569.734,70.3307,193.527,746.388,474.842,337.296,0.095982,0.0374227,0.266783,0.0357527,0.157478,0.209551,0.188966,0.121726,0.912631
12101,12,1766.4,1608.43,18.9308,2.94079,39.8831,0.24672,residential,False,0.36959,False,242.789,212.975,208.776,156.239,189.594,318.192,417.614,0.177283,0.0429511,0.25721,-0.133485,0.00528811,0.116298,0.18471,0.138773,0.744041
12102,12,1412.82,1412.82,165.967,5.11179,35.1542,0.580057,residential,False,-0.105556,False,466.798,259.069,76.8937,58.0845,111.492,166.368,412.953,0.207853,0.0614079,0.203671,-0.0776529,0.0462689,0.0947792,0.239092,0.123922,0.578052
12103,12,1396,1396,209.724,5.34579,36.1769,0.528753,residential,False,0.104513,False,561.542,289.706,113.715,29.8523,106.607,278.124,665.476,0.209032,0.064305,0.173014,-0.0102471,0.094944,0.0848196,0.286979,0.105191,0.640886
12104,12,1672,1672,256.737,5.54805,36.323,0.443009,residential,False,0.0383056,False,224.185,196.248,223.078,91.523,248.95,99.8631,293.507,0.178057,0.0830959,0.193259,-0.0222346,0.107585,0.122029,0.227053,0.129819,0.625128
12105,12,1782,1782,236.032,5.46397,35.4617,0.508354,residential,False,-0.538125,False,260.74,248.473,72.5261,45.783,86.3416,219.235,163.384,0.174841,0.0487932,0.116671,0.145226,0.274315,0.0973394,0.339399,0.129089,0.581704
12106,12,1965.01,1965.01,190.57,5.25002,37.1255,0.432775,residential,False,-0.443696,False,116.07,158.791,202.542,79.2663,126.822,157.469,179.689,0.16465,0.057506,0.153697,0.105834,0.207643,0.0917878,0.332393,0.101809,0.646325
12107,12,1209.04,1209.04,181.642,5.20204,36.0482,0.515531,residential,False,-0.255349,False,361.395,201.079,314.573,67.1906,112.712,68.0937,253.971,0.250432,0.042423,0.211197,-0.209979,-0.0535663,0.0569951,0.194655,0.156413,0.684772
12108,12,1646.44,1646.44,228.393,5.43107,34.8042,0.524812,residential,False,0.146797,False,503.414,189.103,234.267,60.4017,153.994,196.237,366.872,0.234597,0.0471424,0.196325,-0.164349,-0.000796325,0.0668055,0.199767,0.163553,0.649058
12109,12,1572.53,1572.53,249.432,5.51919,34.7946,0.530505,residential,False,-0.282497,False,296.124,104.658,92.0917,49.7419,153.082,344.11,205.415,0.196865,0.0626473,0.17127,-0.0126243,0.0976103,0.076438,0.279073,0.110235,0.544572
12110,12,1695,1695,169.946,5.13548,35.2688,0.509181,residential,False,-0.116054,False,380.995,91.4605,198.497,94.3901,131.697,143.742,375.427,0.248103,0.0432393,0.191803,-0.128487,0.00413685,0.0648998,0.246519,0.132624,0.570907
12111,12,2030.98,2028,111.123,4.71064,38.938,0.3076,residential,False,0.179783,False,168.073,156.864,233.28,260.768,156.958,250.423,347.682,0.213791,0.0519311,0.138145,0.0992773,0.188051,0.103245,0.347969,0.0887742,0.654044
12112,12,1197,1197,167.709,5.12223,35.2215,0.503341,residential,False,0.174392,False,710.576,159.756,146.183,57.5428,157.957,124.505,699.468,0.23114,0.0449438,0.219904,-0.17175,-0.0160514,0.0834671,0.195827,0.155698,0.72895
12113,12,1283.98,1283.98,103.281,4.63746,35.6583,0.513924,residential,False,0.310932,False,403.642,204.727,257.969,92.0376,129.491,414.473,396.926,0.210007,0.0756098,0.231718,-0.175748,-0.0409934,0.0661612,0.199816,0.134754,0.69523
12114,12,1471,1471,164.551,5.10322,35.4749,0.601495,residential,False,0.224879,False,326.576,244.321,179.972,99.9079,125.212,501.532,305.506,0.271939,0.061188,0.190327,-0.226544,-0.0770509,0.0568686,0.178854,0.149493,0.598419
12115,12,1795,1795,229.382,5.43539,37.5659,0.517339,residential,False,-0.489352,False,179.973,78.4813,158.991,116.36,115.391,243.034,131.309,0.206957,0.0545734,0.138439,0.0518603,0.180682,0.092685,0.304572,0.128822,0.571168
12116,12,1868.99,1868.99,220.37,5.39531,36.3991,0.460878,residential,False,-0.459946,False,236.545,257.224,202.732,20.2962,162.852,145.187,117.687,0.183759,0.0435066,0.149765,0.0783164,0.199261,0.085704,0.326137,0.120945,0.620776
12117,12,1818.11,1812.11,167.224,5.11933,35.2387,0.492582,residential,False,-0.055278,False,198.783,164.196,88.7725,137.356,130.063,372.54,305.16,0.160132,0.0317146,0.198008,0.0378808,0.168933,0.118427,0.277594,0.131052,0.68251
12118,12,1747,1747,167.588,5.12151,35.6206,0.490468,residential,False,-0.0287775,False,234.337,331.96,71.752,90.1912,202.838,251.59,182.745,0.177865,0.0515601,0.17477,0.0106828,0.15925,0.0749404,0.288377,0.148568,0.58367
12119,12,1423,1423,282.946,5.64526,36.22,0.458534,residential,False,-0.677404,False,243.899,73.6465,253.64,6.90318,134.924,163.411,274.153,0.184892,0.046904,0.155724,0.0384605,0.177562,0.0828854,0.296191,0.139101,0.63125
12120,12,1790,1790,239.304,5.47774,36.4977,0.400501,residential,False,-0.0948101,False,428.007,143.017,109.037,119.85,119.296,127.807,409.607,0.207671,0.0403615,0.130734,0.0928949,0.216005,0.0939712,0.337328,0.12311,0.616576
12121,12,1904,1904,155.745,5.04822,36.581,0.412382,residential,False,0.233098,False,294.114,322.903,248.907,120.698,228.719,238.594,146.586,0.208031,0.051052,0.151773,0.0500145,0.162054,0.0942901,0.315528,0.11204,0.584286
12122,12,1876.75,1876.75,224.212,5.41259,36.1127,0.439133,residential,False,-0.190707,False,181.871,225.946,44.9331,149.116,121.734,278.328,295.156,0.168127,0.0410832,0.153806,0.111396,0.244323,0.0758348,0.357494,0.132927,0.651005
12123,12,1968.29,1968.29,224.648,5.41453,35.8013,0.54527,residential,False,0.0859655,False,501.585,117.735,246.216,116.071,122.418,281.72,268.642,0.209179,0.0617006,0.16226,0.0290771,0.141167,0.0706002,0.329916,0.11209,0.601701
12124,12,2110.75,2110.75,361.519,5.89031,37.0948,0.474432,residential,False,-0.0276227,False,428.6,142.564,462.903,72.6879,93.0121,285.382,224.541,0.218139,0.0679707,0.104218,0.123991,0.232203,0.090067,0.356281,0.108212,0.607222
12125,12,1820.88,1820.88,248.306,5.51466,38.2153,0.361437,residential,False,-0.365261,False,293.642,28.1132,490.319,15.4443,159.649,315.141,327.124,0.150792,0.060684,0.115484,0.240149,0.338897,0.0979399,0.408486,0.0987476,0.622881
12126,12,1940.57,1940.57,133.519,4.89425,37.9168,0.337574,residential,False,0.0972882,False,237.187,340.24,178.51,187.566,144.229,237.435,173.598,0.176385,0.058309,0.170554,0.0641399,0.174927,0.0947522,0.316327,0.110787,0.654717
12127,12,1823.33,1643.33,340.868,5.8315,37.3106,0.444473,residential,False,0.00130648,False,229.062,343.938,359.007,138.32,120.271,125.574,209.381,0.210126,0.0526795,0.156179,0.0326031,0.160471,0.090466,0.308443,0.127868,0.63907
12128,12,1424,1424,293.595,5.6822,36.4084,0.40123,residential,False,0.0103812,False,295.342,127.755,206.219,96.2998,174.651,209.259,275.469,0.249254,0.0416486,0.15065,-0.0352248,0.0661119,0.091826,0.272854,0.101337,0.615067
12129,12,2109.1,2109.1,219.177,5.38988,36.6557,0.531415,residential,False,-0.190098,False,235.333,132.528,203.362,71.2278,97.8126,413.706,235.226,0.204819,0.0671256,0.189329,-0.0722892,0.0688468,0.0585198,0.263339,0.141136,0.533273
12201,12,1768,1768,130.959,4.87489,35.8258,0.571805,residential,False,0.394776,False,393.56,415.909,328.212,252.442,130.152,147.988,314.444,0.257851,0.0552178,0.216369,-0.246222,-0.100725,0.0787194,0.149278,0.145498,0.673929
12202,12,1574.65,1574.65,97.1635,4.5764,36.8539,0.529224,residential,False,0.485161,False,558.89,121.894,306.596,158.009,206.606,590.211,215.765,0.231293,0.0489796,0.234014,-0.219048,-0.0585034,0.0802721,0.165986,0.160544,0.70339
12203,12,1524.85,1524.85,56.1369,4.02779,33.2935,0.554259,residential,False,1.20872,False,676.701,235.593,351.505,337.382,297.471,698.319,584.8,0.168077,0.0362757,0.34341,-0.297461,-0.158404,0.1052,0.108827,0.139057,0.775623
12204,12,1506.73,1506.73,66.4363,4.19624,34.0373,0.519648,residential,False,0.628996,False,438.9,277.293,312.127,194.01,259.167,243.291,312.12,0.171493,0.0498214,0.29524,-0.190501,-0.0553445,0.103298,0.172935,0.135157,0.76346
12205,12,1746.94,1746.94,59.1577,4.08021,35.2664,0.435833,residential,False,0.943034,False,836.985,466.631,168.953,234.142,233.925,387.145,449.944,0.195727,0.0373652,0.263223,-0.153696,-0.025251,0.125681,0.179572,0.128445,0.652572
12206,12,1604.5,1594.5,30.9206,3.43142,36.4975,0.351168,residential,False,1.58154,False,1013.49,641.836,428.033,294.545,300.98,802.218,728.807,0.176387,0.0583215,0.253201,-0.128023,-0.0142248,0.122333,0.179232,0.113798,0.75
12207,12,1877.71,1856.75,165.911,5.11145,35.9308,0.501106,residential,False,0.161422,False,868.671,274.858,511.911,27.388,122.327,169.222,302.086,0.256638,0.060616,0.242904,-0.263704,-0.115991,0.0580382,0.1778,0.147712,0.586478
12208,12,1630.6,1624.6,224.391,5.41339,34.9249,0.611109,residential,False,-0.240107,False,740.235,127.324,229.832,86.5237,104.931,179.483,109.867,0.32154,0.0742411,0.175639,-0.27425,-0.125943,0.0471981,0.17573,0.148308,0.579401
12209,12,2167.05,2167.05,146.927,4.98994,36.6778,0.413816,residential,False,0.171433,False,630.951,233.086,290.094,178.622,160.169,132.785,149.436,0.216099,0.0523911,0.180142,-0.0755603,0.065541,0.0697238,0.250957,0.141101,0.626149
12210,12,1736.86,1736.86,90.5186,4.50556,37.3491,0.354052,residential,False,0.234464,False,536.316,570.446,73.6368,75.8983,135.407,419.423,231.923,0.253413,0.0543801,0.231836,-0.238587,-0.109171,0.0632741,0.183388,0.129416,0.639316
12211,12,1528.32,1528.29,164.201,5.10109,36.1647,0.493456,residential,False,0.373053,False,729.688,291.287,86.3291,123.21,104.284,327.461,649.288,0.21792,0.0507437,0.248502,-0.239207,-0.076584,0.0552762,0.171939,0.162623,0.695899
12212,12,1797.63,1797.63,214.702,5.36925,34.4881,0.539807,residential,False,-0.110042,False,300.126,197.615,89.4749,31.2696,311.692,145.887,245.009,0.234441,0.0498305,0.251169,-0.268929,-0.102704,0.0656736,0.151008,0.166224,0.671213
12213,12,1721,1721,189.568,5.24475,37.5373,0.486717,residential,False,0.524877,False,534.164,458.235,172.962,260.375,133.493,260.597,343.44,0.249963,0.0699185,0.210022,-0.214947,-0.0776907,0.0737483,0.171289,0.137257,0.67268
12214,12,1442.62,1442.62,108.428,4.68609,37.4182,0.512229,residential,False,0.550506,False,664.109,351.811,198.397,154.458,107.13,287.62,671.712,0.298938,0.0440061,0.23824,-0.333839,-0.218513,0.0485584,0.15478,0.115326,0.681633
12215,12,1657.88,1657.88,270.897,5.60174,35.3976,0.457635,residential,False,-0.193055,False,133.172,134.687,109.3,103.892,233.462,311.935,145.247,0.288762,0.0483642,0.221906,-0.300142,-0.157895,0.0654339,0.145092,0.142248,0.683224
12216,12,2126.6,2126.57,298.319,5.69816,36.6829,0.381324,residential,False,-0.356825,False,426.278,78.7337,225.613,137.675,97.343,146.313,154.251,0.202576,0.0565986,0.161525,0.00537144,0.133234,0.094392,0.27508,0.127863,0.62935
12217,12,1907.01,1907.01,129.672,4.86501,37.3471,0.43068,residential,False,-0.0594139,False,223.773,193.976,145.333,97.4674,244.265,130.106,205.64,0.25436,0.059593,0.156977,-0.0886628,0.0319767,0.0988372,0.223837,0.12064,0.637112
12218,12,2195.13,2059.13,134.36,4.90052,37.375,0.343705,residential,False,0.236408,False,215.682,233.746,337.628,315.836,137.953,296.572,185.781,0.221828,0.0539487,0.191139,-0.0997884,0.0479593,0.078111,0.235068,0.147748,0.538565
12219,12,1931.22,1931.22,137.621,4.92451,35.1824,0.557802,residential,False,0.156189,False,322.354,195.739,76.9117,170.076,136.075,687.989,223.944,0.198341,0.0481309,0.217699,-0.113075,0.0437801,0.0698789,0.233086,0.156855,0.667178
12220,12,2697.08,2697.08,449.763,6.10872,36.0281,0.454372,residential,False,-0.0703307,False,415.91,47.1113,90.4044,96.0518,174.874,382.057,344.09,0.207156,0.0967832,0.110348,0.0997608,0.191887,0.0722757,0.344989,0.092126,0.507048
12221,12,2072.72,2072.72,250.003,5.52147,35.9864,0.462275,residential,False,-0.0899845,False,144.181,126.127,141.635,166.569,153.062,337.53,235.758,0.290859,0.0512465,0.186981,-0.210526,-0.0844875,0.0831025,0.184211,0.126039,0.670653
12222,12,2383.29,2383.29,122.826,4.81077,37.633,0.364367,residential,False,-0.502895,False,93.7653,272.028,154.565,302.812,64.5124,359.493,67.5692,0.175693,0.0547264,0.175267,0.0319829,0.159488,0.0659559,0.316986,0.127505,0.585424
12223,12,1892.36,1589.36,50.2464,3.91694,34.3533,0.427765,residential,False,1.88243,False,609.294,1211.08,499.309,535.074,361.673,541.751,1441.91,0.210244,0.0385752,0.288185,-0.305083,-0.127975,0.0756261,0.11772,0.177107,0.807347
12224,12,517.753,517.753,38.0375,3.63857,36.918,0.57873,residential,False,1.10614,False,582.028,1400.43,293.784,64.8779,150.643,453.788,1418.6,0.23984,0.056055,0.237037,-0.251461,-0.0843901,0.0550637,0.170352,0.167071,0.688531
12225,12,1653.25,1653.24,97.4694,4.57954,36.3125,0.539923,residential,False,0.858552,False,801.795,510.971,350.189,361.377,176.359,398.327,207.775,0.203463,0.0519481,0.261183,-0.20202,-0.0505051,0.10101,0.161616,0.151515,0.674952
12226,12,1632.61,1632.61,160.666,5.07933,35.2419,0.481461,residential,False,-0.0775467,False,346.458,171.319,100.325,116.658,144.61,190.84,261.285,0.231198,0.0501393,0.254875,-0.233983,-0.091922,0.0738162,0.178273,0.142061,0.699234
12227,12,2425.72,2425.72,307.441,5.72828,35.7631,0.441976,residential,False,-0.221817,False,118.217,115.412,254.064,110.413,113.37,408.903,211.271,0.217941,0.048118,0.14309,0.0291236,0.144335,0.0768722,0.313283,0.115211,0.565223
12228,12,1200,1200,103.807,4.64253,34.6341,0.539601,residential,False,-0.010869,False,222.058,222.519,217.767,98.4636,130.042,218.667,288.466,0.213623,0.0339789,0.276877,-0.256645,-0.113174,0.102899,0.130955,0.143472,0.803613
12229,12,1622.01,1622.01,81.349,4.39875,39.3937,0.247569,residential,False,0.471259,False,314.225,334.332,195.887,206.595,204.691,331.922,260.38,0.205382,0.0339943,0.254958,-0.154391,-0.0254958,0.082153,0.223796,0.128895,0.685308
12301,12,1263.03,1263,43.2966,3.76808,33.6361,0.567875,residential,False,0.629771,False,1155.83,254.445,113.623,278.419,169.912,306.146,344.884,0.153121,0.0117786,0.372203,-0.28033,-0.137809,0.160188,0.0848057,0.142521,0.867617
12302,12,1225.55,1225.55,42.5421,3.7505,33.5507,0.586285,residential,False,0.789177,False,1070.57,350.223,114.284,233.636,218.781,342.899,385.578,0.178523,0.0308725,0.330201,-0.302013,-0.150336,0.118121,0.0885906,0.151678,0.833883
12303,12,1392.91,1392.91,21.5587,3.07078,32.8639,0.615035,residential,False,1.52487,False,868.552,549.49,311.289,600.977,424.138,546.811,454.328,0.208428,0.0455581,0.292711,-0.308656,-0.144647,0.0888383,0.103645,0.164009,0.8191
12304,12,1427.47,1071.48,29.513,3.38483,30.5815,0.633133,residential,False,0.817122,False,365.189,271.824,140.278,258.183,334.128,329.922,587.739,0.104666,0.0151324,0.409836,-0.269861,-0.121059,0.161412,0.0832282,0.148802,0.757089
12305,12,1318.08,995.327,39.4827,3.67586,32.6084,0.575715,residential,False,0.917415,False,738.272,688.827,77.6436,230.703,208.982,368.764,669.241,0.183099,0.0223005,0.361502,-0.33216,-0.187793,0.137324,0.0751174,0.144366,0.833333
12306,12,1366.6,1366.6,46.6478,3.84263,33.1556,0.605363,residential,False,1.0426,False,244.175,329.309,314.617,562.851,398.087,529.661,316.681,0.144766,0.018931,0.327394,-0.226058,-0.0712695,0.153675,0.0924276,0.154788,0.82938
12307,12,1169.47,1169.47,43.1145,3.76386,32.8166,0.584666,residential,False,0.997937,False,510.44,527.055,96.8682,221.568,374.783,327.611,653.132,0.140665,0.0268542,0.361893,-0.268542,-0.116368,0.132992,0.101023,0.152174,0.860566
12308,12,1389.58,1389.58,52.1879,3.95485,33.5334,0.615668,residential,False,0.647221,False,358.231,179.885,767.683,162.758,377.484,260.473,193.461,0.110067,0.0201342,0.371812,-0.242953,-0.061745,0.127517,0.111409,0.181208,0.735465
12309,12,1427.46,1427.46,49.4459,3.90088,32.5697,0.597411,residential,False,0.924237,False,374.03,375.85,996.021,282.017,183.148,411.395,372.001,0.145433,0.0276442,0.33774,-0.241587,-0.0901442,0.137019,0.104567,0.151442,0.799616
12310,12,1361.19,1161.97,30.8196,3.42815,30.5733,0.589271,residential,False,1.20997,False,592.469,366.039,316.968,615.826,151.877,769.121,803.672,0.155646,0.0203459,0.349949,-0.260427,-0.155646,0.156663,0.0885046,0.104781,0.883905
12311,12,1329.39,1329.39,41.7264,3.73113,33.1601,0.566466,residential,False,1.01382,False,378.582,399.254,231.936,265.128,314.802,539.975,483.394,0.16087,0.0173913,0.325,-0.284783,-0.116304,0.121739,0.0793478,0.168478,0.872881
12312,12,1414.2,1414.2,46.1772,3.83249,32.7916,0.562208,residential,False,1.17825,False,546.835,393.579,191.886,315.651,197.769,928.806,907.582,0.159292,0.0221239,0.361726,-0.29646,-0.155973,0.138274,0.0862832,0.140487,0.831358
12313,12,1421.75,1421.75,41.4591,3.72471,30.999,0.626256,residential,False,0.997879,False,409.452,484.99,320.077,337.966,161.166,1145.55,357.809,0.127546,0.0203644,0.385852,-0.297964,-0.145766,0.139335,0.0760986,0.152197,0.847885
12314,12,1477.64,1477.64,164.818,5.10484,33.6271,0.456366,residential,False,0.0504735,False,223.798,118.861,71.2894,123.9,250.129,195.922,446.029,0.134045,0.0450771,0.322657,-0.208778,-0.0427046,0.11032,0.137604,0.166074,0.794419
12315,12,1561.63,1561.63,42.3342,3.74559,31.4495,0.611081,residential,False,0.631322,False,309.346,211.87,291.21,341.542,199.473,744.451,214.275,0.152989,0.0253293,0.363728,-0.295846,-0.147923,0.135765,0.0851064,0.147923,0.844068
12316,12,1179.08,1179.08,213.412,5.36322,36.712,0.307939,residential,False,-0.361914,False,76.8977,287.284,231.25,223.495,131.853,66.9428,184.614,0.183639,0.0400668,0.193656,-0.0517529,0.115192,0.145242,0.180301,0.166945,0.761062
12317,12,1692.07,1692.07,32.1123,3.46924,38.8793,0.275684,residential,False,0.427206,False,282.541,246.177,210.86,190.507,297.389,273.687,206.646,0.139687,0.0313316,0.291123,-0.163185,0.0248042,0.133159,0.134465,0.18799,0.753906
12318,12,1497,1497,44.6432,3.7987,31.2466,0.633945,residential,False,1.10494,False,853.068,263.294,192.013,378.596,294.07,364.812,680.841,0.119,0.018,0.396,-0.27,-0.15,0.136,0.109,0.12,0.860803
12319,12,2049.09,2043.09,178.161,5.18269,34.2903,0.526827,residential,False,-1.16443,False,153.665,20.2279,88.6834,38.6992,80.8207,440.053,87.542,0.240772,0.0446199,0.232538,-0.245337,-0.0713435,0.0534121,0.17456,0.173993,0.625393
12320,12,1615.92,1615.92,224.255,5.41278,35.4645,0.502005,residential,False,-0.154108,False,200.669,86.7253,168.475,69.5593,261.666,171.265,243.586,0.235424,0.0759636,0.196911,-0.17054,-0.024401,0.0579383,0.203857,0.146138,0.621408
12321,12,1185.43,1185.43,189.901,5.2465,35.1432,0.450253,residential,False,0.356607,False,379.218,476.73,237.718,69.0448,157.413,289.855,326.939,0.243462,0.0439988,0.214798,-0.201378,-0.0594441,0.0903234,0.166559,0.141934,0.722485
12322,12,1799.43,1799.43,146.253,4.98534,35.0839,0.592236,residential,False,0.463213,False,748.402,522.628,148.876,50.6482,159.374,305.99,421.602,0.25202,0.0608603,0.194555,-0.18032,-0.0469343,0.0853623,0.180892,0.133386,0.701169
12323,12,1471.48,1471.48,57.2531,4.04748,32.9904,0.552851,residential,False,1.23201,False,1550.57,226.108,200.498,236.731,202.584,532.952,1371.6,0.148751,0.0228013,0.356135,-0.30076,-0.143322,0.130293,0.0738328,0.157438,0.869159
12324,12,313.63,188.63,19.7763,2.98449,33.2924,0.607608,residential,False,2.20501,False,1319.28,973.558,459.998,911.191,364.01,1257.61,1223.56,0.219453,0.0531546,0.243122,-0.261129,-0.0694789,0.0852324,0.116215,0.19165,0.7581
12325,12,1216.78,1216.78,152.899,5.02978,33.0806,0.471787,residential,False,0.458901,False,482.98,117.293,100.975,203.663,272.836,217.091,588.303,0.145644,0.0247074,0.338101,-0.227568,-0.0546164,0.120936,0.135241,0.172952,0.789687
12326,12,1293,1293,46.0391,3.82949,32.9869,0.598576,residential,False,1.02521,False,256.398,412.441,321.014,469.494,540.326,273.142,289.864,0.164835,0.0197802,0.325275,-0.238462,-0.089011,0.146154,0.105495,0.149451,0.862101
12327,12,1257.2,1257.2,38.2244,3.64347,33.5487,0.577751,residential,False,0.930418,False,747.843,498.923,86.6345,368.25,316.902,225.504,493.169,0.18011,0.0209945,0.369061,-0.342541,-0.21105,0.139227,0.0674033,0.131492,0.865911
12328,12,827.851,727.851,41.6672,3.72972,32.9675,0.596461,residential,False,0.873916,False,493.706,299.248,199.188,460.393,209.784,351.222,538.716,0.131295,0.0233813,0.384892,-0.311151,-0.178058,0.122302,0.0827338,0.133094,0.824225
12329,12,1319.84,1319.84,150.232,5.01218,34.5687,0.582299,residential,False,0.129504,False,439.99,176.342,124.678,103.859,265.659,110.868,295.288,0.274281,0.0589305,0.182813,-0.193899,-0.0666989,0.0612976,0.201897,0.1272,0.643154
12330,12,1388.78,1388.78,230.301,5.43939,35.0305,0.425701,residential,False,0.217845,False,244.928,148.038,244.795,185.501,295.091,114.06,287.981,0.154306,0.0430622,0.232057,-0.0430622,0.0885167,0.181818,0.161483,0.131579,0.795476
12401,12,1251.65,1251.65,68.0097,4.21965,35.3291,0.520116,residential,False,0.526981,False,258.044,216.14,347.363,168.192,151.65,511.83,483.831,0.196825,0.0507937,0.290476,-0.233333,-0.084127,0.107937,0.146032,0.149206,0.684887
12402,12,1485.74,1485.74,54.901,4.00553,34.2278,0.470393,residential,False,0.175273,False,194.667,213.401,344.867,273.486,129.671,324.579,187.988,0.150873,0.0249377,0.238155,-0.0822943,0.0822943,0.140898,0.165835,0.164589,0.757263
12403,12,1659.64,1659.63,70.2102,4.25149,33.8423,0.501312,residential,False,-0.24457,False,186.083,254.28,89.7565,76.8406,153.297,309.261,139.334,0.180328,0.0278689,0.290164,-0.227869,-0.0393443,0.118033,0.12459,0.188525,0.730815
12404,12,1981.6,1981.6,280.692,5.63726,34.4644,0.484284,residential,False,-0.399465,False,135.564,430.753,179.988,24.6748,100.318,487.358,111.435,0.252077,0.0796753,0.181312,-0.178884,-0.035861,0.0368784,0.217627,0.143023,0.519266
12405,12,1888.64,1888.64,261.708,5.56723,33.9086,0.482408,residential,False,-0.488682,False,161.066,93.4644,138.259,38.9253,187.147,163.734,199.702,0.288233,0.0573488,0.162563,-0.147072,-0.0372355,0.0427658,0.260958,0.109837,0.592927
12406,12,1417,1417,160.104,5.07582,34.9242,0.399021,residential,False,-0.358903,False,88.4871,180.875,101.601,166.791,117.635,207.546,236.26,0.137037,0.0419753,0.277778,-0.12716,0.0222222,0.149383,0.138272,0.149383,0.736224
12407,12,1405,1404.94,81.9359,4.40594,33.3328,0.521855,residential,False,0.72946,False,793.672,264.682,89.7915,246.163,145.82,569.772,657.928,0.18328,0.0192926,0.28403,-0.203644,-0.0353698,0.14791,0.115756,0.168274,0.857273
12408,12,1896.01,1868.19,56.1265,4.02761,33.1408,0.563575,residential,False,0.566071,False,694.334,268.491,98.1751,155.266,273.347,169.979,517.127,0.129967,0.044702,0.254139,-0.0778146,0.0910596,0.153974,0.152318,0.168874,0.79751
12409,12,1202.93,1188.99,71.3737,4.26793,35.5216,0.450192,residential,False,0.141785,False,700.698,197.94,245.434,98.4158,125.941,262.418,190.996,0.218841,0.0396272,0.323813,-0.36181,-0.222875,0.0753869,0.105457,0.138935,0.767365
12410,12,1266.85,1263.86,91.6026,4.51746,34.9706,0.504985,residential,False,0.124946,False,532.931,418.275,63.5027,116.207,132.839,468.222,145.699,0.241271,0.051151,0.30665,-0.359162,-0.218245,0.0788541,0.109905,0.140918,0.730195
12411,12,1703.56,1695.94,40.4953,3.70119,36.3867,0.424376,residential,False,0.255538,False,482.378,292.469,216.477,227.622,131.67,177.099,236.703,0.211594,0.0565217,0.305797,-0.317391,-0.168116,0.0608696,0.13913,0.149275,0.681202
12412,12,1469.12,1469.03,93.0228,4.53284,33.3715,0.532226,residential,False,0.224595,False,389.889,203.582,103.157,69.5808,213.991,179.052,599.678,0.183957,0.0320856,0.263102,-0.173262,-0.0235294,0.135829,0.137968,0.149733,0.814014
12413,12,1569.93,1569.81,62.6176,4.13705,33.4608,0.559374,residential,False,0.930248,False,380.125,631.06,128.568,303.983,206.449,547.975,575.27,0.165644,0.0306748,0.377301,-0.332311,-0.195297,0.128834,0.0817996,0.137014,0.824313
12414,12,1395.92,1395.92,56.7716,4.03904,34.5739,0.499399,residential,False,0.697045,False,673.895,413.497,72.0919,416.274,174.318,306.962,464.322,0.161916,0.0239453,0.279361,-0.175599,0,0.166477,0.0992018,0.175599,0.815018
12415,12,1667.84,1667.84,270.573,5.60054,37.0185,0.326258,residential,False,-0.212922,False,119.635,479.26,74.4954,97.1749,108.51,312.221,216.419,0.183603,0.0369515,0.192841,-0.02194,0.123557,0.155889,0.198614,0.145497,0.780466
12416,12,1410.3,1410.3,124.718,4.82605,33.9373,0.584127,residential,False,-0.0675428,False,388.489,76.2258,143.611,89.2425,151.954,132.858,580.328,0.261273,0.0464191,0.198939,-0.242706,-0.0795756,0.0782493,0.139257,0.16313,0.726345
12417,12,1409.3,1409.3,69.035,4.23461,33.6983,0.538996,residential,False,0.335741,False,335.819,231.96,93.3473,169.259,165.216,333.073,483.997,0.134091,0.0340909,0.320455,-0.210227,-0.0284091,0.1375,0.106818,0.181818,0.770095
12418,12,1521.8,1521.8,105.767,4.66124,34.9029,0.51168,residential,False,-0.350642,False,222.295,125.932,159.643,87.841,120.352,99.3088,321.313,0.210435,0.0556522,0.252174,-0.17913,-0.0486957,0.0730435,0.210435,0.130435,0.578895
12419,12,1595.25,1595.25,59.8718,4.09221,36.4445,0.45037,residential,False,0.349423,False,291.23,325.649,316.062,154.949,196.157,184.974,266.861,0.19603,0.0372208,0.287841,-0.243176,-0.0918114,0.0955335,0.145161,0.151365,0.745223
12420,12,1410.53,1410.53,95.7477,4.56172,34.1476,0.559056,residential,False,0.22108,False,364.694,374.794,153.689,158.871,133.83,154.265,372.513,0.28635,0.0489614,0.224036,-0.320475,-0.170623,0.0623145,0.127596,0.149852,0.713243
12421,12,1400.04,1388.13,44.0135,3.7845,35.3973,0.473679,residential,False,0.298106,False,327.688,157.626,104.072,146.277,264.638,199.627,454.79,0.22958,0.0333004,0.298234,-0.295458,-0.168748,0.109479,0.122878,0.126709,0.775352
12422,12,1887.02,1887.02,35.2518,3.56252,40.036,0.204536,residential,False,0.326572,False,357.327,226.227,343.232,118.241,126.398,375.945,338.441,0.221753,0.044497,0.256906,-0.230132,-0.0870116,0.103874,0.144654,0.14312,0.700533
12423,12,1652.97,1652.97,48.0898,3.87307,39.1223,0.249542,residential,False,-0.0208037,False,274.96,326.363,100.3,150.56,159.007,93.3837,309.918,0.246657,0.0475483,0.190193,-0.135215,-0.0282318,0.123328,0.178306,0.106984,0.698969
12424,12,1562.4,1562.4,36.6517,3.60146,33.3139,0.699535,residential,False,0.293137,False,61.5436,192.519,363.19,179.563,280.133,290.245,393.952,0.26742,0.047081,0.216573,-0.284369,-0.129944,0.0734463,0.126177,0.154426,0.552738
12425,12,1368.93,1368.93,131.261,4.87719,35.4504,0.427008,residential,False,-0.245861,False,186.928,288.518,83.9806,112.053,104.474,237.136,220.672,0.1824,0.0432,0.1904,-0.0832,0.12,0.1104,0.1792,0.2032,0.67773
12426,12,1205.9,1205.9,125.328,4.83093,34.1567,0.476702,residential,False,-0.398988,False,498.064,106.564,73.5684,29.0295,162.27,307.225,136.116,0.114883,0.0365535,0.276762,-0.0678851,0.105744,0.134465,0.189295,0.173629,0.796488
12427,12,1455,1455,149.582,5.00784,35.6739,0.441351,residential,False,-0.359062,False,143.026,187.854,162.431,150.983,118.435,164.511,145.995,0.196347,0.0304414,0.249619,-0.196347,-0.021309,0.105023,0.144597,0.175038,0.662698
12428,12,1887.37,1887.37,97.0907,4.57565,31.7037,0.60465,residential,False,0.0617218,False,186.17,281.154,118.706,102.274,216.069,337.905,174.316,0.241744,0.0422721,0.250991,-0.233818,-0.114927,0.109643,0.149273,0.11889,0.691547
12429,12,1671.02,1671.02,211.206,5.35283,36.0498,0.483318,residential,False,-0.00180706,False,159.566,175.986,183.74,149.561,124.347,198.854,460.808,0.216509,0.0405954,0.221922,-0.163735,-0.00811908,0.128552,0.146143,0.155616,0.724539
12430,12,1566.22,1566.22,169.356,5.132,34.406,0.525328,residential,False,-0.042727,False,280.05,163.169,136.845,118.773,129.603,124.28,511.944,0.238162,0.0389972,0.220056,-0.206128,-0.0389972,0.0710306,0.181058,0.167131,0.660567
12501,12,959,959,30.8746,3.42993,32.7418,0.585315,residential,False,1.66623,False,1059.54,407.429,668.147,368.53,459.218,334.38,1025.8,0.195688,0.0149254,0.333333,-0.271973,-0.144279,0.160862,0.0961857,0.127695,0.849162
12502,12,1281.01,1233.01,24.6981,3.20673,34.2999,0.54503,residential,False,2.03737,False,1216.43,807.648,500.906,881.369,297.856,1088,1124.59,0.255754,0.0434783,0.319693,-0.387468,-0.283887,0.0971867,0.0907928,0.103581,0.79598
12503,12,1274.21,1186.77,51.8789,3.94891,33.5849,0.61382,residential,False,0.778522,False,635.094,305.37,125.935,358.777,160.513,414.603,601.502,0.236478,0.0289308,0.27673,-0.295597,-0.161006,0.124528,0.0930818,0.134591,0.786837
12504,12,1778.54,1778.51,259.954,5.5605,33.0148,0.568225,residential,False,0.268001,False,288.898,344.92,133.038,68.8846,192.066,286.071,405.912,0.303764,0.0607605,0.225296,-0.320629,-0.184479,0.0290214,0.179409,0.13615,0.581968
12505,12,1368.78,1368.78,259.954,5.5605,34.4778,0.528186,residential,False,-0.299592,False,166.666,190.434,340.806,17.3574,143.14,273.081,224.714,0.273349,0.0319058,0.295046,-0.383444,-0.235654,0.0501678,0.134784,0.14779,0.685907
12506,12,1558.93,1543.96,158.906,5.06831,34.433,0.553926,residential,False,-0.39337,False,187.033,133.263,263.728,34.572,204.644,147.441,133.497,0.310978,0.0621413,0.249059,-0.379872,-0.257392,0.0451423,0.135022,0.122481,0.65634
12507,12,2314.04,2314.04,274.304,5.61424,34.3514,0.49408,residential,False,-0.421306,False,323.861,151.988,127.636,32.6842,121.994,122.908,283.249,0.25795,0.0714369,0.15475,-0.134579,-0.00160711,0.0469764,0.231145,0.132971,0.59089
12508,12,1319.25,1319.25,318.442,5.76344,33.7178,0.549183,residential,False,-0.46938,False,465.767,128.349,78.8941,29.2027,86.4802,236.245,280.407,0.306915,0.083884,0.19782,-0.277453,-0.17808,0.0431415,0.184141,0.0993729,0.530051
12509,12,1360.22,1360.22,53.0996,3.97217,39.1168,0.336613,residential,False,-0.485888,False,596.709,193.903,101.87,30.3554,67.1661,298.49,149.461,0.345131,0.0776763,0.139275,-0.240134,-0.12491,0.0374307,0.206842,0.115223,0.535201
12510,12,1983.47,1983.47,285.421,5.65396,32.8703,0.666936,residential,False,0.0184306,False,422.113,318.475,167.688,72.594,136.52,82.657,434.528,0.32034,0.0567159,0.149236,-0.177116,-0.0759987,0.0362573,0.256203,0.101117,0.537313
12511,12,1778.22,1778.22,214.949,5.3704,34.3081,0.498701,residential,False,-0.680069,False,127.997,193.275,163.953,24.3873,121.817,80.0309,255.712,0.322899,0.0502454,0.157198,-0.211334,-0.0816021,0.0504983,0.218265,0.129732,0.528697
12512,12,1683,1683,320.696,5.77049,33.4743,0.470179,residential,False,-0.132386,False,362.985,117.075,63.9837,52.0732,178.537,219.578,418.148,0.313778,0.0558015,0.195457,-0.250555,-0.147945,0.0501681,0.208512,0.10261,0.597136
12513,12,2090.27,2090.27,299.227,5.7012,33.1462,0.580655,residential,False,-0.592637,False,567.513,42.2748,186.202,1.80436,247.132,207.577,255.749,0.293332,0.0581311,0.155401,-0.182809,-0.0373334,0.0403065,0.225617,0.145476,0.516878
12514,12,1749.48,1749.48,162.773,5.09236,35.587,0.398622,residential,False,-0.327723,False,269.305,217.557,131.783,28.0025,126.955,173.805,279.328,0.273099,0.0539813,0.127026,-0.057283,0.0817838,0.0648724,0.27797,0.139067,0.494182
12515,12,1845.79,1845.79,321.626,5.77339,33.3305,0.584121,residential,False,-0.3802,False,493.567,90.0514,124.876,30.7924,120.163,131.682,370.894,0.338718,0.0517441,0.170687,-0.275561,-0.154007,0.0298409,0.204002,0.121554,0.549429
12516,12,1662.99,1662.99,342.518,5.83632,32.4599,0.57763,residential,False,-0.306812,False,367.6,124.851,161.195,86.9509,93.5357,101.558,364.94,0.278821,0.0748808,0.150738,-0.135831,-0.0184001,0.0317107,0.262018,0.117431,0.580473
12517,12,1545.77,1545.77,184.068,5.2153,35.0527,0.474066,residential,False,-0.0462154,False,359.265,271.215,390.918,16.6559,99.7312,344.591,337.226,0.257136,0.061975,0.18375,-0.1967,-0.0229227,0.0421644,0.202021,0.173778,0.596524
12518,12,1465.62,1465.62,138.878,4.9336,35.3008,0.470652,residential,False,-0.0500863,False,602.781,120.508,413.737,166.307,139.4,124.326,115.344,0.23521,0.0590046,0.234992,-0.249386,-0.0844033,0.0525383,0.168278,0.164983,0.607019
12519,12,1424.65,1424.65,169.778,5.13449,35.4294,0.575064,residential,False,0.222895,False,664.155,160.122,338.175,65.5987,99.2243,241.871,551.9,0.249411,0.0867206,0.224029,-0.253079,-0.100852,0.0329686,0.187392,0.152227,0.571718
12520,12,1828.61,1828.61,360.712,5.88808,32.6881,0.554577,residential,False,-0.0143767,False,257.391,394.617,133.502,51.9349,132.173,221.152,325.387,0.261639,0.0419241,0.184873,-0.160935,-0.0113756,0.0570853,0.228492,0.149559,0.492243
12521,12,1575.75,1575.75,94.0519,4.54385,34.7922,0.529333,residential,False,0.367901,False,583.841,139.911,383.898,71.2984,161.118,313.785,425.839,0.201869,0.0662919,0.278163,-0.238638,-0.109741,0.0715599,0.169833,0.128897,0.720211
12522,12,1990.73,1990.73,248.588,5.5158,35.0243,0.511701,residential,False,-0.282301,False,327.172,109,164.486,95.578,86.0858,244.961,249.72,0.220844,0.0737556,0.184063,-0.0769845,0.0570335,0.0348538,0.293069,0.134018,0.539646
12523,12,1653.63,1653.63,234.892,5.45913,33.8041,0.590964,residential,False,-0.368236,False,261.943,361.144,454.995,12.4692,145.702,83.9903,183.283,0.269582,0.0688621,0.160316,-0.146216,-0.0138485,0.0478469,0.235836,0.132368,0.547803
12524,12,2974.43,2974.43,346.129,5.84681,32.9667,0.577329,residential,False,0.539211,False,625.36,478.02,492.018,46.2911,217.848,227.973,284.764,0.289452,0.0701652,0.184615,-0.181036,-0.0707633,0.0275658,0.265465,0.110272,0.529232
12525,12,1410.12,1410.12,65.3677,4.18003,35.9045,0.497507,residential,False,0.277433,False,549.913,159.563,356.597,154.42,136.405,162.072,373.244,0.144578,0.0542169,0.353916,-0.245482,-0.118976,0.0963855,0.156627,0.126506,0.745556
12526,12,1863.1,1863.1,336.882,5.81973,34.2787,0.46858,residential,False,-0.00224853,False,597.719,326.686,675.949,55.1616,135.117,129.702,99.6223,0.293139,0.0977131,0.168948,-0.20242,-0.087132,0.0546945,0.204973,0.115288,0.608923
12527,12,1292.77,1292.77,44.3925,3.79307,33.1506,0.577102,residential,False,1.24109,False,788.854,340.142,355.889,452.599,214.939,491.981,763.416,0.188406,0.0277778,0.301932,-0.241546,-0.0881643,0.134058,0.114734,0.153382,0.818982
12528,12,1232,1232,233.423,5.45285,35.3362,0.374058,residential,False,-0.513195,False,191.843,191.099,103.569,57.3136,116.313,115.591,216.528,0.304636,0.0816777,0.163355,-0.205298,-0.0838852,0.0264901,0.236203,0.121413,0.558753
12601,12,596,569,24.7186,3.20756,30.0918,0.697346,residential,False,2.03452,False,1760.1,490.875,200.33,310.023,390.348,1742.28,2102.49,0.160212,0.0340856,0.303694,-0.217034,-0.0476319,0.160336,0.0865362,0.169402,0.721885
12602,12,1243.68,1243.68,42.9283,3.75953,31.0734,0.64294,residential,False,1.22076,False,493.985,413.316,123.603,264.788,584.712,325.141,806.866,0.0838184,0.00814901,0.444703,-0.263097,-0.139697,0.183935,0.0814901,0.123399,0.885128
12603,12,1256,1256,44.0229,3.78471,30.5307,0.647546,residential,False,1.49009,False,880.672,418.362,201.436,345.179,336.3,943.25,858.813,0.123021,0.0219245,0.380024,-0.238733,-0.11084,0.165652,0.0986602,0.127893,0.862928
12604,12,1342,1342,40.2086,3.69408,31.4353,0.686165,residential,False,1.55582,False,1060.52,609.606,154.857,1120.28,405.971,181.739,1084.88,0.097561,0.0150987,0.428571,-0.253194,-0.138211,0.210221,0.0627178,0.114983,0.837524
12605,12,1141.32,1141.32,36.3058,3.59198,31.5563,0.667139,residential,False,1.23023,False,521.59,452.277,216.184,551.682,359.961,360.345,585.61,0.102013,0.0187919,0.408054,-0.267114,-0.126174,0.162416,0.0805369,0.14094,0.852571
12606,12,1238,1238,38.3359,3.64639,29.5687,0.665988,residential,False,0.75667,False,372.406,130.087,122.577,450.527,211.94,675.395,658.77,0.0984394,0.0120048,0.433373,-0.286915,-0.160864,0.172869,0.0720288,0.12605,0.855102
12607,12,1227,1227,47.187,3.85412,31.0324,0.689668,residential,False,1.77305,False,1349.77,341.527,188.074,1475.6,392.534,413.863,1355.5,0.129838,0.0149813,0.389513,-0.269663,-0.15231,0.143571,0.106117,0.117353,0.820305
12608,12,1146,1146,36.4866,3.59695,32.2676,0.633994,residential,False,1.08686,False,781.567,351.938,128.639,901.597,158.763,434.235,813.015,0.0836551,0.018018,0.441441,-0.299871,-0.138996,0.155727,0.0694981,0.160875,0.838156
12609,12,1331,1331,39.5867,3.67849,32.2584,0.638255,residential,False,0.904681,False,467.916,435.408,126.089,564.283,229.409,296.932,549.51,0.126866,0.0223881,0.38806,-0.296375,-0.140725,0.141791,0.0767591,0.15565,0.884831
12610,12,1273.97,1270.97,33.7408,3.51871,29.1986,0.681047,residential,False,0.648961,False,278.937,216.505,87.6288,407.292,285.672,636.539,315.117,0.0954598,0.0174622,0.4156,-0.265425,-0.133877,0.175786,0.0698487,0.131548,0.867868
12611,12,1247.88,1247.88,43.6136,3.77537,30.9271,0.651869,residential,False,1.97776,False,1224.42,501.874,179.567,1307.29,438.65,853.605,1300.99,0.137546,0.023544,0.400248,-0.311029,-0.178439,0.142503,0.0842627,0.13259,0.825381
12612,12,1356.99,1356.99,36.4894,3.59702,30.0686,0.650553,residential,False,0.56878,False,231.251,297.843,216.233,351.264,162.608,331.077,506.268,0.108077,0.0193402,0.356086,-0.196815,-0.0432309,0.177474,0.0898749,0.153584,0.848369
12613,12,1392.68,1392.68,37.5076,3.62454,29.7686,0.672619,residential,False,0.81053,False,408.233,249.022,117.251,578.104,204.165,738.913,377.692,0.107561,0.0159744,0.406816,-0.268371,-0.140575,0.166134,0.0798722,0.127796,0.861848
12614,12,1078.48,1078.48,34.3719,3.53724,32.2039,0.59655,residential,False,0.468055,False,249.377,178.494,212.796,450.985,227.18,193.594,382.727,0.114123,0.0285307,0.329529,-0.166904,-0.0413695,0.17689,0.0998573,0.125535,0.831169
12615,12,1270.58,1270.58,47.4768,3.86024,32.4899,0.593812,residential,False,0.885674,False,365.945,383.088,246.085,595.221,137.138,655.528,482.543,0.138135,0.0106257,0.347107,-0.230224,-0.0731995,0.157025,0.0979929,0.157025,0.85259
12616,12,1318.52,1240.52,40.6618,3.70529,31.3066,0.614633,residential,False,1.39875,False,749.342,424.476,350.317,373.364,191.853,795.942,1174.21,0.118201,0.0240586,0.379707,-0.241632,-0.0993724,0.186192,0.0700837,0.142259,0.877049
12617,12,1029.23,1029.23,62.317,4.13223,32.6579,0.546411,residential,False,0.124066,False,195.032,264.029,202.619,389.371,156.819,142.009,209.628,0.118297,0.0347003,0.280757,-0.0788644,0.0867508,0.18612,0.134069,0.165615,0.836601
12618,12,1379.28,1379.28,55.6259,4.01865,32.5636,0.567644,residential,False,0.0867593,False,222.154,135.546,201.966,230.848,155.972,281.206,231.054,0.119951,0.0208078,0.304774,-0.133415,0.0367197,0.188494,0.102815,0.170135,0.807052
12619,12,1382.63,1376.63,38.0423,3.6387,31.2606,0.631267,residential,False,1.07938,False,544.096,220.446,267.715,448.839,421.815,262.055,566.582,0.138165,0.0260476,0.329558,-0.18573,-0.0464326,0.17214,0.109853,0.139298,0.859073
12620,12,1238.33,1238.33,40.8479,3.70986,31.1105,0.623533,residential,False,1.4103,False,946.127,322.425,663.33,710.265,202.389,356.113,963.531,0.124542,0.018315,0.365079,-0.239316,-0.0989011,0.156288,0.0940171,0.140415,0.852425
12621,12,1155.88,1155.88,47.8818,3.86874,32.4446,0.588749,residential,False,0.746548,False,424.068,183.846,448.292,598.93,250.536,166.057,378.234,0.0901857,0.0145889,0.342175,-0.132626,0.0278515,0.19496,0.104775,0.160477,0.834066
12622,12,1373.88,1373.87,45.9454,3.82745,31.4326,0.608312,residential,False,1.64606,False,1221.71,504.333,483.528,698.174,197.167,673.814,1086.26,0.105664,0.0250545,0.37037,-0.227669,-0.0610022,0.160131,0.0882353,0.166667,0.849403
12623,12,1085.18,1082.18,38.6865,3.65549,31.318,0.626375,residential,False,1.28349,False,597.225,242.767,503.959,635.614,480.012,243.557,513.742,0.111413,0.0244565,0.376359,-0.248641,-0.103261,0.150815,0.0883152,0.14538,0.875147
12624,12,1403.04,1403.04,56.8134,4.03977,33.5526,0.554561,residential,False,0.862876,False,878.066,261.97,150.13,288.461,278.856,446.242,316.679,0.149007,0.0275938,0.352097,-0.258278,-0.100442,0.14128,0.101545,0.157837,0.814387
12625,12,1304.11,1304.11,58.4461,4.0681,32.9737,0.5606,residential,False,1.43892,False,1272.06,476.233,181.273,255.593,307.787,702.132,887.796,0.162921,0.0337079,0.257303,-0.165169,0.0303371,0.117978,0.137079,0.195506,0.826446
12626,12,1457,1457,47.4562,3.85981,31.7637,0.604356,residential,False,0.425866,False,307.894,124.54,213.498,307.333,147.098,378.309,519.697,0.101087,0.0326087,0.358696,-0.195652,-0.0478261,0.157609,0.106522,0.147826,0.830493
12627,12,1263.06,1263.06,54.3407,3.99527,32.2305,0.594377,residential,False,0.247148,False,272.076,181.532,185.106,294.905,181.978,121.142,426.533,0.121011,0.0279255,0.300532,-0.081117,0.0558511,0.210106,0.130319,0.136968,0.824236
12628,12,847,844,46.0324,3.82934,30.3725,0.648726,residential,False,1.27837,False,501.383,296.557,199.461,199.76,485.95,526.171,1054.91,0.0842754,0.0283667,0.418832,-0.259338,-0.11489,0.14647,0.0972996,0.144448,0.849439
12629,12,804.66,804.659,52.4308,3.95949,31.1853,0.648303,residential,False,0.59139,False,628.745,199.794,177.73,209.958,218.556,149.749,682.317,0.124481,0.0186722,0.313278,-0.143154,0.033195,0.190871,0.103734,0.176349,0.806931
12630,12,1177.6,1177.6,56.3774,4.03207,31.7424,0.613223,residential,False,0.616381,False,388.787,335.181,118.551,344.259,231.423,244.039,412.258,0.101248,0.0208044,0.350902,-0.181692,-0.036061,0.156727,0.113731,0.145631,0.832569
12631,12,1153.82,1153.82,46.9531,3.84915,32.7474,0.599029,residential,False,0.292445,False,371.652,162.18,281.238,331.788,135.611,289.999,228.763,0.127632,0.0263158,0.364474,-0.225,-0.0763158,0.177632,0.0894737,0.148684,0.867347
